codigo;tipo_pessoa;cpf_cnpj;rg;orgao_expedidor;nome;apelido;telefone;endereco;complemento;bairro;cidade;uf;pais;cep;observacao
02236;PF;00766784231;00001084850;;ADRIANA DA SILVA FERRI;ADRIANA DA SILVA FERRI;6992428041;RODOVIA 24/KM:37/GB:12E/LT:17;;ZONA RURAL;0613;RO;Brasil;76928000;LIMITE 500.00
02278;PF;07350983875;17375516;;EDMILSON APARECIDO BARBOSA DA SILVA;EDMILSON APARECIDO BARBOSA DA SILVA;;RUA ADRIANO RODRIGUES DE ALMEIDA;CASA;PARQUE AMAZONIA;6552;RO;Brasil;76920000;POLICIA MILITAR
02272;PF;65201230210;000667653;;SANDRA VICENTE MACIEL;SANDRA VICENTE MACIEL;992731523;AFONSO PENA AO LADO LATICIO TRADICAO;;CENTRO;0613;RO;Brasil;76928000;OBS: ATUALIZAR CADASTRO
02253;PF;53508475204;000958346;;CLEONICE LUPIENES GOMES MARTINS;CLEONICE LUPIENES MARTINS;993572711;RUA LUIZ BORGES;;CENTRO;0613;RO;Brasil;76928000;OBS: ATUALIZAR CADASTRO LAVRADORA
02257;PF;92363105249;000967415;;GERALDA NUNES RODRIGUES DA SILVA;GERALDA NUNES RODRIGUES DA SILVA;092126684;RODOVIA 31/KM:28/2KM;;ZONA RURAL;0613;RO;Brasil;76928000;[CIVIL=CASADO(A)] DOMESTICA
02231;PF;65225872204;619520;;EDSON FERREIRA SOARES;EDSON FERREIRA SOARES;993085749;RODOVIA TN06 LT:475 GB:01;;ZONA RURAL;9653;RO;Brasil;76929000;NAO AUTORIZA NINGUEM OBS: ATUALIZAR CADASTRO LAVRADOR
02281;PF;83283056234;000881016;;CLEONICE DE ASSIS SOARES MAZARIM;CLEONICE DE ASSIS SOARES MAZARIM;;LINHA TN2 LOTE 620;;ZONA RURAL;9653;GO;Brasil;73929000;
02264;PF;95705490259;001036601;;ANDREIA SILVA FERRI;ANDREIA SILVA FERRI;6992395571;RODOVIA 24/ KM.37/ LT.17/ GB.12-E;;ZONA RURAL;0613;RO;Brasil;76928000;OBS: ATUALIZAR CADASTRO
02275;PF;00728703203;00001083826;;GRACIELE MACHADO DA SILVA;GRACIELE MACHADO DA SILVA;6992519249;LUIS BORGES N;;CENTRO;0613;RO;Brasil;78954000;[CIVIL=CASADO(A)] [OBS=FORMIGAO PAULISTA/TEIXEIRA CONFECCOES/TOK MOVEIS] SECRETARIA DO LAR
02241;PF;64023397253;654880;;KATIA CILENE DE ALMEIDA;KATIA CILENE DE ALMEIDA;6992383662;RODOVIA LH 24 DA 37 LOTE 16 GB 12 E;;CENTRO;0613;RO;Brasil;76928000;ATUALIZAR CADASTRO PROFESSORA
02237;PF;69889457253;731330;;ROSICLEIA DE OLIVEIRA FRATA;ROSICLEIA DE OLIVEIRA FRATA;092160994;SEBASTIAO CABRAL DE SOUZA N;;SETOR RODOVIARIO;6552;RO;Brasil;78950000;OBSERVACAO ATUALIZAR CADASTRO.
02269;PF;60058293272;590696;;DERCINEIDE TELES BARBOSA MORAIS;DERCINEIDE TELES BARBOSA MORAIS;6992125764;BELMIRO ARAUJO N;;CENTRO;0613;RO;Brasil;78954000;[OBS=CLIENTE PEDIU P/FICAR EM OBSERVACAO DEVIDO TER IDO EMBORA] OBSERVACAO ATUALIZAR CADASTRO TECNICA DE INFERMAGEM
02251;PF;84202416287;24292834;;VANDREZA REZENDE BARBOSA;VANDREZA REZENDE BARBOSA;6981187725;COM K2 N:972 CASA PROXIMO AO N;;BAIRRO DAS ROSAS;6547;RO;Brasil;76928000;[CIVIL=SOLTEIRO(A)] [OBS=ADVOGADA]
02280;PF;59499770259;0262105;;RAIMUNDO BATISTA DE MEDEIROS;RAIMUNDO BATISTA DE MEDEIROS;6992857552;RODOVIA 31 KM. 20 LT. 25 GB. 08-D;;ZONA RURAL;0613;RO;Brasil;76928000;OBSERVACAO ATUALIZAR CADASTRO. LAVRADOR
02245;PF;99203430210;001039421;;VALDIRENE PEREIRA FAGUNDES;VALDIRENE PEREIRA FAGUNDES;6992141791;RODOVIA 31/KM.16/GB.08-B/LT.36;;ZONA RURAL;0613;RO;Brasil;78954000;[CIVIL=CASADO(A)] [OBS=ADVOGADA] DO LAR
02271;PF;89476700220;000916164;;MARIA GRACIELA FRISSO SIMOES;MARIA GRACIELA FRISSO SIMOES;;RODOVIA 8/KM09/LT621/ESQUINA;;ZONA RURAL;0613;RO;Brasil;76928000;[CIVIL=CASADO(A)] LAVRADORA
02235;PF;67825931220;718356;;MARCOS ROBERTO;MARCOS ROBERTO;6992061913;RODOVIA 37/KM.24/LT.12/GB.12-E;;ZONA RURAL;0613;RO;Brasil;76928000;OBS: ATUALIZAR CADASTRO
02246;PF;42265517291;435479;;WANILTON DA SILVA;WANILTON DA SILVA;6992177378;RODOVIA 12/KM:22/GB:4A/LT:29;;ZONA RURAL;6552;RO;Brasil;78950000;OBS: ATUALIZAR CADASTRO LAVRADOR
02255;PF;90743458249;031902;;MARINALVA PEREIRA NEVES FERREIRA;MARINALVA PEREIRA NEVES FERREIRA;6992751141;RODOVIA 24/KM:22/LT:32/GB:4-D;;ZONA RURAL;0613;RO;Brasil;76928000;AUTORIZA A FILHA SABRINA NEVES FERREIRA A COMPRAR MATERIAL ESCOLAR.
02268;PF;68211112272;717462;;RENI DE AMORIM DE SOUZA;RENI DE AMORIM DE SOUZA;6992414990;DA 24/TRAVESSAO;;ZONA RURAL;0613;RO;Brasil;76928000;OBS: ATUALIZAR CADASTRO LAVRADORA
02266;PF;00050327259;;;JUCILENE VICENTE GODOI;JUCILENE VICENTE GODOI;092193091;;;CENTRO;0001;RO;Brasil;78960000;OBSERVACAO ATUALIZAR CADASTRO VENDEDOR
02243;PF;91870135253;000773187;;MARINI PEREIRA DE ALMEIDA;MARINI PEREIRA DE ALMEIDA;;RODOVIA 12/KM:31/GB:12A/LT:18;;ZONA RURAL;6552;RO;Brasil;78950000;[CIVIL=CASADO(A)] LAVRADORA
02230;PF;00796775257;00001118781;;ALEXSANDRO SENA BARBOSA DA SILVA;ALEXSANDRO SENA BARBOSA DA SILVA;992431823;LUIZ BORGES;;CENTRO;0613;RO;Brasil;76928000;CANCELADO MOTIVO DE MUITO ATRASO LABORATORIO
02240;PF;93005423204;448577;;AMERACY FERREIRA DE OLIVEIRA;AMERACY FERREIRA DE OLIVEIRA;;CURITIBA;;CENTRO;0613;RO;Brasil;76928000;OBS: ATUALIZAR CADASTRO DO LAR
02250;PF;73065447215;771414;;ROSIMERE ROSA DE SOUZA;ROSIMERE ROSA DE SOUZA;6992449890;RODOVIA 37/KM.32/LT.33/GB.12-G;;ZONA RURAL;0613;RO;Brasil;76928000;OBSERVACAO ATUALIZAR CADASTRO.
02270;PF;00908694270;001036602;;NOEMI DE OLIVEIRA CARVALHO;NOEMI DE OLIVEIRA CARVALHO;6992274298;RUA VO LUIZA;;CENTRO;0613;RO;Brasil;78954000;OBSERVACAO ATUALIZAR CADASTRO.
02233;PF;17440483120;028200;;JOAQUIM PEDRO DE FARIA;JOAQUIM PEDRO DE FARIA;;XAVIER BARBOSA;;GRILO;0613;RO;Brasil;76928000;OBSERVACAO ATUALIZAR CADASTRO APOSENTADO
02234;PF;97225231200;081387001;;ANTONIA APARECIDA PIMENTEL DE JESUS;ANTONIA APARECIDA PIMENTEL;;RODOVIA 24/KM:37/GB:12D/LT:27;;ZONA RURAL;0613;RO;Brasil;76928000;"OBS; ATUALIZAR CADASTRO LAVRADORA"
02274;PF;88513033200;00000944559;;JULIANA CONCEICAO DE OLIVEIRA;JULIANA CONCEICAO DE OLIVEIRA;092128610;AFONSO PENA/OFICINA;;CENTRO;0613;RO;Brasil;76928000;CANCELADO POR MOTIVO DE ATRASO. COBRANCA NASMARON ESTUDANTE
02276;PF;01107802210;2932000010;;CRISTIANE PIRES DA LUZ RODRIGUES;CRISTIANE PIRES DA LUZ RODRIGUES;6992890851;GONCALVES DIAS;;CENTRO;0613;RO;Brasil;76928000;OBS: ATUALIZAR CADASTRO ZELADORA
02249;PF;40834247291;451974;;SEBASTIANA MENDES DE MEDINA;SEBASTIANA MENDES DE MADINA;6992471867;DUQUE DE CAXIAS/CHACARA/PERTO DO ZE;;ZONA RURAL;0613;RO;Brasil;76928000;OBSERVACAO ATUALIZAR CADASTRO. APOSENTADA
02259;PF;45678332287;66639;;MARIA PEREIRA DE ALMEIDA;MARIA PEREIRA DE ALMEIDA;6992419479;NOVA ESPERANCA(PERTO POSTO DE SAUDE;;CENTRO;0613;RO;Brasil;76928000;OBSERVACAO ATUALIZAR CADASTRO
02279;PF;45771430200;000641029;;ODILIA ANA LOPES;ODILIA ANA LOPES;;RUA VO LUIZA;;CENTRO;0613;RO;Brasil;78954000;OBSERVACAO ATUALIZAR CADASTRO. DO LAR
02228;PF;03492973710;977744;;MARIA APARECIDA CUSTODIO LOPES;MARIA APARECIDA CUSTODIO LOPES;92712012;LINHA 20/KM:22/GB:4C/LT:32;;ZONA RURAL;0613;RO;Brasil;76928000;[CIVIL=CASADO(A)] LAVRADORA
02200;PF;78615127204;000631593;;ROSENIR DE SOUZA LACERDA SOARES;ROSENIR DE SOUZA LACERDA SOARES;6992520714;RODOVIA 31/KNM:28/GB:12E/LT:32;CASA;ZONA RURAL;0613;RO;Brasil;76928000;
02201;PF;91529158249;1149177;;TATIANA MARTA JACOB;TATIANA MARTA JACOB;;RUA VO LUIZA N;;CENTRO;0613;RO;Brasil;78954000;FICHA CANCELADA POR MOTIVO DE MUITO ATRASO. COBRANCA NASMARON E SIDNEY FICHA REATIVADA 05/08/2019 AUTORIZACAO SIDINEY ( CADASTRO COM LIMITE 500,00 )
02194;PF;73730270249;00001084878;;LISETE COSER DOS SANTOS;LISETE COSER DOS SANTOS;092616705;LINHA 31/KM.16/GB.08-B/LT.35;;ZONA RURAL;0613;RO;Brasil;76928000;OBS: ATUALIZAR CADASTRO
02206;PF;93584458234;035713;;ROSA DE AMORIM MEDEIROS;ROSA DE AMORIM MEDEIROS;981399224;RODOVIA 37 KM:20 GB:12D LT:05;;ZONA RURAL;0613;RO;Brasil;76928000;OBS: ATUALIZAR CADASTRO LAVRADORA
02207;PF;95624490259;164624001;;VIVIANE TEIXEIRA DE LISBOA;VIVIANE TEIXEIRA DE LISBOA;;RODOVIA 4/KM37/ LT17/GB12E;;ZONA RURAL;0613;RO;Brasil;76928000;CADASTRO COM LIMITE DE 300,00
02209;PF;83063390291;000968305;;ROZENILDA DE FARIA DOS SANTOS;ROZENILDA DE FARIA DOS SANTOS;092069915;LINHA 31 KM:20 LT:12 GB:D;;ZONA RURAL;0613;RO;Brasil;76928000;[CIVIL=CASADO(A)] LAVRADORA
02210;PF;01798679205;1195817;;MARCELO DE LIMA;MARCELO DE LIMA;;RODOVIA 20/KM.09/LT.11-A/GB.04-D;;ZONA RURAL;6547;RO;Brasil;78960000;
02216;PF;40906213215;59903187;;CASTORINA APARECIDA FERREIRA DOS SANTOS;CASTORINA APARECIDA FERREIRA DOS SANTOS;69992129893;DOS ESTUDANTES N;;BELA VISTA;6547;RO;Brasil;78960000;
02186;PF;66552087268;685477;;WANDERSON PACHECO TOMAZ;WANDERSON PACHECO TOMAZ;6992184773;RODOVIA 31/KM.28/LT.55/;;ZONA RURAL;0613;RO;Brasil;78954000;[CIVIL=SOLTEIRO(A)] [OBS=ADVOGADA]
02227;PF;49858904215;000511250;;HELENA CONCEICAO NOGUEIRA;HELENA CONCEICAO NOGUEIRA;;RODOVIA LH 20 KM 31 LT 35 GB 8C;;ZONA RURAL;0613;RO;Brasil;76928000;ATUALIZAR CADASTRO TRABALHADORA RURAL
02193;PF;47102420200;532098;;MARIA ODAILZA LOPES;MARIA ODAILZA LOPES;6992143373;ALUIZIO FERREIRA N;;UNIAO;6552;RO;Brasil;76920000;[CIVIL=CASADO(A)] SECRETARIA
02211;PF;97865311249;1015962;;FERNANDA CAVATTI SIMIONI;FERNANDA CAVATTI SIMIONI;092170878;SANTOS DUMONT N;;UNIAO;6552;RO;Brasil;76928000;OBSERVACAO ATUALIZAR CADASTRO FUNC. PUBLICO
02184;PF;48560685200;000507866;;AMBROSINA RODRIGUES DA PAIXAO DOS SANTOS;AMBROSINA RODRIGUES DA PAIXAO DOS SANTOS;6934651133;RUA VO LUIZA N;;CENTRO;0613;RO;Brasil;78954000;OBS: ATUALIZAR CADASTRO APOSENTADA
02225;PF;00097644293;1157403;;FABLO HENRIQUE BARBOZA FREIRE;FABLO HENRIQUE BARBOZA FREIRE;6992664226;AVENIDA AFONSO PENA N;;CENTRO;0613;RO;Brasil;78954000;OBSERVACAO ATUALIZAR CADASTRO
02196;PF;35115955253;383859;;CLAUDIO DIAS CHAVES;CLAUDIO DIAS CHAVES;6992639194;LUIZA S/N;;CENTRO;0613;RO;Brasil;78954000;[CIVIL=SOLTEIRO(A)] APOSENTADO
02229;PF;07323128412;386142294;;JOSEFA APARECIDA PEREIRA DE ANDRADE;JOSEFA APARECIDA PEREIRA DE ANDRADE;6992687489;RUA JORGE TEIXEIRA N;;CENTRO;0613;RO;Brasil;78954000;OBSERVACAO ATUALIZAR CADASTRO PROFESSORA
02195;PF;46919309220;490198;;RUBENS DOMINGOS DE CRUZ;RUBENS DOMINGOS DE CRUZ;034515778;PRESIDENTE HERMES N;;ALVORADA;6554;RO;Brasil;76970000;[CIVIL=CASADO(A)] VENDEDOR
02212;PF;99633361249;758296;;VEUCIRA CAMPONEZ GLONORINO DOS SANTOS;VEUCIRA CAMPONEZ GLONORINO DOS SANTOS;;RODOVIA 24/KM.31/LT.25/GB.12-D;;ZONA RURAL;0613;RO;Brasil;76928000;"[CIVIL=CASADO(A)] [OBS=STYLO CONFECCOES; TEIXEIRA CONFECCOES. ] OBS:ATUALIZAR CADASTRO"
02192;PF;79898432268;00097954;;MARINA RODRIGUES ALVES;MARINA RODRIGUES ALVES;6992419381;RODOVIA RUA CURITIBA;;ZONA RURAL;6552;RO;Brasil;76920000;ATUALIZAR CADASTRO. GERENTE
02221;PF;53435249234;000758415;;GENARIO PEREIRA DE JESUS;GENARIO PEREIRA DE JESUS;6992655701;RODOVIA 31/ KM.28/ GB.08-E/ LT.36;;ZONA RURAL;0613;RO;Brasil;76928000;OBSERVACAO ATUALIZAR CADASTRO AJUDANTE GERAL
02224;PF;97074918253;1064692;;GERALDO GONCALVES PEREIRA NETO;GERALDO GONCALVES PEREIRA NETO;6992679737;RODOVIA 32/KM:37/GB:12G/LT:32;;ZONA RURAL;0613;RO;Brasil;76928000;OBS: ATUALIZAR CADASTRO LAVRADOR
02198;PF;01623470226;1175043;;DIONE PIMENTA DE SOUZA;DIONE PIMENTA DE SOUZA;6992162288;RODOVIA 12/KM.31/LT.20/GB.08-A;;ZONA RURAL;6552;RO;Brasil;78950000;OBSERVACAO ATUALIZAR CADASTRO LAVRADOR
02222;PF;33137595991;11266413;;FERNANDO DOS SANTOS;FERNANDO DOS SANTOS;6992275875;RODOVIA 37 KM:24 LT:17 GB:12E;;ZONA RURAL;0613;RO;Brasil;76928000;OBSERVACAO ATUALIZAR CADASTRO LAVRADOR
02223;PF;71337539287;13464210;;SANDRO RODRIGUES FRITZ;SANDRO RODRIGUES FRITZ;6981128494;RODOVIA 28 KM:22;;ZONA RURAL;0613;RO;Brasil;76928000;OBSERVACAO ATUALIZAR CADASTRO. VAQUEIRO
02205;PF;92291791249;000967003;;DIANA CORDEIRO DA ROCHA;DIANA CORDEIRO DA ROCHA;6992739005;RODOVIA 28/KM.31/GB.12-E/LT.57;;ZONA RURAL;0613;RO;Brasil;76928000;[CIVIL=SOLTEIRO(A)] DOMESTICA
02187;PF;00351012290;1179693;;CELIA RUFINO VIANA;CELIA RUFINO VIANA;69;RODOVIA 20 KM:37 GB:12C LT:38;;ZONA RURAL;0613;RO;Brasil;76928000;OBS: ATUALIZAR CADASTRO
02199;PF;00943577225;1137721;;ELTON DHON ARAUJO ROSA;ELTON DHON ARAUJO ROSA;092150772;RODOVIA 16 KM:31 GB:8-B LT:34;;ZONA RURAL;0613;RO;Brasil;76928000;[CIVIL=SOLTEIRO(A)] LAVRADOR
02191;PF;74067176287;787745;;JOSELINO TEIXEIRA DA SILVA;JOSELINO TEIXEIRA DA SILVA;69;RODOVIA TN06 GB:01 LT:19;;ZONA RURAL;9653;RO;Brasil;76929000;OBSERVACAO ATUALIZAR CADASTRO
02218;PF;61282960253;536457;;MARIA FERREIRA DA SILVA;MARIA FERREIRA DA SILVA;093417260;RODOVIA 1 GB02 LT39;;URUPA;9653;RO;Brasil;76928000;[CIVIL=CASADO(A)] VAQUEIRO-ESPOSO
02208;PF;00731378202;1084849;;OSEIAS TEIXEIRA FILHO;OSEIAS TEIXEIRA FILHO;6992361738;RODOVIA 20/KM:31/GB:12C/LT:25;;ZONA RURAL;0613;RO;Brasil;76928000;OBS: ATUALIZAR CADASTRO LAVRADOR
02202;PF;27247988215;265271;;ANA DE JESUS PEREIRA;ANA DE JESUS PEREIRA;6992173602;RODOVIA 31 KM/16 GB/12-D LT/22;;ZONA RURAL;0613;RO;Brasil;76928000;OBS: ATUALIZAR CADASTRO LAVRADORA
02197;PF;07188981760;726293;;TEREZINHA LEDIANA DELBONE DA SILVA;TEREZINHA LEDIANE DELBONE DA SILVA;;RODOVIA 28/KM.09/LT.624;;ZONA RURAL;0613;RO;Brasil;76928000;
02141;PF;71454926287;000758388;;NEURIZETE MALFER;NEURIZETE MALFER;034651019;AVENIDA AFONSO PENA;;CENTRO;0613;RO;Brasil;76928000;[CIVIL=CASADO(A)] DO LAR
02142;PF;59976853220;647776;;JOSILENE MACHADO DE ANDRADE TASSINARI;JOSILENE MACHADO DE ANDRADE TASSINARI;992154890;RUA SANTINHA MANTOVANI;;CENTRO;0613;RO;Brasil;76928000;OBS: ATUALIZAR CADASTRO PROFESSORA
02143;PF;94535493200;988657;;LOURENCO BABILON;LOURENCO BABILON;;RUA DUQUE DE CAXIAS;;CENTRO;0613;RO;Brasil;78954000;OBS: ATUALIZAR CADASTRO
02163;PF;56337973291;732974;;ANGELINA MULLER;ANGELINA MULLER;;LINHA 28 KM 31 LOTE 20 GL 8E;;ZONA RURAL;0613;RO;Brasil;76928000;ATUALIZAR CADASTRO
02144;PF;01572413190;18140696;;LEANDRO FRAIS ARAUJO;LEANDRO FRAIS ARAUJO;;LINHA 24 KM 37 LOTE 17 GLEBA 12E;;ZONA RURAL;0613;RO;Brasil;76928000;
02137;PF;65384156287;000559369;;EDNA BRIANA GOMES;EDNA BRIANA GOMES;;RUA VO LUIZA;;CENTRO;0613;RO;Brasil;76928000;PROFESSORA
02129;PF;11675567808;366860768;;AURENICE MARTINS MONTINHO;AURENICE MARTINS MONTINHO;992320713;LINHA 31 KM 24 GL12E LOTE24;;ZONA RURAL;0613;RO;Brasil;76928000;
02128;PF;35126477234;968013;;OZEIAS GERONIMO MARIA;OZEIAS GERONIMO MARIA;;LINHA TN4 LT:635 GB 1;;ZONA RURAL;9653;RO;Brasil;76929000;OBS: ATUALIZAR CADASTRO LAVRADOR
02139;PF;57413908204;18115;;TEREZINHA RAVAZINA SOARES;TEREZINHA RAVAZINA SOARES;092077246;RODOVIA :16 GB:12C LT:8;;ZONA RURAL;0613;RO;Brasil;76928000;[CIVIL=SOLTEIRO(A)] [OBS=AS PROMISSORIAS 2011/2012-ESTA P/ ADVOGADA JOSE ENIVALDO SOARES--390,27 ELIAS RAVAZINA SOARES--493,8 MARIA LUCIA RAVAZINA SOARES SOUZA--415,2 WELERSON] APOSENTADA
02172;PF;74455109668;9193244;;NILSON JOSE RODRIGUES;NILSON JOSE RODRIGUES;6992671981;ALMIRANTE BARROSO N;;CENTRO;0613;RO;Brasil;78954000;OBS: ATUALIZAR CADASTRO SIMINADOR
02126;PF;16213696253;198424;;AILCIE MULLER DA SILVA;AILCIE MULLER DA SILVA;092119844;DE CAXIAS S/N;;CENTRO;0613;RO;Brasil;78954000;FUNCIONARIO PUBLICO
02133;PF;79984835200;847936;;DEVANI RIBEIRO DA CUNHA;DEVANI RIBEIRO DA CUNHA;092478023;T20 MARACATIARA N;;VAU PARAISO;6547;RO;Brasil;78960000;ATUALIZAR CADASTRO AUXILIAR DE MECANICO
02132;PF;67093973272;000699488;;ODENICE GODINHO MACHADO;ODENICE GODINHO MACHADO;034616822;CEARA N;;NOVO ESTADO;6552;RO;Brasil;78950000;OBSERVACAO ATUALIZAR CADASTRO. FUNCIONARIA PUBLICA
02134;PF;00726258210;00001084886;;BRUNA GOMES ANDRADE;BRUNA GOMES ANDRADE;034651052;BELMIRO ARAUJO N;;CENTRO;0613;RO;Brasil;78954000;"FALECIDO; ESTUDANTE"
02135;PF;01070123242;;;LEIDIONE CAIRES MARTINS;LEIDIONE CAIRES MARTINS;092781245;DE CAXIAS S/N;;CENTRO;0613;RO;Brasil;78954000;[CIVIL=SOLTEIRO(A)] [OBS=ADVOGADA] SERVICO GEREL
02145;PF;69812152253;698747;;LAURIENE DE OLIVEIRA PARADELA;LAURIENE DE OLIVEIRA PARADELA;;"04 KM;22 LT";;ZONA RURAL;6547;RO;Brasil;78960000;OBSERVACAO ATUALIZAR CADASTRO AJUDANTE GERAL
02124;PF;08492247215;102353;;SEBASTIANA MARIA RIBEIRO;SEBASTIANA MARIA RIBEIRO;092388989;MANOEL FRANCO N;;T 20;6547;RO;Brasil;76908610;OBSERVACAO ATUALIZAR CADASTRO. APOSENTADA
02136;PF;05532245819;17307969;;AMELIA CREMER PIMENTEL;AMELIA CREMER PIMENTEL;093045477;RODOVIA 37 KL.28 GB.12F TL.13;;ZONA RURAL;0613;RO;Brasil;76928000;OBS: ATUALIZAR CADASTRO LAVRADORA
02138;PF;34835687272;00645976577;;VALDEMIR DE OLIVEIRA ALCANTARA;VALDEMIR DE OLIVEIRA ALCANTARA;092182730;RODOVIA 1 KM:28 LT:36;;ZONA RURAL;0613;RO;Brasil;76928000;OBSERVACAO ATUALIZAR CADASTRO. COMERCIANTE
02140;PF;52347818287;852075;;SONIA FERREIRA MOTA;SONIA FERREIRA MOTA;092229055;RODOVIA 31/KM.12/LT.07/GB.08-B;;ZONA RURAL;6552;RO;Brasil;78950000;OBSERVACAO ATUALIZAR CADASTRO. LAVRADORA
02161;PF;00106411225;1135888;;CRISTIANE DE MATOS MENDONCA;CRISTIANE DE MATOS MENDONCA;6992932518;RODOVIA 31/KM.28/GB.12-E/LT.35;;ZONA RURAL;0613;RO;Brasil;78954000;OBS: ATUALIZAR CADASTRO
02162;PF;75692953234;789272;;CRISTIANA MARIA RAMOS;CRISTIANA MARIA RAMOS;6992419483;RODOVIA 20/GB.8-C/LT.30/KM.31;;ZONA RURAL;0613;RO;Brasil;76928000;"OBS; ATUALIZAR CADASTRO"
02173;PF;79527930200;000625711;;NEUZENI CHAVES BRANCO;NEUZENI CHAVES BRANCO;6992655925;MARIANA;;ZONA RURAL;0613;RO;Brasil;76928000;OBSERVACAO ATUALIZAR CADASTRO.
02183;PF;00889246297;;;EDIANE SOARES DE BARROS;EDIANE SOARES DE BARROS;6993608857;RODOVIA 20/ KM.31/ GB.12-C/;;ZONA RURAL;0613;RO;Brasil;76928000;[CIVIL=SOLTEIRO(A)] NEGATIVADO NO SERASA
02164;PF;52866955153;415229;;JOSE RIBEIRO;ZE GATO;92172885;RODOVIA TN6,KM481,GB01;;BAIRRO DAS ROSAS;0613;RO;Brasil;76928000;OBSERVACAO ATUALIZAR CADASTRO
02125;PF;00764212281;1152358;;DANEFRANK SOARES TEIXEIRA;DANEFRANK SOARES TEIXEIRA;092323539;RODOVIA 24/ LT. 19/ GB. 12D;;ZONA RURAL;0613;RO;Brasil;76928000;MOTIVO DE ATRASO. SERVICOS GERAIS
02146;PF;10640150268;135670;;MARIA ALVES GOMES;MARIA ALVES GOMES;092624163;RODOVIA 31/KM.16(ESQUINA);;ZONA RURAL;0613;RO;Brasil;78954000;OBS: ATUALIZAR CADASTRO PROFESSORA
02131;PF;67091121287;835545;;MARIA JOSE CANDIDO DE ALMEIRA;MARIA JOSE CANDIDO DE ALMEIRA;092264877;RODOVIA 32/LT.570(BR);;ZONA RURAL;9653;RO;Brasil;76928000;OBSERVACAO ATUALIZAR CADASTRO
02175;PF;35167424291;1152161;;ERONILDES ALVES DA SILVA;ERONILDES ALVES DA SILVA;;RODOVIA TN10/ LT.364/ GL.01/ KM.30;;ZONA RURAL;9653;RO;Brasil;76929000;[CIVIL=CASADO(A)] [OBS=RENEGOCIACAO]
02149;PF;60946644268;566573;;MARLENE BARRETO PICOLI;MARLENE BARRETO PICOLI;092248556;RODOVIA C3/ LT.38/ GB.05/;;ZONA RURAL;9653;RO;Brasil;78955000;OBS: ATUALIZAR CADASTRO DO LAR
02152;PF;91324831200;952476;;LEIDIANA MAZARIM;LEIDIANA MAZARIM;092223376;RODOVIA 28/ KM.09/ GB.01/ LT.620;;ZONA RURAL;0613;RO;Brasil;76928000;[CIVIL=SOLTEIRO(A)] [OBS=NAO AUTORIZA NINGUEM A COMPRAR] OBS: ATUALIZAR CADASTRO LAVRADORA
02147;PF;00584425295;00001086034;;ALEXANDRO GONCALVES DE SOUZA;ALEXANDRO CONCALVES DE SOUZA;092617360;DA ESCOLA DO MUNICIPIO;;BAIRRO DAS ROSAS;0613;RO;Brasil;76928000;ATUALIZAR CADASTRO SERVISSOS GERAIS
02150;PF;68487339204;0000693800;;AQUILA CARLOS FONTES ZANETTIN;AQUILA CARLOS FONTES ZANETTIN;092086565;;;;0001;RO;Brasil;78960000;OBS: ATUALIZAR CADASTRO
02111;PF;01438943237;001055573;;FABIANA BORGES SOBRINHO DOS SANTOS;FABIANA BORGES SOBRINHO;;LINHA 31 KM 24 LT20 GB12D;;ZONA RURAL;0613;RO;Brasil;76928000;OBSERVACAO ATUALIZAR CADASTRO COMERCIANTE
02114;PF;71122419287;697910;;NAZARE MARIA DANTAS;NAZARE MARIA DANTAS;6992465640;JOSE WENSGUE;;JARDIM BANDEIRANTE;6552;RO;Brasil;78950000;
02100;PF;68847092272;000564351;;MARLENE AVELINO KINSPEL;MARLENE ALVELINO KINSPEL;992624030;RUA LUIS BORGES;;ZONA RURAL;0613;RO;Brasil;76928000;VENDAS AUTORIZADA PARA CEZAR E PABULA SOMENTE SE ESTIVER COM AS NOTINHAS EM DIAS.
02092;PF;72469137268;000768053;;EDIANA HIBNER OLIMPIA DE ARAUJO;EDIANA HIBNER OLIMPIA DE ARAUJO;;LINHA 24 KM 31 LT 17 GB 12 E;;ZONA RURAL;0613;RO;Brasil;76928000;OBS: ATUALIZAR CADASTRO DOMESTICA AUTORIZADO COMPRA NA FICHA FILHA JANE MARI.
02105;PF;98160265204;000958421;;ANDREIA PEREIRA DE LIMA;ANDREIA PEREIRA DE LIMA;093572130;ANGELA DE FATIMA;;CENTRO;0613;RO;Brasil;76928000;OBS: ATUALIZAR CADASTRO ESTUDANTE
02108;PF;03456884737;619333;;SEBASTIAO DE MORAES;SEBASTIAO DE MORAES;;LINHA 24 KM 09;;ZONA RURAL;0613;RO;Brasil;76928000;SERVI_O GERAL
02099;PF;35166371291;000758037;;ALICE RIBEIRO FERREIRA;ALICE RIBEIRO FERREIRA;;LINHA 31 KM 16 LT 17 GLEBA 12C;;ZONA RURAL;0613;RO;Brasil;76928000;DO LAR
02094;PF;73454613272;000758417;;CLEBIS CEZAR;CLEBIS CEZAR;;CANDIDO RONDON;;CENTRO;0613;RO;Brasil;78954000;AJUDANTE GERAL
02112;PF;66950821204;00000757232;;VANDERLEI MAGESKI;VANDERLEI MAGESKI;092658439;RUA DO CONTORNO N;;CENTRO;0613;RO;Brasil;78954000;OBSERVACAO ATUALIZAR CADASTRO.
02109;PF;51755572972;272150;;LUIZ VERGILIO DOS SANTOS;LUIZ VERGILIO DOS SANTOS;092333975;TEIMEISTOQUES;;CENTRO;0613;RO;Brasil;76928000;OBS: ATUALIZAR CADASTRO APOSENTADO
02116;PF;29039916268;310507;;MARIA ANGELA DE OLIVEIRA;MARIA ANGELA DE OLIVEIRA;6992355726;LUIZ BORGES;;CENTRO;0613;RO;Brasil;76928000;DO LAR
02110;PF;61682799204;47811910;;GERACINA ISABEL DELFLAXE;GERACINA ISABEL DELFLAXE;035251351;"TRANQUEDO NEVES;N";;SETOR 2;9652;RO;Brasil;78959000;[CIVIL=SOLTEIRO(A)] [OBS=ATRASO] APOSENTADA
02122;PF;00948324201;15939210;;DANILO DINIZ MACHIORI;DANILO DINIZ MACHIORI;00693465121;AFONSO PENA;;CENTRO;0613;RO;Brasil;76928000;[OBSERVACAO ATUALIZAR CADASTRO A_OGUEIRO
02096;PF;40915662272;36062720;;LILIAN MARIZA PUERTA LULA MACIEL;LILIAN MARIZA PUERTA LULA MACIEL;034651081;AFONSO PENA;;CENTRO;0613;RO;Brasil;76928000;OBSERVACAO ATUALIZAR CADASTRO TABELIAN
02097;PF;00622522248;1134233;;RENAN RODRIGUES PEREIRA;RENAN RODRIGUES PEREIRA;;ALMEIRANTE BARROSO;;CENTRO;0613;RO;Brasil;76928000;OBSERVACAO ATUALIZAR CADASTRO. TRABALHO DIARIO
02093;PF;69283141253;774329;;ODILEI APARECIDO DE JESUS;ODILEI APARECIDO DE JESUS;092232705;RODOVIA TN6 LT 473 GB 01;;ZONA RURAL;9653;RO;Brasil;76929000;OBSERVACAO ATUALIZAR CADASTRO. LAVRADOR
02090;PF;19093683268;228546;;NEUZA ANACLETO TEIXEIRA;NEUZA ANACLETO TEIXEIRA;;RODOVIA 37 KM 24/LT 43 GB 12-B;;ZONA RURAL;0613;RO;Brasil;76928000;OBSERVACAO ATUALIZAR CADASTRO.
02101;PF;87349159234;813258;;ATHOS DELBONE DA SILVA;ATHOS DELBONE DA SILVA;092615670;RODOVIA 31 KM:20 LT:23A GB:12C;;ZONA RURAL;0613;RO;Brasil;76928000;OBS: ATUALIZAR CADASTRO LAVRADOR
02121;PF;78715776115;535266;;REGINALDO FAGUNDES;REGINALDO FAGUNDES;092756653;AVENIDA AFONSO PENA(EM FRETE RONDO AGRO;;CENTRO;0613;RO;Brasil;78954000;OBS: ATUALIZAR CADATRO MARCENEIRO
02091;PF;01413052231;1161146;;ELEANDRO DOS SANTOS FURTADO;ELEANDRO DOS SANTOS FURTADO;;RODOVIA TN6 GB 1 LT 352;;ZONA RURAL;0613;RO;Brasil;76928000;[CIVIL=SOLTEIRO(A)] [OBS=SPC/SCPC-SILMARA]
02113;PF;00728701251;00001083676;;ROGERIO ANTONIO DE FREITAS;ROGERIO ANTONIO DE FREITAS;092841765;MONTE CASTELO;;NOVO HORIZONTE;0613;RO;Brasil;76928000;OBSERVACAO ATUALIZAR CADASTRO. ESTUDANTE
02123;PF;00697453235;00001091794;;IOLANDA DE SOUZA;IOLANDA DE SOUZA;0;RODOVIA 24/ KM. 14/ GB. 4E/ LT. 9;;ZONA RURAL;0613;RO;Brasil;76928000;[CIVIL=SOLTEIRO(A)] ESTUDANTE
02115;PF;97835749220;1172129;;MARLI DE SOUZA COUTO PEREIRA;MARLI DE SOUZA COUTO PEREIRA;084163307;RODOVIA 24 KL:09 OBS: FAZENDA APURU;;ZONA RURAL;0613;RO;Brasil;78954000;[CIVIL=CASADO(A)] DO LAR
02095;PF;02597266133;40348;;FLAVIA NOVAIS RODRIGUES;FLAVIA NOVAIS RODRIGUES;;RODOVIA TN6 GB.1;;ZONA RURAL;0613;RO;Brasil;76928000;[CIVIL=CASADO(A)] [OBS=SCPC/SPC-SILMARA] DO LAR
02106;PF;38909588268;399239;;ELIENE JULIA DE LIMA;ELIENE JULIA DE LIMA;099845560;RODOVIA 20 KM:09 LT:11;;ZONA RURAL;0613;RO;Brasil;76928000;OBS: ATUALIZAR CADASTRO DO LAR
02107;PF;92122051272;00000956712;;JONATAN AMARAL NOGUEIRA;JONATAN AMARAL NOGUEIRA;;RODOVIA 31 KM 28 LT 59 GB 12F;;ZONA RURAL;0613;RO;Brasil;76928000;[CIVIL=SOLTEIRO(A)] [OBS=SCPC/SPC-SILMARA]
02118;PF;28378318249;000631506;;MAXIMIANO DE SOUZA;MAXIMIANO DE SOUZA;;RODOVIA 32/ KM. 31/ GB. 12F/ LT. 44;;ZONA RURAL;0613;RO;Brasil;76928000;OBS: ATUALIZAR CADASTRO LAVRADOR
02119;PF;63448270253;182674;;MARIA DE LURDES DIORGENI;MARIA DE LURDES DIORGENI;092183407;RODOVIA 7.KM20.GL12C.LT36;;ZONA RURAL;0613;PA;Brasil;67928000;OBSERVACAO ATUALIZAR CADASTRO APOSENTADA
02089;PF;01003036252;17351417;;GLEICE GONCALVES DE SOUZA;GLEICE GONCALVES DE SOUZA;034651026;RODOVIA C1 KM40 GB12G;;ZONA RURAL;0613;RO;Brasil;76928000;[CIVIL=SOLTEIRO(A)] ESTUDANTE
02098;PF;86095501253;000907190;;MARCELO TABOSA ROCHA;MARCELO TABOSA ROCHA;;RODOVIA TN6/ GB 1/ LT 462;;ZONA RURAL;9653;RO;Brasil;76929000;[CIVIL=CASADO(A)] LAVRADOR
02120;PF;00622660209;1123198;;ALINE RIBEIRO DA SILVA;ALINE RIBEIRO DA SILVA;;AFONSO PENA(FUNDO DO LATICINIO;;CENTRO;0613;RO;Brasil;76928000;OBS: ATUALIZAR CADASTRO ESTUDANTE]
02103;PF;59558601268;278618;;NILZA FREITAS PACHECO DE ASSIS;NILZA FREITAS PACHECO DE ASSIS;092330958;RODOVIA 31 KM:28 LT55 GB12;;ZONA RURAL;0613;RO;Brasil;76928000;OBSERVACAO ATUALIZAR CADASTRO. DO LAR
02117;PF;66004659215;131140;;JERONIMA DE MORAIS CARNEIRO;JERONIMA DE MORAIS CARNEIRO;;DOS MONTES;;BAIRRO DAS ROSAS;0613;RO;Brasil;76928000;OBSERVACAO ATUALIZAR CADASTRO APOSENTADA
02088;PF;66252121215;000495373;;JOSE NILSON MEDEIROS;JOSE NILSON MEDEIROS;;RODOVIA 37 KM 20 LT 6 GB 12D;;ZONA RURAL;0613;RO;Brasil;76928000;
02063;PF;32656653215;331755;;ILSON OURIVES MACEDO;ILSON OURIVES MACEDO;;LINHA TN32 GB 01 LT 523;;ZONA RURAL;9653;RO;Brasil;78955000;[CIVIL=CASADO(A)] LAVRADOR
02072;PF;00383131200;00001083786;;ALEX NEVES DA SILVA;ALEX NEVES DA SILVA;92362131;LINHA RURAL // DEPOIS DO VITALLI;;CENTRO;0613;RO;Brasil;76928000;REPARCELAMENTO DE NOTAS. OBS: A PEDIDO DO CLIENTE CANCELAR A FICHA POR MOTIVO DE VIAGEM. ELE PROPRIO VEIO E PEDIU FICHA REATIVADA 24/10/2019
02058;PF;90608798215;000771742;;ONEZIA DA SILVA GOMES SANTIAGO;ONEZIA DA SILVA GOMES SANTIAGO;;LINHA 24 KM.37 GB.12E LT.17;;ZONA RURAL;0613;RO;Brasil;76928000;REPARCELAMENTO DE NOTAS JULIANO LAVRADORA (CADASTRO BLOQUEADO) PARA SOMENTE A DONA DA FICHA COMPRA.
02071;PF;00434909211;00001072979;;TATIELLE SILVA MORAIS;TATIELLE SILVA MORAIS;092068282;CURITIBA S/N;;GRILO;0613;RO;Brasil;76928000;[CIVIL=SOLTEIRO(A)] [OBS=ADVOGADA] DOMESTICA
02082;PF;02097838774;100725332;;ANDRE LUIZ DA SILVA;ANDRE LUIZ DA SILVA;2122693586;MARIO CARPENTE, 83 - ENTRADA D. AP;;PILARES;0613;RO;Brasil;78954000;[CIVIL=SOLTEIRO(A)] [OBS=CANCELAR APOS PAGAMENTO] PINTOR
02056;PF;00506637204;1084858;;DANICEL RODRIGUES GAIHAS;DANICEL RODRIGUES GAIHAS;034651103;BELMRO ARAUJO N;;CENTRO;0613;RO;Brasil;76928000;OBSERVACAO ATUALIZAR CADASTRO AUX. ADMINISTRATIVO
02054;PF;59555556253;513527;;MARIA LUCINEIDE FELIPE DA SILVA;MARIA LUCINEIDE FELIPE DA SILVA;092459763;MARIO NEI NUNES N;;NOVO HORIZONTE;9653;RO;Brasil;76929000;OBSERVACAO ATUALIZAR CADASTRO PROFESSORA
02060;PF;08689563920;5109650;;ANTONIO DA SILVA LIMA;ANTONIO DA SILVA LIMA;;AVENIDA DANIEL COMBONI //CASA//N;;BANDEIRANTE;6552;RO;Brasil;78950000;OBS: ATUALIZAR CADASTRO LAVRADOR
02070;PF;00106407201;2616404;;JEREMIAS CARVALHO DOS SANTOS;JEREMIAS CARVALHO DOS SANTOS;09279474;AVENIDA AFONSO PENA N;;CENTRO;0613;RO;Brasil;78954000;[CIVIL=SOLTEIRO(A)] VENDEDOR
02061;PF;74153900249;;;RAIMUNDA BENECIO MORAES;RAIMUNDA BENECIO MORAES;;RODOVIA TN6 GB 01 LT 506;;ZONA RURAL;9653;RO;Brasil;78955000;OBSERVACAO ATUALIZAR CADASTRO. LAVRADORA
02051;PF;96441542234;1084852;;CELSO COSER DOS SANTOS;CELSO COSER DOS SANTOS;092616705;JOSE OPERARIO;;ZONA RURAL;0613;RO;Brasil;78954000;AGENTE ADMINISTRATIVO
02081;PF;83048294287;00000694679;;NEULIANE MALFER;NEULIANE MALFER;092451156;RODOVIA 31 KM.16 LT.33 GB 08B;;ZONA RURAL;0613;RO;Brasil;76928000;OBS: ATUALIZAR CADASTRO LAVRADORA
02064;PF;32548486249;425538;;ELZA SANTOS DO NASCIMENTO;ELZA SANTOS DO NASCIMENTO;6993566015;20 KM 31// EM FRENTE AO RENE;;ZONA RURAL;0613;RO;Brasil;76928000;OBS: ATUALIZAR CADASTRO DO LAR
02057;PF;53806239215;;;ANDERSON VIANA DE OLIVEIRA;ANDERSON VIANA DE OLIVEIRA;092503198;SANTOS DUMONT;;CENTRO;0613;RO;Brasil;76928000;[CIVIL=SOLTEIRO(A)] ESTUDANTE
02078;PF;88740650278;00001007002;;EDMILSON DE SOUZA LACERDA;EDMILSON DE SOUZA LACERDA;092859044;RODOVIA 32 KM 31 GB 12 G LT 47;;ZONA RURAL;0613;RO;Brasil;76928000;[CIVIL=CASADO(A)] LAVRADOR
02074;PF;80078133220;7424030;;ORLANDINA SOARES DA COSTA;ORLANDINA SOARES DA COSTA;092138952;RODOVIA TN.06 GB.01 LT.475;;ZONA RURAL;9653;RO;Brasil;76928000;OBSERVACAO ATUALIZAR CADASTRO. LAVRADORA
02052;PF;29052521204;398104;;ALDAIR MARTINS DE ALMEIDA;ALDAIR MARTINS DE ALMEIDA;;CUSTADIO;;GRILO;0613;RO;Brasil;76928000;[CIVIL=SOLTEIRO(A)] LAVRADOS
02062;PF;57942366200;540672;;APARECIDA RAMOS BARBOSA;APARECIDA RAMOS BARBOSA;092987853;RODOVIA 16 KM 37//CASA DO DEOSDETE//;;ZONA RURAL;0613;RO;Brasil;76928000;[CIVIL=SOLTEIRO(A)] LAVRADORA
02083;PF;00209951214;001047113;;RANIELI MOREIRA DO SANTOS;RANIELI MOREIRA DO SANTOS;092371515;RODOVIA 31 KM 24 LT 25 GB 12E;;ZONA RURAL;0613;RO;Brasil;76928000;OBSERVACAO ATUALIZAR CADASTRO. ESTUDANTE
02055;PF;38588927268;1223138;;ELIZABETH LEMOS DE OLIVEIRA;ELIZABETH LEMOS DE OLIVEIRA;034651074;.DUQUE DE CAXIAS IGREJA ASSEMBLEIA;;CENTRO;0613;RO;Brasil;76928000;OBS: ATUALIZAR CADASTRO DO LAR
02085;PF;69445400291;000774133;;ALDINA MARIA ROCHA;ALDINA MARIA ROCHA;092338977;RODOVIA 31 KM 24 GB 12 E LT 20;;ZONA RURAL;0613;RO;Brasil;76928000;[CIVIL=CASADO(A)] [OBS=ADVOGADA] DO LAR
02066;PF;00255693257;1047203;;ROSANGELA ROSA DA FONSECA;ROSANGELA ROSA DA FONSECA;099968491;RODOVIA TN-06/507/GB.01;;ZONA RURAL;0613;RO;Brasil;78954000;OBSERVACAO ATUALIZAR CADASTRO. LAVRADORA
02076;PF;34840273200;384322;;LUCIMAR PEREIRA DUARTE/LUCIO/;LUCIMAR PEREIRA DUARTE;099542856;RODOVIA 31 KM.22 LT.68 GB 12 E;;ZONA RURAL;0613;RO;Brasil;76928000;CANCELADO MOTIVO DE ATRASO. LAVRADOR
02059;PF;77838599253;691982;;EDINEIA MATIAS DE OLIVEIRA;EDINEIA MATIAS DE OLIVEIRA;092248104;RODOVIA 32 KM.31 GB.12 F;;ZONA RURAL;0613;RO;Brasil;76928000;OBS: ATUALIZAR CADASTRO LAVRADORA
02069;PF;86747231287;000759057;;DELAIDE PEREIRA DA SILVA;DELAIDE PEREIRA DA SILVA;;AVA LUIZA;;CENTRO;0613;RO;Brasil;76928000;[CIVIL=SOLTEIRO(A)] DO LAR
02073;PF;53508564215;000958433;;DELIANE CIRILO FREIRA;DELIANE CIRILO FREIRA;099968491;RODOVIA TN6 LT 507 GB 01;;ZONA RURAL;9653;RO;Brasil;76928000;OBS: ATUALIZAR CAADASTRO LAVRADORA
02087;PF;01102252280;292965;;CLEIA DOS SANTOS BARROS;CLEIA DOS SANTOS BARROS;092324265;RODOVIA T-18 - 4 CASAS APOS IGREJA CATOL;;ZONA RURAL;9653;RO;Brasil;76929000;[CIVIL=CASADO(A)] [OBS=ADVOGADA] LAVRADOR
02068;PF;00581555201;00001008270;;WELLINGTON DA SILVA VIEIRA;WELLINGTON DA SILVA VIEIRA;;RODOVIA TN 32 GB 01LT 535 // TABAJARA;;ZONA RURAL;9653;RO;Brasil;78955000;OBSERVACAO ATUALIZAR CADASTRO. LAVRADOR
02086;PF;92338682220;1001993;;WILER RODRIGUES FERREIRA;WILER RODRIGUES FERREIRA;092448986;RODOVIA 28 KM 37 GB 12 E LT 45;;ZONA RURAL;0613;RO;Brasil;76928000;[CIVIL=SOLTEIRO(A)] BATEDOR DE TAMBOR
02084;PF;38910497220;603631;;ALVERINA MARIA DE OLIVEIRA;ALVERINA MARIA DE OLIVEIRA;092131727;RODOVIA LH22 KM 16 GB 08 C LT 15;;ZONA RURAL;0613;RO;Brasil;76928000;OBS: ATUALIZAR CADASTRO APOSENTADA
02077;PF;94797870249;1014678;;CAIO HENRY BARBOSA DA SILVA;CAIO HENRY BARBOSA DA SILVA;092321121;RODOVIA 28/KM.31/LT.47;;ZONA RURAL;0613;RO;Brasil;78954000;OBS: ATUALIZAR CADASTRO
02065;;;;;CLIENTE DE URUPA;CLIENTE DE URUPA;;;;BAIRRO DAS ROSAS;0001;RO;Brasil;78960000;[CIVIL=SOLTEIRO(A)]
02046;PF;85216690204;168585;;VALDIVINO FERREIRA LOPES;VALDIVINO FERREIRA LOPES;92453139;RODOVIA MIGUEL RODRIGUES;;CENTRO;0613;RO;Brasil;76928000;[CIVIL=CASADO(A)] LAVRADOR
02040;PF;83228136272;000879898;;RONOALDO PIRES DA LUZ;RONOALDO PIRES DA LUZ;;RUA SANTO DRUMO;;CENTRO;0613;RO;Brasil;76928000;OBS: ATUALIZAR CADASTRO LAVRADOR
02042;PF;80727760530;3618288;;EDILMA SILVA LEONE DOS SANTOS;EDILMA SILVA LEONE DOS SANTOS;;RUA CANDIDO RONDON;;ZONA RURAL;0613;RO;Brasil;76928000;OBS: ATUALIZAR CADASTRO LAVRADORA
02044;PF;45677670200;000525980;;ELZA CORDEIRO DA ROCHA;ELZA CORDEIRO DA ROCHA;981275848;RODOVIA 31 KM 28 GB 12 F LT 57;;ZONA RURAL;0613;RO;Brasil;76928000;OBS: ATUALIZAR CADASTRO LAVRADORA
02026;PF;00690695225;1126017;;DANILO ALVES LOPES;DANILO ALVES LOPES;;RODOVIA 16 KM 31 GB 12 C LT 13;;ZONA RURAL;0613;RO;Brasil;76928000;OBS: ATUALIZAR CADASTRO ESTUDANTE
02027;PF;64123669204;000631478;;FRANCISCA DE FARIAS DOS SANTOS;FRANCISCA DE FARIAS DOS SANTOS;092706882;RUA VO LUIZA;;CENTRO;0613;RO;Brasil;76928000;[CIVIL=CASADO(A)] APOSENTADA
02028;PF;81068727268;000998716;;FLAVIO FRAIS GOLTARA (SOLUTION);FLAVIO FRAIS GOLTARA;099647894;RODOVIA LH 31 KM 16 LT 25 GB 8 B;;ZONA RURAL;0613;RO;Brasil;76928000;[CIVIL=SOLTEIRO(A)] LAVRADOR COBRANÇA SETOR JURIDICO
02031;PF;88616762272;000758413;;SILVANA PEREIRA FAGUNDES;SILVANA PEREIRA FAGUNDES;;RODOVIA LH 31 KM16 GB08D LT36;;ZONA RURAL;0613;RO;Brasil;76928000;OBS: ATUALIZAR CADASTRO LAVRADORA
02048;PF;00766796248;00001085059;;SIMONE DE ALMEIDA DA SILVA;SIMONE DE ALMEIDA DA SILVA;;RODOVIA LH TN10 LT 288 GB 01;;ZONA RURAL;0613;RO;Brasil;76928000;OBS: ATUALIZAR CADASTRO. DO LAR
02019;PF;90532368215;;;ELIANE PIMENTEL DE FREITAS;ELIANE PIMENTEL DE FREITAS;092438820;GIRASSOL, N;;JARDIM AEROPORTO;6552;RO;Brasil;76928000;[CIVIL=SOLTEIRO(A)] [OBS=SCPC/SPC-SILMARA]
02012;PF;88178986272;000913950;;SIMONE MARIZA WATERKEMPER;SIMONE MARIZA WATERKEMPER;093100018;NOVA ESPERANCA;;CENTRO;0613;RO;Brasil;76928000;[CIVIL=SOLTEIRO(A)] PROFESSORA
02043;PF;91100860215;000924790;;ERICA NASCIMENTO DE OLIVEIRA;ERICA NASCIMENTO DE OLIVEIRA;034651213;AVENIDA AFONCO PENA N;;CENTRO;0613;RO;Brasil;76928000;OBS: ATUALIZAR CADASTRO ENCARREGADA DE AGENCIA
02023;PF;37477498287;1569969;;BELZAIR GUIMARAES DE SENA;BELZAIR GUIMARAES DE SENA;081042454;RODOVIA 20 KM 37 PROX. AO VALE DAS CACHO;;ZONA RURAL;0613;RO;Brasil;76928000;OBS: ATUALIZAR CADASTRO DO LAR
02018;PF;00950286257;;;SAMUEL VITORINO LOPES;SAMUEL VITORINO LOPES;;DUQUE DE CAXIAS//CHACARA DO ROBERIO;;ZONA RURAL;0613;RO;Brasil;76928000;OBS: ATUALIZAR CADASTRO TRABALHA NA CERAMICA
02050;PF;80264115791;2751992;;LIFOS LEVI CUSTODIO DE SOUZA;LIFOS LEVI CUSTODIO DE SOUZA;;RODOVIA 20 DO 22 PERTO DO MAURAO;;ZONA RURAL;0001;RO;Brasil;76928000;OBSERVACAO ATUALIZAR CADASTRO LAVRADOR
02020;PF;13952501204;130344;;ELPIDIO DIAS TERRAS NETO;ELPIDIO DIAS TERRAS NETO;099019210;LINHA RURAL 364 KM 379;;BAIRRO DAS ROSAS;6552;RO;Brasil;78950000;OBS: ATUALIZAR CADASTRO OPERADOR DE SISTEMAS
02030;PF;00161886248;00001084868;;VALMIR DE SOUZA NETO;VALMIR DE SOUZA NETO;099131108;RODOVIA 20 KM 31 GB 12 D LT 16;;ZONA RURAL;0613;RO;Brasil;76928000;OBSERVACAO ATUALIZAR CADASTRO. APOSENTADO/PENSIONINSTA
02021;PF;84403187749;3685975;;MARIA DAS GRACAS DE SOUZA;MARIA DAS GRACAS DE SOUZA;06993092054;RODOVIA 20 KM.22 GB.4 LT.1;;ZONA RURAL;0613;RO;Brasil;78954000;OBSERVACAO ATUALIZAR CADASTRO DO LAR
02041;PF;88404471134;954532;;WAGNER DA CRUZ RODRIGUES;WAGNER DA CRUZ RODRIGUES;092836844;.NOVA ESPERANCA SEM N P/DO COLEGI;;CENTRO;0613;RO;Brasil;76928000;OBSERVACAO ATUALIZAR CADASTRO. PASTOR DA BATISTA
02013;PF;01223255247;56668;;CASSIO CORDEIRO BENEDITO;CASSIO CORDEIRO BENEDITO;;RODOVIA 24 KM 31 GB 08 D LT 26;;ZONA RURAL;0613;RO;Brasil;76928000;[CIVIL=SOLTEIRO(A)] [OBS=ADVOGADA] TRABALHA NA CERAMICA
02033;PF;00122803213;001032976;;ADRIANA DA SILVA NEVES;ADRIANA DA SILVA NEVES;092868994;RODOVIA 24 KM 31 GB 08 E LT 02;;ZONA RURAL;0613;RO;Brasil;76928000;[CIVIL=CASADO(A)] [OBS=MOTIVO DE ATRASO] LAVRADORA
02014;PF;96346566253;627505;;LUCIMAR RODRIGUES DE OLIVEIRA;LUCIMAR RODRIGUES DE OLIVEIRA;0924193233;RODOVIA 28 KM 31 GB 12 E LT 73 //MAURAO;;ZONA RURAL;0613;RO;Brasil;76928000;OBSERVACAO ATUALIZAR CADASTRO LAVRADORA//O ESPOSO E VAQUEIRO
02024;PF;36945242234;97051;;MARIA ANALIA LOPES;MARIA ANALIA LOPES;;RODOVIA 32 KM 31 GB 12 G LT 40 // (T-01);;ZONA RURAL;0613;RO;Brasil;76928000;OBS: ATUALIZAR CADASTRO LAVRADORA
02015;PF;06898340638;5735012;;ADEMAR PERES DE SOUZA;ADEMAR PERES DE SOUZA;;RODOVIA 32 KM 40 GB G LT 30/CURVA DO DUQ;;ZONA RURAL;0613;RO;Brasil;76928000;NEGATIVADO SERASA LAVRADOR
02035;PF;36950157215;000383994;;DINOCELIA JESUS MOREIRA ALBANI;DINOCELIA JESUS MOREIRA ALBANI;092237743;RODOVIA 28 ASFALTO /SOBRADINHO LARANJA;;ZONA RURAL;0613;RO;Brasil;76928000;OBS: ATUALIZAR CADASTRO PROFESSORA
02045;PF;84093170797;607878;;JOSE FRANCISCO DA COSTA-ZEZCO LH 24;JOSE FRANCISCO DA COSTA-ZEZCO LH 24;;RODOVIA 24 TRAVESSAO DA LH 28;;ZONA RURAL;0613;RO;Brasil;76928000;OBSERVACAO ATUALIZAR CADASTRO LAVRADOR
02016;PF;00468309284;00001064311;;DAIANA MOREIRA GARCIA;DAIANA MOREIRA GARCIA;034651039;GENIVALDO DE SOUZA N.230 MUDOU;;CENTRO;0613;RO;Brasil;78954000;[CIVIL=SOLTEIRO(A)] [OBS=SCPC/SPC-SILMARA] BALCONISTA
02047;PF;08479470259;100828;;ALMIR OLIVEIRA;ALMIR OLIVEIRA;099071118;RODOVIA 16 GB.12B LT.29;;ZONA RURAL;0613;RO;Brasil;76928000;OBS: ATUALIZAR CADASTRO LAVRADOR
02049;PF;62833197268;583407;;PAULINHO COSTA DE OLIVEIRA;PAULINHO COSTA DE OLIVEIRA;092847580;RODOVIA 24 KM.9 GB.4E LT.08;;ZONA RURAL;0613;RO;Brasil;76928000;NAO AUTORIZA NINGUEM A COMPRAR NA FICHA. ATUALIZAR CADASTRO. LAVRADOR
02022;PF;41796047600;599515;;JOAO ALVES DE ASSIS;JOAO ALVES DE ASSIS;099663321;RODOVIA 24 KM 22 GB 8B LT 19;;ZONA RURAL;0613;RO;Brasil;76928000;OBSERVACAO ATUALIZAR CADASTRO APOSENTADO
02034;;;;;APENAS P/ TESTE;APENAS P/ TESTE;;;;;0001;RO;Brasil;78960000;[CIVIL=SOLTEIRO(A)]
02025;PF;04071466871;353520640;;JANI MOREIRA BARBOSA;JANI MOREIRA BARBOSA;;RODOVIA 24 KM 31;;ZONA RURAL;0613;RO;Brasil;78954000;[CIVIL=SOLTEIRO(A)] APOSENTADA
02029;PF;42068320215;440466;;MARCIA REGINA RUFINO;MARCIA REGINA RUFINO;092048518;RODOVIA 31 KM.4 LT.23 GB.7;;BAIRRO DAS ROSAS;0613;RO;Brasil;76928000;OBS: ATUALIZAR CADASTRO LAVRADORA
01982;PF;66398533291;000000000000;;TEREZA ALVES SIQUEIRA MAIA;TEREZA ALVES SIQUEIRA MAIA;;LINHA TN 06 LOTE 05 GL 01;;ZONA RURAL;0613;RO;Brasil;76928000;[OBS=ESPOSO E FILHAS] OBS: ATUALIZAR CADASTROS LAVRADORA
01992;PF;01067329277;1264256;;RICARDO RODRIGUES DE MORAIS;RICARDO RODRIGUES DE MORAIS;092746544;LINHA 28 KM 31 LOTE 17 GL 8D;;ZONA RURAL;0613;RO;Brasil;78954000;OBS: ATUALIZAR CADASTRO LAVRADOR
01985;PF;70389730297;000999199;;ELIZANGELA SANTOS TOLEDO;ELIZANGELA SANTOS TOLEDO;;LH37 KM 24 GB 12 E LT 14;;ZONA RURAL;0613;RO;Brasil;76928000;OBS: ATUALIZAR CADASTRO LAVRADORA
01977;PF;81174799234;841584;;HELENA NOGUEIRA PIMENTEL;HELENA NOGUEIRA PIMENTEL;;RODOVIA LH 31 KM 32 LT 50 GL 12F;;ZONA RURAL;0613;RO;Brasil;76928000;OBS: ATUALIZAR CADASTRO APOSENTADA
01979;PF;01102253251;00000000;;MARTA FERREIRA DA VEIGA;MARTA FERREIRA DA VEIGA;;RODOVIA 32/KM.37/LT.28/GB.12-E;;ZONA RURAL;0613;RO;Brasil;78954000;OBS: ATUALIZAR CADASTRO DO LAR
01999;PF;82284407234;861547;;ALEANDRO DA SILVA BARBOSA;ALEANDRO DA SILVA BARBOSA;;LINHA 24 KM 31 LOTE 08 GL 08;;ZONA RURAL;0613;RO;Brasil;76928000;[CIVIL=SOLTEIRO(A)] LAVRADOR
02004;PF;57910677200;000515219;;NILZETE DE SOUZA FERREIRA ALCANTARA;NILZETE DE SOUZA FERREIRA ALCANTARA;6981132818;LINHA 24 KM 37 GB 12 E LT 13;;ZONA RURAL;0613;RO;Brasil;76928000;OBSERVACAO ATUALIZAR CADASTRO. DO LAR
02009;PF;87089840263;998723;;GENESSI DA SILVA GOMES;GENESSI DA SILVA GOMES;;RODOVIA LH37 KM 24 GB 12 E LT 14;;ZONA RURAL;0613;RO;Brasil;76928000;
01981;PF;27210870881;346143652;;IRANI DE OLIVEIRA CELESTINO;IRANI DE OLIVEIRA CELESTINO;6993716792;RODOVIA 28 KM 22 LT 15 B GB 04 E;;ZONA RURAL;0613;RO;Brasil;76928000;[CIVIL=CASADO(A)] LAVRADOR
02000;PF;82033765253;000851883;;WERLIENE FREITAS LIMA;WERLIENE FREITAS LIMA;6992163988;JOSE MARTINS DE OLIVEIRA;;GRILO;0613;RO;Brasil;76928000;CANCELADO MOTIVO DE ATRASO. PAGTO ATRAVES ANDRADE E BASTOS. DO LAR
01983;PF;97512923287;;;EDILENE GONCALVES DE SOUZA;EDILENE GONCALVES DE SOUZA;034651040;BELMIRO N;;PROXIMO A CAERD;0613;RO;Brasil;76928000;OBS: ATUALIZAR CADASTRO ESTUDANTE
02003;PF;00941367266;;;ANTONIO SAMOEL DE CASTRO DA ROCHA;ANTONIO SAMOEL DE CASTRO DA ROCHA;;LUIZ BORGES;;CENTRO;0613;RO;Brasil;76928000;OBS: ATUALIZAR CADASTRO SERVI_OS GERAIS
02006;PF;89879481291;1064495;;WILSON DE OLIVEIRA;WILSON DE OLIVEIRA;0921543379;MARIO NEY NUNES //N;;CENTRO;9653;RO;Brasil;78955000;OBSERVACAO ATUALIZAR CADASTRO. SECRETARIO //AUXILIAR DE ESCRI
01986;PF;82400857253;00001084883;;IZABEL GOMES DE OLIVEIRA;IZABEL GOMES DE OLIVEIRA RAMOS;;RODOVIA 37 KM 24 GB 12 E LT 14;;ZONA RURAL;0613;RO;Brasil;76928000;OBS: ATUALIZAR CADASTRO LAVRADORA
02007;PF;00252606264;;;JONAS COSTA DA SILVA;JONAS COSTA DA SILVA;;RODOVIA 37 KM 24 GB 12 E LT 07;;ZONA RURAL;0613;RO;Brasil;76928000;ATUALIZAR CADASTRO LAVRADOR
02005;PF;22146857234;1147365;;JULITA MOREIRA DE LACERDA;JULITA MOREIRA DE LACERDA;31333267533;SOARES N§352 // CASA;;CENTRO;2292;MG;Brasil;35200000;OBSERVACAO ATUALIZAR CADASTRO APOSENTADA
01980;PF;12719947717;00001083684;;IRANI TOME VIEIRA;IRANI TOME VIEIRA;092418184;RODOVIA 31 KM 24 GB 8 E LT 09;;ZONA RURAL;0613;RO;Brasil;76928000;[CIVIL=CASADO(A)] LAVRADORA
01994;PF;11397187204;151887;;FRANCISCO PENHAS LIMA FILHO;FRANCISCO PENHAS LIMA FILHO;;JOSE MARTINS DE OLIVEIRA;;GRILO;0613;RO;Brasil;76928000;[CIVIL=CASADO(A)] [OBS=NAO AUTORIZA A NINGUEM] [OBS=FICHA P/ ADVOGADA REF. PROMISSORIA ASSINADA POR ELIANE LINA BRITO-ACAO JUDICAL VAI SAIR NO NOME DELA] TRABALHADOR AUTONOMO
01987;PF;00102956235;00001115068;;ROSILDA DE OLIVEIRA LEITE;ROSILDA DE OLIVEIRA LEITE;;RODOVIA 24 KM 31 GB 12 E LT 24;;ZONA RURAL;0613;RO;Brasil;76928000;OBSERVACAO ATUALIZAR CADASTRO. LAVRADORA
01989;PF;90781090253;945750;;FABIO JUNIOR DE JESUS DA SILVA;FABIO JUNIOR DE JESUS DA SILVA;092254738;RODOVIA 31/ KM. 32/ LT.62/ GB.12-F;;ZONA RURAL;0613;RO;Brasil;76928000;[CIVIL=CASADO(A)] LAVRADOR
02010;PF;90682092215;687064;;ELIZETE MARIA DA SILVA;ELIZETE MARIA DA SILVA;099958299;RODOVIA 16 KM 22 PROX. A IG. SANTA IZABE;;CENTRO;0613;RO;Brasil;76928000;OBS: ATUALIZAR CADASTRO AGRICULTORA
02001;PF;00726254223;00001083783;;SILVIO CUSTODIO GOMES;SILVIO CUSTODIO GOMES;;RODOVIA 16 KM 31 GB 08 B LT 25;;ZONA RURAL;0613;RO;Brasil;76928000;[CIVIL=SOLTEIRO(A)] LAVRADOR
02002;PF;00204432260;237882;;EMME LUVIE MARAFON;EMME LUVIE MARAFON;034651098;RUA TANCREDO NEVES;;CENTRO;0613;RO;Brasil;78954000;[CIVIL=CASADO(A)] [OBS=SCPC/SPC-SILMARA] VENDEDORA
02008;PF;00003517250;001036635;;SIMONE BRAGA DE SOUZA;SIMONE BRAGA DE SOUZA;092890893;PARA JI-PARANA(LOCALIZAR ENDERECO;;ZONA RURAL;6547;RO;Brasil;76928000;OBSERVACAO ATUALIZAR CADASTRO.
01998;PF;22135731234;000349844;;ROSA LUCIO OZEKI;ROSA LUCIO OZEKI;6992669070;RODOVIA 24 KM 22 LT 19;;ZONA RURAL;0613;RO;Brasil;76928000;[OBS=SO AUTORIZA O ESPOSO] OBS: ATUALIZAR CADASTRO LAVRADORA
01988;PF;08460248291;77681;;ARIDES BATISTA DA SILVA;ARIDES BATISTA DA SILVA;092827404;RODOVIA 12 KM 22 GB 08 A LT 24;;ZONA RURAL;6552;RO;Brasil;78950000;OBS: TUALIZAR CADASTRO PECUARISTA
01990;PF;18890768215;404986;;ROSEMARI APARECIDA GATI;ROSEMARI APARECIDA GATI;;RODOVIA 12/KM.31/LT.01 E 02/GB.08-B;;ZONA RURAL;0613;RO;Brasil;76928000;OBSERVACAO ATUALIZAR CADASTRO. LAVRADORA
01991;PF;40934861234;383343;;ELIZETE DA SILVA;ELIZETE DA SILVA;;RODOVIA 37 KM 16 GB 12 B LT 24;;ZONA RURAL;0613;RO;Brasil;76928000;OBS: ATUALIZAR CADASTRO LAVRADORA
01993;PF;19075200234;1732841;;JOSE DE ARAUJO CAVALCANTE;JOSE DE ARAUJO CAVALCANTE;;RODOVIA 16 KM 37 GB 12 B LT 29;;ZONA RURAL;0613;RO;Brasil;76928000;OBSERVACAO ATUALIZAR CADASTRO [OBS=AUTORIZA ADELINA OLIVEIRA CAVALCANTI] LAVRADOR
01995;PF;65399757753;584868;;JACHSON ALVES DE SOUZA;JACHSON ALVES DE SOUZA;;RODOVIA 20 KM 09 SETOR ITAPIREMA;;ZONA RURAL;0613;RO;Brasil;76928000;OBSERVACAO ATUALIZAR CADASTRO LAVRADOR
01996;PF;00570529212;1091681;;SAMUEL FERREIRA DE ARAUJO;SAMUEL FERREIRA DE ARAUJO;092510160;RODOVIA 31/KM.32/LT.58/GB.12-F;;ZONA RURAL;0613;RO;Brasil;78954000;OBSERVACAO ATUALIZAR CADASTRO. LAVRADOR
01997;PF;90418891249;999011;;LEANDRO DE FREITAS NOVAES;LEANDRO DE FREITAS NOVAES;092365892;RODOVIA 12/KM.31/LT.;;ZONA RURAL;0613;RO;Brasil;78954000;OBSERVACAO ATUALIZAR CADASTRO LAVRADOR
01978;PF;99806770234;1019525;;HELIO FERREIRA DE OLIVEIRA;HELIO FERREIRA DE OLIVEIRA;;LUIS BORGES;;CENTRO;0613;RO;Brasil;78954000;[CIVIL=SOLTEIRO(A)] SERVI_OS GERAIS
01964;PF;71233652249;000944746;;OSMAR DA SILVA;OSMAR DA SILVA;;LINHA 37 KM 32 LOTE 12 GL 12F;;ZONA RURAL;0613;RO;Brasil;76928000;LAVRADOR
01976;PF;86032828204;000896305;;HELISSON JOSE DE ALMEIDA;HELISSON JOSE DE ALMEIDA;981569089;RODOVIA LH 28 KM 37 GB 12F LT31;;ZONA RURAL;0613;RO;Brasil;76928000;ATUALIZAR CADASTRO LAVRADOR
01962;PF;99212803253;00001083818;;JUCELINO SANTANA PAES FREITAS;JUCELINO SANTANA PAES FREITAS;6992929065;RODOVIA AVENIDA VO LUIZA;;CENTRO;0613;RO;Brasil;76928000;OBS: ATUALIZAR CADASTRO
01953;PF;00147030250;001036613;;SILMARA ROSA TEIXEIRA DA SILVA;SILMARA ROSA TEIXEIRA DA SILVA;;RUA BELO HORIZONTE;CASA;CENTRO;0613;RO;Brasil;76928000;
01944;PF;03576884220;33762;;SALVADOR JOSE DE ARAUJO;SALVADOR JOSE DE ARAUJO;092220364;RODOVIA 16 KM 31 GB 12 B LT 28;;ZONA RURAL;0613;RO;Brasil;78954000;[CIVIL=CASADO(A)] VEREADOR
01948;PF;00024410209;00001024787;;MARCIA FRAGA NEVES;MARCIA FRAGA NEVES;;LUIZ BORGES;;CENTRO;0613;RO;Brasil;76928000;OBS: ATUALIZAR CADASTRO DO LAR
01958;PF;67645526220;641064;;GIRLENE DA SILVA PIO DE OLIVEIRA;GIRLENE DA SILVA PIO DE OLIVEIRA;6992068058;RUA PEDIGRI;;SETOR 5;0613;RO;Brasil;76928000;OBS: ATUALIZAR CADASTRO FUNCIONARIA PUBLICA
01963;PF;91775493253;924230;;EDVALDO FERREIRA ROSA;EDVALDO FERREIRA ROSA;;LINHA TN-10/LT.403/GB.01;;URUPA;9653;RO;Brasil;78955000;OBS: ATUALIZAR CADASTRO LAVRADOR
01975;PF;42194075291;494304;;MARIA APARECIDA RODRIGUES DA SILVA;MARIA APARECIDA RODRIGUES DA SILVA;093749628;LUIZ BORGES;;CENTRO;0613;RO;Brasil;76928000;[CIVIL=SOLTEIRO(A)] DO LAR
01955;PF;79619940253;000893355;;EDER ALCANTARA VIANA;EDER ALCANTARA VIANA;;RODOVIA RUA BELO HORIZONTE DO LADO DA SI;;CENTRO;0613;RO;Brasil;76928000;CANCELADO POR MOTIVO DE ATRASO.. AUTORIZADO EDVAGNER
01961;PF;00078331218;1028691;;RONUALVES DE SOUZA PESSOA;RONUALVES DE SOUZA PESSOA;;RODOVIA 31/KM.16/LT.07/GB.08-C;;ZONA RURAL;0613;RO;Brasil;78954000;CANCELADO POR MOTIVO DE ATRASO. COBRANCA NASMARON. FRENTISTA
01959;PF;34836594200;384244;;GERUZA ROSA SANTOS;GERUZA ROSA SANTOS;6993254137;CASTRO ALVES N;;SETOR INDUSTRIAL;6552;RO;Brasil;78950000;OBS: ATUALIZAR CADASTRO CONFEITEIRA
01968;PF;40937682268;492801;;ELIZANE MENDES DE OLIVEIRA;ELIZANE MENDES DE OLIVEIRA;092286618;SELMA REGINA MAGUINONE N;;NOVO HORIZONTE;0613;RO;Brasil;76928000;OBS: ATUALIZAR CADASTRO
01954;PF;92725228204;967912;;LUCIMEIRE SILVA DOS SANTOS;LUCIMEIRE SILVA DOS SANTOS;092066412;LUIZ BORGES;;CENTRO;0613;RO;Brasil;76928000;[CIVIL=CASADO(A)] DO LAR
01949;PF;00766782298;886164;;DONZILA FERREIRA BRAZ DE SOUZA;DONZILA FERREIRA BRAZ DE SOUZA;092954442;DE CAXIAS S/N;;CENTRO;0613;RO;Brasil;78954000;OBS: ATUALIZAR CADASTRO DO LAR
01970;PF;40800741900;34834130;;LINDINALVA DANTAS DE MENEZES;LINDINALVA DANTAS DE MENEZES;;RODOVIA 16 KM 31 GB 08 B LT 30;;ZONA RURAL;0613;RO;Brasil;78954000;OBSERVACAO ATUALIZAR CADASTRO APOSENTADA
01971;PF;87266091268;;;ECLESIA MARIA DA SILVA;ECLESIA MARIA DA SILVA;;RODOVIA 24/KM.22/GB.04-D/LT.29;;ZONA RURAL;0613;RO;Brasil;78954000;OBS: ATUALIZAR CADASTRO LAVRADORA
01966;PF;65286081720;474724;;ILSON FRANCISCO PONTES;ILSON FRANCISCO PONTES;;RODOVIA 24/KM.37/ (IZAC) P/FRENTE NELITO;;ZONA RURAL;0613;RO;Brasil;78954000;[CIVIL=SOLTEIRO(A)] LAVRADOR
01967;PF;67519210715;810761;;LUZIA PEREIRA DE SOUZA;LUZIA PEREIRA DE SOUZA;;RODOVIA 31/KM.16/GB.08-B/LT.36;;ZONA RURAL;0613;RO;Brasil;78954000;OBSERVACAO ATUALIZAR CADASTRO
01972;PF;65183819220;;;ELIANA LUZINETE SIMOES;ELIANA LUZINETE SIMOES;092161934;RODOVIA TN-14/LT.245/GB.01;;ZONA RURAL;9653;RO;Brasil;78955000;OBS: ATUALIZAR CADASTRO TECNICO ENFERMAGEM
01947;PF;05175682253;000046584;;IZABEL SOARES DIAS;IZABEL SOARES DIAS;092343240;RODOVIA 31 KM 20 GB 12 C LT 29 B;;ZONA RURAL;0613;RO;Brasil;78954000;OBS: ATUALIZAR CADASTRO PROFESSORA FEDERAL APOSENTADA
01973;PF;00894409271;5388100007;;MARIA ANDREIA FRANCISCA DA SILVA;MARIA ANDREIA FRANCISCA DA SILVA;;P/JI-PARANA-TRAB. ZELADOR EXPOJIPA;;BAIRRO DAS ROSAS;6552;RO;Brasil;78950000;[CIVIL=CASADO(A)] [OBS=ADVOGADA] COZINHEIRA
01945;PF;93601301253;964193;;EDNEIA BATISTA LIRA DA SILVA;EDNEIA BATISTA LIRA DA SILVA;;RODOVIA 37/KM.12/LT.32/GB.12-A;;ZONA RURAL;6552;RO;Brasil;78950000;OBS: ATUALIZAR CADASTRO
01950;PF;00169417212;1041411;;AILTON MONTEIRO DA HORA;AILTON MONTEIRO DA HORA;099654051;RODOVIA RUA LUIZ BORGES;;ZONA RURAL;0613;RO;Brasil;76928000;OBS: ATUALIZAR CDASTRO POLICIAL MILITAR
01960;PF;92452361291;0001004565;;ADRIANA RODRIGUES DE ALMEIDA;ADRIANA RODRIGUES DE ALMEIDA;0922562003;JASMO PEREIRA DE CASTRO;;CENTRO;0613;RO;Brasil;78954000;OBS: ATUALIZAR CADASTRO AGENTE ADMINISTRATIVO
01951;PF;65367383734;808585;;JOAO FERNANDES ALVES;JOAO FERNANDES ALVES;;RODOVIA 37 KM 16 GB 12 B LT 36 R;;ZONA RURAL;0613;RO;Brasil;78954000;OBSERVACAO ATUALIZAR CADASTRO LAVRADOR
01942;PF;00355639238;1001118;;ANDERSON CAMILO DE OLIVEIRA;ANDERSON CAMILO DE OLIVEIRA;;RODOVIA 20/KM.22/LT.32/GB.04-C;;ZONA RURAL;0613;RO;Brasil;78954000;OBSERVACAO ATUALIZAR CADASTRO. ESTUDANTE
01943;PF;92224482272;00001085063;;JUCINEI SANTANA PAES FREITAS;JUCINEI SANTANA PAES FREITAS;;DAS PALMEIRAS;;GRILO;0613;RO;Brasil;78954000;[CIVIL=CASADO(A)] [OBS=CONTA ADVOGADA - CANCELAR APOS PAGAMENTO] VAQUEIRO
01974;PF;95624503253;;;CASSIO RODRIGUES CARVALHO;CASSIO RODRIGUES CARVALHO;;RODOVIA 31 KM 20 GB 08-C LT 36;;ZONA RURAL;0613;RO;Brasil;78954000;[CIVIL=SOLTEIRO(A)] [OBS=MOTIVO DE ATRASO] LAVRADOR
01946;PF;99133776253;1015469;;ANDREIA DE FREITAS SANTOS;ANDREIA DE FREITAS SANTOS;;RODOVIA 31/KM.16/LT.03/GB.08-C;;ZONA RURAL;0613;RO;Brasil;78954000;OBSERVACAO ATUALIZAR CADASTRO. CAIXA
01956;PF;16173309220;168949;;JOSE ROBERTO ESTEVAM PEREIRA;JOSE ROBERTO ESTEVAM PEREIRA;034651002;AVENIDA AFONSO PENA /IDARON;;CENTRO;0613;RO;Brasil;78954000;OBSERVACAO ATUALIZAR CADASTRO TECNICO EM AGROPECUARIA
01957;PF;83123466272;000880489;;CASSIA ROSANE PIRES;CASSIA ROSANE PIRES;;GENIVALDO DE SOUZA;;CENTRO;0613;RO;Brasil;78954000;OBS: ATUALIZAR CADASTRO ESTUDANTE
01952;PF;02945728133;;;ROGERIO RODRIGUES FERREIRA;ROGERIO RODRIGUES FERREIRA;;PARA JI-PARANA;;BAIRRO DAS ROSAS;6547;RO;Brasil;78960000;[CIVIL=SOLTEIRO(A)] [OBS=ADVOGADA] LAVRADOR
01938;PF;00132679221;001034748;;JAQUELINE BARBOSA DE MATOS;JAQUELINE BARBOSA DE MATOS;;RODOVIA LINHA 31 KM 32 LOTE 48 GLEBA 12F;;ZONA RURAL;0613;RO;Brasil;76928000;
01940;PF;95809201253;589481;;ZELIA GONCALVES DE LIMA;ZELIA GONCALVES DE LIMA;;LINHA 31/KM.24/LT.31/GB.12-D;;ZONA RURAL;0613;RO;Brasil;78954000;OBS: ATUALIZAR CADASTRO LAVRADORA
01912;PF;40925757268;000436132;;ROSA DALIA DE OLIVEIRA;ROSA DALIA DE OLIVEIRA;099959704;RODOVIA 20 KM.22 LT.30 BG.4C;;ZONA RURAL;0613;RO;Brasil;78954000;[CIVIL=CASADO(A)] LAVRADORA
01913;PF;98283324268;00001006990;;JEFFERSON SATURMINO ARAUJO;JEFFERSON SATURMINO ARAUJO;092685408;RUA PEDIGRI;;CENTRO;0613;RO;Brasil;76928000;OBSERVACAO ATUALIZAR CADASTRO ESTUDANTE
01915;PF;56320930187;1364216;;KEIRY RAQUEL LUCAS CORREA ALVES;KEIRY RAQUEL LUCAS CORREA ALVES;;RODOVIA 28 KM 31 LT 15 B GB 04 E;;ZONA RURAL;0613;;Brasil;00076928;
01917;PF;90710002220;001036633;;ROSILENE DA SILVA RAMOS;ROSILENE DA SILVA RAMOS;092589257;DANIEL HERINGER;;CENTRO;0613;RO;Brasil;78954000;ALTORIZA A IRMA ROSELAINE A COMPRAR POREM LIGAR PARA AVISAR SOBRE A COMPRA ANTES DE FINALIZAR.
01924;PF;42105242200;444045;;GILBERTO BRAZ DE OLIVEIRA;GILBERTO BRAZ DE OLIVEIRA;;RODOVIA TN 32 LT 537 GB 01;;ZONA RURAL;9653;RO;Brasil;76929000;OBS: ATUALIZAR CADASTRO LAVRADOR
01932;PF;00445680709;000644085;;ALVARO RODRIGUES DE PAULO;ALVARO RODRIGUES DE PAULO;092796672;AVENIDA AFONSO PENA N;;CENTRO;0613;RO;Brasil;78954000;OBS: ATUALIZAR CADASTRO TRABALHA NO COMERCIAL DINIZ
01933;PF;00726301248;;;MAYKON BRUNO DA SILVA FERREIRA;MAYKON BRUNO DA SILVA FERREIRA;6992847923;DE CASTRO S/N;;CENTRO;0613;RO;Brasil;78954000;[CIVIL=SOLTEIRO(A)] [OBS=SCPC/SPC-SILMARA]
01936;PF;93164629249;00001006993;;SIMONE DA SILVA;SIMONE DA SILVA;6992174937;RUA ALMIRANTE BARROSO;;CENTRO;0613;RO;Brasil;78954000;OBS: ATUALIZAR CADASTRO SECRETARIA
01911;PF;00384549209;00001073686;;EDIVAN JUREMEIRA DE ARAUJO;EDIVAN JUREMEIRA DE ARAUJO;09202592;RODOVIA TN 10 LT. 415 GB1;;RURAL;0613;RO;Brasil;78954000;CANCELADO MOTIVO DE ATRASO. LATICINIO VITALI
01931;PF;47846143204;219662;;LAURITA GONCALVES DOS SANTOS;LAURITA GONCALVES DOS SANTOS;092272151;RODOVIA 37 KM 24 GB 12-E LT 17;;ZONA RURAL;0613;RO;Brasil;78954000;OBSERVACAO ATUALIZAR CADASTRO APOSENTADA
01941;PF;57823634791;581220;;SEBASTIAO ALVES BARBOSA;SEBASTIAO ALVES BARBOSA;092153473;RODOVIA 28 KM 22 LT 614 GB 01;;ZONA RURAL;0613;RO;Brasil;78954000;OBS: ATUALIZAR CADASTRO LAVRADOR
01923;PF;32565216220;391308;;JOSE CAETANO SOARES FERREIRA;JOSE CAETANO SOARES FERREIRA;092820471;RODOVIA 22 KM 24 LT 32 GB 4-D;;ZONA RURAL;0613;RO;Brasil;78954000;FALECIDO. LAVRADOR
01914;PF;72413182268;;;EDIMILSON GOMES DA SILVA;EDIMILSON GOMES DA SILVA;092393959;RODOVIA 24 KM.22 LT.31 GB.4E;;RURAL;0613;RO;Brasil;78954000;[CIVIL=SOLTEIRO(A)] PRODUTOR
01934;PF;71318992249;747390;;EVA CIRINO CARDOSO;EVA CIRINO CARDOSO;092562184;RODOVIA 31 KM 16 GB 08-B LT 34(PROXIMO G;;ZONA RURAL;0613;RO;Brasil;78954000;[CIVIL=CASADO(A)] [OBS=MOTIVO ATRASO] APOSENTADA
01916;PF;19063679220;000845370;;EUZIQUIO BENEDITO;EUZIQUIO BENEDITO;092668589;RODOVIA 24 KM 31 GB 08 D LT 26;;ZONA RURAL;0613;RO;Brasil;76928000;OBS: ATUALIZAR CADASTRO PECUARISTA
01907;PF;64430979200;5274318;;EDENIR DA SILVA;EDENIR DA SILVA;092856624;RODOVIA 28 KM. 31 LT. 33 GB.12E;;RURAL;0613;RO;Brasil;78954000;[CIVIL=CASADO(A)] APOSENTADA
01928;PF;92440746215;988257;;UELES DIEGO CLEMENTINO DE SANTANA;UELES DIEGO CLEMENTINO DE SANTANA;092443314;MARACATIARA;;SUMAUMA;9653;RO;Brasil;78955000;[CIVIL=CASADO(A)] [OBS=ADVOGADA] AUX. INDUSTRIA
01910;PF;25206273287;265299;;MARLY LIMA VIEIRA;MARLY LIMA VIEIRA;6992414810;RODOVIA 16 KM.22 BG.4C LT. 6;;RURAL;0613;RO;Brasil;78954000;OBS: ATUALIZAR CADATRO LAVRADORA
01935;PF;37321835804;000641023;;SILVANO DE ALMEIDA;SILVANO DE ALMEIDA;;RUA DUQUE DE CAXIAS;;CENTRO;0613;RO;Brasil;78954000;OBS: ATUALIZAR CADASTRO
01920;PF;67385290230;703286;;CLAUDECIR DA SILVA RAMOS;CLAUDECIR DA SILVA RAMOS;034651105;JASMO DE CASTRO;;CENTRO;0613;RO;Brasil;76928000;OBS: ATUALIZAR CADASTRO MOTORISTA
01930;PF;70385688253;729955;;CARLOS CESAR PEREIRA FARIA;CARLOS CESAR PEREIRA FARIA;;RODOVIA 31/KM.20/LT.11-A/GB.12-B;;ZONA RURAL;0613;RO;Brasil;78954000;"OBS; ATUALIZAR CADASTRO LAVRADOR"
01921;PF;00921883200;000960831;;RONALDO NASCIMENTO DOS SANTOS;RONALDO NASCIMETO DOS SANTOS;092411421;RODOVIA 31 KM 16 LT 08 GB 08-C;;ZONA RURAL;0613;RO;Brasil;78954000;OBS: ATUALIZAR CADASTRO LAVRADOR
01922;PF;00726246204;00001084861;;DAIANE DE JESUS SANTOS;DAIANE DE JESUS SANTOS;;RODOVIA 31 KM 24 LT 21 GB 12-E;;ZONA RURAL;0613;RO;Brasil;78954000;OBSERVACAO ATUALIZAR CADASTRO DO LAR
01925;PF;70155879200;;;ALESSANDRA GONCALVES DE PAULA;ALESSANDRA GONCALVES DE PAULA;093101792;RODOVIA 24 KM 31 LT 22 GB 12-E;;ZONA RURAL;0613;RO;Brasil;78954000;OBS: ATUALIZAR CADASTRO DO LAR
01926;PF;73959480253;559677;;JOSE ANTONIO TEIXEIRA BATISTA;JOSE ANTONIO TEIXEIRA BATISTA;;RODOVIA 22 KM 16 GB 08-C LT 18;;ZONA RURAL;0613;RO;Brasil;78954000;OBS: ATUALIZAR CADASTRO APOSENTADO
01927;PF;11580984215;47720;;CARMINDO HENRIQUE DE OLIVEIRA;CARMINDO HENRIQUE DE OLIVEIRA;;RODOVIA 37/KM.24/LT.40/GB.12-D;;ZONA RURAL;0613;RO;Brasil;78954000;OBS: ATUALIZAR CADASTRO LAVRADOR
01937;PF;94097984268;102854;;IZABEL DA SILVA ALVES;IZABEL DA SILVA ALVES;;RODOVIA 31/KM.28/LT.61/GB.12-F;;ZONA RURAL;0613;RO;Brasil;78954000;OBS: ATUALIZAR CADASTRO
01909;PF;00371431239;000962293;;ZAQUEU DA SILVA OLIVEIRA;ZAQUEU DA SILVA OLIVEIRA;;RUA VO LUIZA;;CENTRO;0613;RO;Brasil;78954000;[CIVIL=CASADO(A)] [OBS=MOTIVO DE ATRASO ] LAVRADOR
01919;PF;00766785203;00001083652;;CLEITON PATRICIO RIBEIRO FERREIRA;CLEITON PATRICIO RIBEIRO FERREIRA;092542779;RODOVIA 16 KM 31 LT 17 GB 12-C;;ZONA RURAL;0613;RO;Brasil;78954000;[CIVIL=SOLTEIRO(A)] [OBS=NEGATIVADO POR MOTIVO DE ATRASO.] LAVRADOR
01929;PF;86275356634;000631908;;MARIA RAMOS DE ASSIS;MARIA RAMOS DE ASSIS;099744766;RODOVIA 31 KM 32 GB 12 F LT 50;;ZONA RURAL;0613;RO;Brasil;78954000;OBSERVACAO ATUALIZAR CADASTRO APOSENTADA
01918;PF;00571262244;00001083823;;GELCILENE MENDES NEGRINE CORALESKI;GELCILENE MENDES NEGRINE CORALESKI;;RODOVIA 31 KM 24 LT 25 GB 12 D;;ZONA RURAL;0613;RO;Brasil;78954000;[CIVIL=CASADO(A)] ESTUDANTE
01881;PF;36946273249;381069;;JOSE ODAIR LOPES;JOSE ODAIR LOPES;;LINHA 31 KM 20 GB 8 C LT 22;;ZONA RURAL;0613;RO;Brasil;78954000;OBS: ATUALIZAR CADASTRO LAVRADOR
01906;PF;64300447268;000641067;;IVAIR GERONIMO SOBRINHO;IVAIR GERONIMO SOBRINHO;;RUA CURITIBA;;RURAL;0613;RO;Brasil;78954000;
01894;PF;48558710287;620572;;NOIRDA DE ARAUJO DEODATO;NOIRDA DE ARAUJO DEODATO;;LINHA 31 KM 16 LT 31 GB 08 B;;ZONA RURAL;0613;RO;Brasil;78954000;OBSERVACAO ATUALIZAR CADASTRO. LAVRADORA
01895;PF;28186958215;000814622;;MARLENE RICARDA DE SOUZA GARCIA;MARLENE RICARDA DE SOUZA GARCIA;092851486;RODOVIA 20 KM 09 LT 08 GB 04 D;;ZONA RURAL;0613;RO;Brasil;78954000;OBS: ATUALIZAR CADASTRO LAVRADORA
01878;PF;75963051215;155627;;VAGUILENE MENDES DE OLIVEIRA;VAGUILENE MENDES DE OLIVEIRA;;RODOVIA 24 KM 37 GB 12 D LT 44;;ZONA RURAL;0613;RO;Brasil;78954000;ATUALIZAR CADASTRO DO LAR
01888;PF;32566506272;325679;;JOANA RONQUE GONZAGA;JOANA RONQUE GONZAGA;6992290089;LINHA 24 KM 31;;ZONA RURAL;0613;RO;Brasil;76928000;OBS: ATUALIZAR CADASTRO APOSENTADA
01899;PF;30029716268;373729;;ADEMILSON BRITO;ADEMILSON BRITO;;RODOVIA 16 KM 22 LT 18 GB 08 -C;;ZONA RURAL;0613;RO;Brasil;78954000;OBS: ATUALIZAR CADASTRO LAVRADOR
01874;PF;99773260291;998483;;FRANCIZELY BARBOSA FREIRE DA SILVA;FRANCIZELY BARBOSA FREIRE DA SILVA;034651217;AVENIDA AFONSO PENA N;;CENTRO;0613;RO;Brasil;78954000;OBS: ATUALIZAR CADASTRO COMERCIANTE
01900;PF;01705729789;1523476;;JOVANA BOHRY DOS SANTOS;JOVANA BOHRY DOS SANTOS;;AVENIDA AFONSO PENA N;;CENTRO;0613;RO;Brasil;78954000;OBSERVACAO ATUALIZAR CADASTRO DOR LAR
01892;PF;86504380244;625644;;RAFAEL PIRES FREIRE;RAFAEL PIRES FREIRE;034651041;GENIVALDO DE SOUZA N;;CENTRO;0613;RO;Brasil;76928000;OBSERVACAO ATUALIZAR CADASTRO. OFICCE BOY
01875;PF;00086416251;;;WEDERSON DE OLIVEIRA NEGRINE;WEDERSON DE OLIVEIRA NEGRINE;092542215;RUA JORGE TEIXEIRA N;;CENTRO;0613;RO;Brasil;78954000;[CIVIL=SOLTEIRO(A)] [OBS=ADVOGADA] TRABALHA NA CERAMICA
01898;PF;00079157211;310152054477;;ALEILSON LIMA DE JESUS;ALEILSON LIMA DE JESUS;092411693;BORGES S/N;;CENTRO;0613;RO;Brasil;78954000;[CIVIL=SOLTEIRO(A)] LAVRADOR
01880;PF;79620990200;00001004723;;RAQUEL RAVAZINA DA SILVA;RAQUEL RAVAZINA DA SILVA;092050387;RODOVIA 16 KM 37 GB 12 C LT 08;;ZONA RURAL;0613;RO;Brasil;78954000;OBS: FICHA CANCELADA POR MOTIVO DE ATRASO. ( COBRADOR NASMARON) DO LAR
01901;PF;46901850263;561968;;ROSILENE TOMAZ DO PRADO;ROSILENE TOMAZ DO PRADO;092055594;EMBRATEL;;CENTRO;0613;RO;Brasil;76928000;[CIVIL=CASADO(A)] [OBS=ADVOGADA] COMERCIANTE
01903;;;;;ALBERTINA OLIVEIRA ALCANTARA;ALBERTINA OLIVEIRA ALCANTARA;;RUA JASMO DE CASTRO;;BAIRRO DAS ROSAS;0613;RO;Brasil;78954000;OBS: ATUALIZAR CADASTRO DO LAR
01905;PF;82251509291;000993212;;LUANNA DE CASTRO DUARTE;LUANNA DE CASTRO DUARTE;092506207;RODOVIA 37 KM. 16 LT. 37 GB.12-B;;RURAL;0613;RO;Brasil;78954000;ATUALIZAR CADASTRO. ESTUDANTE
01877;PF;79471080215;000758426;;EDILANIA RODRIGUES DA SILVA;EDILANIA RODRIGUES DA SILVA;;RUA ALAIDES ALCANTARA;;GRILO;0613;RO;Brasil;78954000;OBS: ATUALIZAR CADASTRO DO LAR
01887;PF;18323383200;102502;;RAQUEL BARBOSA ALVES;RAQUEL BARBOSA ALVES;;RODOVIA 31 KM 28 LT 39 GB 12 F;;ZONA RURAL;0613;RO;Brasil;78954000;OBSERVACAO ATUALIZAR CADASTRO. DO LAR
01897;PF;77563930230;000757995;;MARIA AUXILIADORA DO CARMO LOPES;MARIA AUXILIADORA DO CARMO LOPES;092542776;RODOVIA 31 KM 16 LT 32 GB 08 B;;ZONA RURAL;0613;RO;Brasil;78954000;OBS: ATUALIZAR CADASTRO LAVRADORA
01879;PF;65857720753;556139;;JESUS ALVES VIEIRA;JESUS ALVES VIEIRA;;RODOVIA 37 KM 28 GB 12 E LT 42;;ZONA RURAL;0613;RO;Brasil;78954000;OBSERVACAO ATUALIZAR CADASTRO LAVRADOR
01873;PF;94586292253;997743;;FAGNER AMARAL DEODATO;FAGNER AMARAL DEODATO;099140894;RODOVIA 31 KM 12 GB 08 A LT 8;;ZONA RURAL;6552;RO;Brasil;78950000;OBSERVACAO ATUALIZAR CADASTRO FUNC. PUBLICO
01893;PF;00296863262;00001070569;;BRUNO DE FREITAS NOVAIS;BRUNO DE FREITAS NOVAIS;092099116;RODOVIA 31 KM 12 LT 20 GB 12 A;;ZONA RURAL;6552;RO;Brasil;78950000;OBS: ATUALIZAR CADASTRO LAVRADOR
01890;PF;82149402220;376227825;;JOANA MARTINS DOS ANJOS KUTICOSKI;JOANA MARTINS DOS ANJOS KUTICOSKI;;RODOVIA 24 KM 31 (EM FRENTE DO BAR);;ZONA RURAL;0613;RO;Brasil;78954000;[CIVIL=CASADO(A)] LAVRADORA
01891;PF;72973315204;684626;;LUCIANA FERNANDES DA SILVA;LUCIANA FERNANDES DA SILVA;;RUA LUIS BORGES (PROXIMO A CERAMICA;;CENTRO;0613;RO;Brasil;78954000;[OBSERVACAO ATUALIZAR CADASTRO DO LAR
01902;PF;56702329253;00000843963;;MOACYR DE OLIVEIRA;MOACYR DE OLIVEIRA;092123137;RODOVIA 24 KM.09 LT25 GB 04D;;RURAL;0613;RO;Brasil;78954000;MOTIVO DE ATRASO. LAVRADOR
01882;PF;42008778215;434026;;CARLOS LUIS FAGUNDES;CARLOS LUIS FAGUNDES;;RODOVIA 31 KM 16 GB 08 C LT 01;;ZONA RURAL;0613;RO;Brasil;78954000;[CIVIL=CASADO(A)] VEREADOR
01883;PF;86409468253;000960013;;ANDERSON FLORINDO DO NASCIMENTO;ANDERSON FLORINDO DO NASCIMENTO;;RODOVIA 24 KM 31;;ZONA RURAL;0613;RO;Brasil;78954000;[CIVIL=SOLTEIRO(A)] LAVRADOR
01904;PF;10291903215;107285;;JOSE DIMAS LOPES DA SILVA;JOSE DIMAS LOPES DA SILVA;092820817;RODOVIA 32 KM.37 LT. 8 GB.12 E;;RURAL;0613;RO;Brasil;78954000;OBSERVACAO ATUALIZAR CADASTRO LAVRADOR
01885;PF;00301812241;;;MARCIO FERNANDES DOS SANTOS;MARCIO FERNANDES DOS SANTOS;092044624;RODOVIA 24 KM 31 LT 18 GB 12 D;;ZONA RURAL;0613;RO;Brasil;78954000;OBS: ATUALIZAR CADASTRO TRABALHA NA CERAMICA
01876;PF;35251549172;428302;;OSVALDO MANOEL BATISTA;OSVALDO MANOEL BATISTA;;RODOVIA 24 KM 37 GB 12 D LT 34;;ZONA RURAL;0613;RO;Brasil;78954000;OBSERVACAO ATUALIZAR CADASTRO. LAVRADOR
01886;PF;81679173200;000871165;;EUGENIO DA SILVA GOMES;EUGENIO DA SILVA GOMES;;RODOVIA 24 KM 37 LT 14 GB 12 E;;ZONA RURAL;0613;RO;Brasil;78954000;[CIVIL=SOLTEIRO(A)] LAVRADOR
01896;PF;67660096249;001232719;;JOSIMAR MARIA TAVARES;JOSIMAR MARIA TAVARES;;SAO CURITIBA;;GRILO;0613;RO;Brasil;78954000;[CIVIL=CASADO(A)] DO LAR
01889;PF;70081670249;000837408;;EDIS CARLOS NEGRINE GONCALVES;EDIS CARLOS NEGRINE GONCALVES;;SANTOS DUMONT;;CENTRO;0613;RO;Brasil;76928000;[CIVIL=SOLTEIRO(A)] [OBS=ESTA NEGATIVADO NO SPC//SERASA- MOTIVO DE CHEQUE] LAVADOR DE VEICULOS
01843;PF;95330224268;000998478;;EDILEUZA VITORINO LOPES;EDILEUZA VITORINO LOPES;;RUA EMBRATEL;;CENTRO;0613;RO;Brasil;76928000;OBS:ATUALIZAR CADASTRO DO LAR
01840;PF;83063420204;904017;;ANDREIA MENDONCA CEZAR SOUZA;ANDREIA MENDONCA CEZAR SOUZA;;LINHA 31/KM.20/LT.32/GB.08-C;;ZONA RURAL;0613;RO;Brasil;78954000;[CIVIL=CASADO(A)] LAVRADORA
01870;PF;97599611215;001058347;;LUCAS DA SILVA;LUCAS DA SILVA;6993348336;RUA BELMIRO ARAUJO;;CENTRO;0613;RO;Brasil;78954000;
01841;PF;88906116268;000935374;;RONALDO ADRIANO BARBOSA;RONALDO ADRIANO BARBOSA;;AVO LUIZA;;CENTRO;0613;RO;Brasil;76928000;OBS: ATUALIZAR CADASTRO TRABALHA NO VITALLI
01871;PF;00728707292;1083800;;JULIO CESAR AMANCIO AZEVEDO;JULIO CESAR AMANCIO AZEVEDO;;LINHA 28 KM 31 LOTE 35 GL 12E;;ZONA RURAL;0613;RO;Brasil;76928000;OBS: ATUALIZAR CADASTRO LAVRADOR
01866;PF;77695402249;00000606030;;ALZIRA NOGUEIRA;ALZIRA NOGUEIRA;;RUA JORGE TEIXEIRA;CASA;CENTRO;0613;RO;Brasil;76928000;
01847;PF;63918790282;434045;;MARLY SATURNINO FERREIRA RABELO;MARLY SATURNINO FERREIRA RABELO;6993543530;LH 16 KM 31 LOTE 23 GLEBA 12B;;ZONA RURAL;0613;RO;Brasil;76928000;OBS: ATUALIZAR CADASTRO PENSIONISTA
01850;PF;93438095220;1007210;;REGINALDO MOREIRA DE AGUILAR;REGINALDO MOREIRA DE AGUILAR;;RODOVIA RUA GOVERNADOR JORGE TEIXEIRA;;ZONA RURAL;0613;RO;Brasil;76909843;OBS: ATUALIZAR CADASTRO ESTUDANTE
01861;PF;67527205253;658508;;EDIR DA SILVA CUSTODIO;EDIR DA SILVA CUSTODIO;;RODOVIA LINHA 31 KM 16 GLEBA 8B LOTE 25;;ZONA RURAL;0613;RO;Brasil;76928000;LAVRADOR
01867;PF;00622336290;00001081334;;HUMBERTO ALVES DE OLIVEIRA;HUMBERTO ALVES DE OLIVEIRA;;RUA DANIEL HERINGER N;;CENTRO;0613;RO;Brasil;76928000;[CIVIL=SOLTEIRO(A)] TRABALHA NA CERAMICA
01848;PF;91451477287;000625073;;KEILA DE JESUS DA SILVA;KEILA DE JESUS DA SILVA;;BELMIRO ARAUJO N;;CENTRO;0613;RO;Brasil;78954000;OBS: ATUALIZAR CADASTRO SECRETARIA
01844;PF;73260355200;354812488;;VALDINEI DE SOUZA ROCHA;VALDINEI DE SOUZA ROCHA;;RUA VO LUIZA;;CENTRO;0613;RO;Brasil;78954000;OBSERVACAO ATUALIZAR CADASTRO. PICOLEZEIRO
01857;PF;00726271233;1083817;;CLEYTON GONCALVES DA SIVA;CLEYTON GONCALVES DA SIVA;;LUIS BORGES N;;CENTRO;0613;RO;Brasil;78954000;[CIVIL=SOLTEIRO(A)] LAVRADOR
01858;PF;60707674204;604263;;VANDERSON RODRIGUES CAETANO;VANDERSON RODRIGUES CAETANO;034651197;AVENIDA AFONSO PENA N;;CENTRO;0613;RO;Brasil;78954000;[OBS=MOTIVO DE ATRASO] MOTORISTA
01868;PF;97808695220;001036597;;SAULO GOMES ANDRADE;SAULO GOMES ANDRADE;034651052;RUA DO CONTORNO N;;CENTRO;0613;RO;Brasil;78954000;[CIVIL=SOLTEIRO(A)] [OBS=MOTIVO DE ATRASO] TRABALHA NA CERAMICA
01860;;;448642;;IVONE CARDOSO TODERO;IVONE CARDOSO TODERO;;RODOVIA 24 KM 31 GB 08-D LT 25;;ZONA RURAL;0613;RO;Brasil;78954000;OBS: ATUALIZAR CADASTRO DO LAR
01846;PF;00504889290;00001073851;;ALAIDE TEIXEIRA GAVA;ALAIDE TEIXEIRA GAVA;;RODOVIA 31 KM 24 GB 12 E LT 18;;ZONA RURAL;0613;RO;Brasil;78954000;OBS: ATUALIZAR CADASTRO ESTUDANTE
01872;PF;76052958200;251524309;;LUZIA DOS SANTOS MORAIS;LUZIA DOS SANTOS MORAIS;092750210;RODOVIA 28 KM 31 GB 08 E LT 31;;ZONA RURAL;0613;RO;Brasil;76928000;[CIVIL=CASADO(A)] [OBS=ADVOGADA] DO LAR
01863;PF;42008654249;434323;;DALETE PESSOA LUNA RAMOS;DALETE PESSOA LUNA RAMOS;092228540;RODOVIA LH 20 KM 31;;CENTRO;0613;RO;Brasil;76928000;OBS: ATUALIZAR CADASTRO COMERCIANTE
01869;PF;89376374215;000959507;;GESIANE VIEIRA DE ARAUJO;GESIANE VIEIRA DE ARAUJO;034590079;AFONSO PENA;;CENTRO;0613;RO;Brasil;76928000;OBSERVACAO ATUALIZAR CADASTRO TRABALHA NO MC
01851;PF;87738619287;000871284;;ELZELI APARECIDA PIMENTEL;ELZELI APARECIDA PIMENTEL;;RODOVIA 28 KM 37 GB 12 E LT 13;;ZONA RURAL;0613;RO;Brasil;78954000;[CIVIL=CASADO(A)] LAVRADORA
01842;PF;32707320234;331354;;MARIA DAS DORES PAULA;MARIA DAS DORES PAULA;;LUIZ BORGES;;CENTRO;0613;RO;Brasil;76928000;OBS: ATUALIZAR CADASTRO APOSENTADA
01852;PF;91582938253;000010045610;;SANDRO CAMILO DE OLIVEIRA LIMA;SANDRO CAMILO DE OLIVEIRA LIMA;;RODOVIA 20 KM 22 GB 04-C LT 32;;ZONA RURAL;0613;RO;Brasil;78954000;OBSERVACAO ATUALIZAR CADASTRO. LAVRADOR
01853;PF;78790328272;000759638;;ODAIR JOSE BABILON SILVA;ODAIR JOSE BABILON SILVA;;RODOVIA 28 KM 31 GB 12 F LT 51;;ZONA RURAL;0613;RO;Brasil;76928000;OBS: ATUALIZAR CADASTRO LAVRADOR
01854;PF;14056208115;929151;;CICERO JUREMEIRA DE ARAUJO;CICERO JUREMEIRA DE ARAUJO;092998826;RODOVIA TN 10 GB 01 LT 415;;ZONA RURAL;0613;RO;Brasil;78954000;OBS: ATUALIZAR CADASTRO LAVRADOR
01864;PF;66866707234;;;DINAIR SARAIVA DE SOUZA JESUS;DINAIR SARAIVA DE SOUZA JESUS;;RODOVIA T4 GB 02 LT 43;;ZONA RURAL;0613;RO;Brasil;78954000;OBSERVACAO ATUALIZAR CADASTRO LAVRADOR
01845;PF;00601600207;001041761;;ELIAS NORBERTO MILLER;ELIAS NORBERTO MILLER;092181030;RODOVIA 31 KM 24 GB 08-D LT 25;;ZONA RURAL;0613;RO;Brasil;78954000;OBS: ATUALIZAR CADASTRO LAVRADOR
01865;PF;08460345220;157281;;ORTENCIO ALVES;ORTENCIO ALVES;099884539;RODOVIA 16 KM 31(ESKINA) LT21 GB12;;ZONA RURAL;0613;RO;Brasil;78954000;OBSERVACAO ATUALIZAR CADASTRO. APOSENTADO
01856;PF;00000209236;515886;;CLAUDIVAN PARLOTE DA SILVA;CLAUDIVAN PARLOTE DA SILVA;;RODOVIA 28 KM 31 (BR) PROXIMO A CHOTA;;ZONA RURAL;0613;RO;Brasil;78954000;[CIVIL=SOLTEIRO(A)] [OBS=CANCELAR APOS PAGAMENTO/ADVOGADA] LAVRADOR
01839;PF;70076944204;691766;;ANDERSON DOS SANTOS FERREIRA ROCHA;ANDERSON DOS SANTOS FERREIRA ROCHA;092141791;RODOVIA 16/KM.31/LT.36/GB.08-B;;ZONA RURAL;0613;RO;Brasil;78954000;[CIVIL=CASADO(A)] PEDREIRO
01849;PF;68309392249;561562;;RAQUEL MARIA DE MATTOS;RAQUEL MARIA DE MATTOS;092926701;RODOVIA TN 2 GB 01 LT 587;;ZONA RURAL;0613;RO;Brasil;78954000;OBSERVACAO ATUALIZAR CADASTRO. LAVRADORA
01859;PF;45677751200;1024088;;EDITE NASCIMENTO BARBOSA;EDITE NASCIMENTO BARBOSA;;RODOVIA 28/KM.31(ESQUINA);;ZONA RURAL;0613;RO;Brasil;78954000;OBS: ATUALIZAR CADASTRO APOSENTADA
01855;PF;12878012852;234809991;;SUELI PEREIRA DUARTE;SUELI PEREIRA DUARTE;0990825713;RODOVIA 32 KM 31 GB 12 F LT 66;;ZONA RURAL;0613;RO;Brasil;78954000;OBSERVACAO ATUALIZAR CADASTRO. LAVRADORA
01806;PF;77650310230;000921191;;DEUZI TEIXEIRA MARTINS;DEUZI TEIXEIRA MARTINS;;LH 24 KM 31 LT 24 GB 12D;CASA;ZONA RURAL;0613;RO;Brasil;76928000;
01811;PF;28966562272;380978;;MANOEL JOSE DA SILVA;MANOEL JOSE DA SILVA;;LINHA 31/KM.24/LT.04/GB.08-E;;ZONA RURAL;0613;RO;Brasil;78954000;OBS: ATUALIZAR CADATRO LAVRADOR
01834;PF;10288473272;107626;;CRISTOVAO BARROS DA SILVA;CRISTOVAO BARROS DA SILVA;;LINHA 28/KM.31/LT.61/GB.12-F;;ZONA RURAL;0613;RO;Brasil;78954000;OBS: ATUALIZAR CADASTRO LAVRADOR
01825;PF;11561084204;180376;;MARIA DA LUZ LOPES;MARIA DA LUZ LOPES;;LINHA 31/KM.20/LT.22/GB.08-C;;ZONA RURAL;0613;RO;Brasil;78954000;OBSERVACAO ATUALIZAR CADASTRO
01818;PF;97711292287;1036606;;SOLANGE NEVES DA SILVA BENFICA;SOLANGE NEVES DA SILVA BENFICA;69993926483;RUA ALAIDE FERNADES;;BAIRRO CENTRO;0613;RO;Brasil;76928000;LIMITE R$1.000,00
01829;PF;93671598204;000000;;LUCIANO CAIRES MARTINS (SOLUTION);LUCIANO CAIRES MARTINS;;RUA ALAIDES ALCANTARA;;CENTRO;0613;RO;Brasil;78954000;SERASA FUNCIONARIO COBRANÇA SETOR JURIDICO
01835;PF;89732979291;942601;;EDERVAL SOARES MENDES;EDERVAL SOARES MENDES;;RODOVIA 31/KM.24/LT.33/GB.08-D;;ZONA RURAL;0613;RO;Brasil;78954000;OBS: ATUALIZAR CADASTRO LAVRADOR
01808;PF;92106935234;000963443;;LUCILENE CAIRES MARTINS DA SILVA;LUCILENE CAIRES MARTINS DA SILVA;;RODOVIA 31 KM 16 GB 8C LT 5;;ZONA RURAL;0613;RO;Brasil;78954000;OBS: ATUALIZAR CADASTRO LAVRADORA
01837;PF;00625927265;1036618;;ELENIUSA DA SILVA DALPRA;ELENIUSA DA SILVA DALPRA;6993701538;RODOVIA 31/KM.20/GB.12-C/LT.23;;ZONA RURAL;0613;RO;Brasil;76928000;CANCELADO POR MOTIVO DE MUITO ATRASO. QUITOU COM GADO.
01838;PF;49937146291;514420;;CELIO RODRIGUES CHAVES;CELIO RODRIGUES CHAVES;;PEDRO LIRA PESSOA;;NOVO JI-PARANA;6547;RO;Brasil;78954000;"OBS; ATUALIZAR CADASTRO OPERADOR DE MAQUINAS"
01810;PF;58547550259;746025;;ROSECLEIA DE OLIVEIRA RODRIGUES;ROSECLEIA DE OLIVEIRA RODRIGUES;;RUA DUQUE DE CAXIAS;;CENTRO;0613;RO;Brasil;78954000;[CIVIL=SOLTEIRO(A)]
01821;PF;00554427222;1076310;;ELENILDA MARGARIDA DOS SANTOS;ELENILDA MARGARIDA DOS SANTOS;;AFONSO PENA;;CENTRO;0613;RO;Brasil;76928000;[CIVIL=SOLTEIRO(A)] CONFEITEIRA
01813;PF;65446410220;706388;;PAULO MONTEIRO WATERKEMPER;PAULO MONTEIRO WATERKEMPER;;RUA DUQUE DE CAXIAS;;CENTRO;0613;RO;Brasil;78954000;OBSERVACAO ATUALIZAR CADASTRO.
01805;PF;42112273272;454314;;JAIR PEREIRA RODRIGUES;JAIR PEREIRA RODRIGUES;;EMBRATEL;;CENTRO;0613;RO;Brasil;76928000;OBSERVACAO ATUALIZAR CADASTRO BORRACHEIRO
01817;PF;91324874287;968308;;CLAUDILENE DA SILVA;CLAUDILENE DA SILVA;;EMBRATEL;;CENTRO;0613;RO;Brasil;76928000;[CIVIL=CASADO(A)] [OBS=MOTIVO DE ATRASO] COBRADORA
01819;PF;99938057268;1022675;;VERONICA DE FRANCA FERREIRA;VERONICA DE FRANCA FERREIRA;;FRANCISCA PEREIRA DOS SANTOS N;;OU RUA CAMPO GRAMPO;6547;RO;Brasil;78954000;[CIVIL=SOLTEIRO(A)] [OBS=ADVOGADA]
01830;PF;17439329104;68675;;MANOEL PEDRO DE FARIA;MANOEL PEDRO DE FARIA;;RODOVIA 20/KM.37/LT.11/GB.12-C;;ZONA RURAL;0613;RO;Brasil;78954000;NAO VENDER P/ NINGUEM OBS: ATUALIZAR CADASTRO LAVRADOR
01812;PF;39041794204;398895;;LUIZ DE SOUZA MENDONCA;LUIZ DE SOUZA MENDONCA;099003901;RODOVIA 28 KM 31 GL 8 E LT 35;;ZONA RURAL;0613;RO;Brasil;78954000;OBSERVACAO ATUALIZAR CADASTRO LAVRADOR
01833;PF;00473323281;00001068252;;LEANDRO CAMILO DE LIMA;LEANDRO CAMILO DE LIMA;092824674;RODOVIA 20 KM 22 GB 04 C LT 32;;ZONA RURAL;0613;RO;Brasil;78954000;OBSERVACAO ATUALIZAR CADASTRO ESTUDANTE
01828;PF;90898214220;00001002032;;JOSIANE DE LIMA COELHO;JOSIANE DE LIMA COELHO;;GENIVALDO DE SOUZA;;CENTRO;0613;RO;Brasil;78954000;OBSERVACAO ATUALIZAR CADASTRO VENDEDORA
01836;PF;40968847234;448041;;MARIA DO CARMO CLEMENTINO DE SANTANA;MARIA DO CARMO CLEMENTINO DE SANTANA;092536113;AVENIDA 07 DE SETEMBRO - LAVADOR;;SUMAUMA;9653;RO;Brasil;78955000;[CIVIL=CASADO(A)] LAVRADORA
01826;PF;02218050790;92417088;;VALDEMIR DE JESUS PEREIRA DOS SANTOS;VALDEMIR DE JESUS PEREIRA DOS SANTOS;;;;CENTRO;0001;RO;Brasil;78960000;OBSERVACAO ATUALIZAR CADASTRO. VENDEDOR
01831;PF;96739959234;000986068;;FERNANDO FRANCISCO DAMACENA;FERNANDO FRANCISCO DAMACENA;092257125;RODOVIA 7 KM12 INSPETOR DO COLEGIO DA 12;;ZONA RURAL;6552;RO;Brasil;78950000;[CIVIL=SOLTEIRO(A)] [OBS=SCPC/SPC-SILMARA] INSPETOR DE ALUNOS
01820;PF;20797648100;202548;;MOACIR FERREIRA DA SILVA;MOACIR FERREIRA DA SILVA;;AVENIDA AFONSO PENA (LATICINIOS VITALI;;CENTRO;0613;RO;Brasil;78954000;OBS: ATUALIZAR CADASTRO OPERADOR DE MAQUINAS PESADAS
01822;PF;45771669253;000498630;;ERCILIO GOMES DE MELLO;ERCILIO GOMES DE MELLO;;RUA VO LUIZA;;CENTRO;0613;RO;Brasil;78954000;OBS: ATUALIZAR CADASTRO APOSENTADO
01832;PF;41911199234;438276;;JOSE PEREIRA DE SOUSA;JOSE PEREIRA DE SOUSA;;RODOVIA 28 KM 37 GB 12 F LT 21;;ZONA RURAL;0613;RO;Brasil;78954000;[CIVIL=CASADO(A)] LAVRADOR
01814;PF;00616792247;1054125;;JOAO BATISTA DA SILVA ALVES;JOAO BATISTA DA SILVA ALVES;093058917;RODOVIA 37/KM.28/LT.42/GB.12-E;;ZONA RURAL;0613;RO;Brasil;78954000;OBSERVACAO ATUALIZAR CADASTRO LAVRADOR
01824;PF;81130228215;830556;;ARDELINO FERREIRA NETO;ARDELINO FERREIRA NETO;;RODOVIA 31/KM.24/LT.09/KM.08-E.;;ZONA RURAL;0613;RO;Brasil;78954000;OBS: ATUALIZAR CADASTRO LAVRADOR
01815;PF;11402539215;33525;;COSME MARTINS NASCIMENTO;COSME MARTINS NASCIMENTO;;RODOVIA TN4 GB 01 LT 642;;ZONA RURAL;0613;RO;Brasil;78954000;OBS: ATUALIZAR CADASTRO APOSENTADO
01816;PF;69280096249;000821673;;EUDSON CUSTODIO LOPES;EUDSON CUSTODIO LOPES;;RODOVIA 20 KM 22 LT 14 GB 4 D;;ZONA RURAL;0613;RO;Brasil;78954000;[CIVIL=CASADO(A)] MOTORISTA
01807;PF;68570562268;758008;;ANA LUCIA PERINE GOMES MENEZES (¥);ANA LUCIA PERINE GOMES MENEZES (¥);;RODOVIA 16/KM.31/LT.30/GB.08-B;;ZONA RURAL;0613;RO;Brasil;78954000;OBS: ATUALIZAR CADASTRO LAVRADORA
01827;PF;86531808268;;;MATEUS HENRIQUE DA SILVA MOURA;MATEUS HENRIQUE DA SILVA MOURA;;SANTOS DUMONT;;CENTRO;0613;RO;Brasil;76928000;OBS: ATUALIZAR CADASTRO
01809;PF;00388278242;;;ALESSANDRO GOMES SANTIAGO;ALESSANDRO GOMES SANTIAGO;;RODOVIA 24/KM.37/LT.16/GB.12-E;;ZONA RURAL;0613;RO;Brasil;78954000;[CIVIL=SOLTEIRO(A)] LAVRADOR
03346;PF;77920260272;000775355;;LUCIVANDE FERREIRA DA SILVA;LUCIVANDE FERREIRA DA SILVA;6993811563;RUA PEDIGRI;CASA;CENTRO;0613;RO;Brasil;78954000;LIMITE REDUZIDO PRA R$ 150,00!! NÃO EXCEDER O LIMITE!!!!!!!!!!
03338;PF;01556441223;1461827;;GUSTAVO KRUGUEL FRISSO;GUSTAVO KRUGUEL FRISSO;;LINHA FUNDIARIA DA 20 LOTE 18 GLEBA 4C;CASA;ZONA RURAL;6547;RO;Brasil;78960000;LIMITE INICIAL R$ 1000,00
01778;PF;95290826220;00001007401;;IVAN MARTINS FERREIRA (SOLUTION);IVAN MARTINS FERREIRA;092879152;LH 20 KM 09 LT 07 GB 4D;;ZONA RURAL;0001;RO;Brasil;78960000;COBRANCA SETOR JURIDICO
01803;PF;57828040253;87606;;ADIR MENDES DE SOUZA;ADIR MENDES DE SOUZA;;RUA DANIEL HERINGER;;CENTRO;0613;RO;Brasil;76928000;OBS: ATUALIZAR CADASTRO APOSENTADA
01794;PF;04359832702;1262614;;TEREZINHA FATIMA DA SILVA SOUZA;TEREZINHA FATIMA DA SILVA SOUZA;;LINHA 31 KM 16 LOTE 20 GLEBA 12C;;ZONA RURAL;0613;RO;Brasil;76928000;OBSERVACAO ATUALIZAR CADASTRO. LAVRADORA
01785;PF;82724130278;883956;;VIVIANE VIEIRA DA SILVA;VIVIANE VIEIRA DA SILVA;;JOSE MARTINS;;CENTRO;0613;RO;Brasil;78954000;OBSERVACAO ATUALIZAR CADASTRO. ASSESSORA nao vender para ninguem
01776;PF;95259082249;870147;;REGIANE BATISTA DA SILVA;REGIANE BATISTA DA SILVA;6993505413;RUA PROGETADA;;BAIRRO DAS ROSAS;0613;RO;Brasil;76928000;
01781;PF;81277423253;840820;;ALESSANDRO DA SILVA BARBOSA (SOLUTION);ALESSANDRO DA SILVA BARBOSA;092634218;RODOVIA 31/KM.28/LT.49/GB.12-F;;ZONA RURAL;0613;RO;Brasil;78954000;[CIVIL=SOLTEIRO(A)] LAVRADOR COBRANÇA NO SETOR JURIDICO
01787;PF;96363258200;310122390001;;HEITOR NUNES DA CUNHA (SOLUTION);HEITOR NUNES DA CUNHA;092532124;RUA ALMIRANTE BARROSO;;CENTRO;0613;RO;Brasil;78954000;[CIVIL=SOLTEIRO(A)] COBRANÇA SETOR JURIDICO
01784;PF;00276334205;000938869;;SERGIO VENICIO DE FARIA;SERGIO VENICIO DE FARIA;;RODOVIA LINHA 31 KM 16 GLEBA 8C LOTE 14;;BAIRRO DAS ROSAS;0613;RO;Brasil;76928000;OBS: ATUALIZAR CADASTRO LAVRADOR
01775;PF;00579707261;000758001;;LEANDRO HONORIO DA SILVA;LEANDRO HONORIO DA SILVA;;RODOVIA LINHA 31 KM 20 LOTE 21 GLEBA 12D;;ZONA RURAL;0613;RO;Brasil;76928000;OBS: ATUALIZAR CADASTRO LAVRADOR
01780;PF;87031108268;20763131;;ANDREIA ANTUNES DE SOUZA//;ANDREIA ANTUNES DE SOUZA;;RUA 25 DE MAR_O N;;CENTRO;0613;MS;Brasil;79854000;[OBS=NAO VENDER P/ NINGUEM SO EU MESMO//MUDOU] OBSERVACAO ATUALIZAR CADASTRO. ESTUDANTE
01772;PF;96099062220;000844419;;TAYSON RAMOS DE OLIVEIRA;TAYSON RAMOS DE OLIVEIRA;;AVENIDA AFONSO PENA N;;BAIRRO DAS ROSAS;0613;RO;Brasil;78954000;OBSERVACAO ATUALIZAR CADASTRO. PADEIRO
01788;PF;89122100253;;;DIOLIZETE FERREIRA DOS SANTOS;DIOLIZETE FERREIRA DOS SANTOS;;NOVA ESPERANCA;;CENTRO;0613;RO;Brasil;76928000;[CIVIL=CASADO(A)] [OBS=SCPC/SPC-SILMARA] DO LAR
01797;PF;67559409253;927100;;EDNEIA MENDES DE CASTRO;EDNEIA MENDES DE CASTRO;;HERINGER S/N;;CENTRO;0613;RO;Brasil;78954000;[CIVIL=CASADO(A)] FUNC. PUBLICO
01790;PF;30573064890;368805979;;ALEXANDRO SERZOSKI;ALEXANDRO SERZOSKI;;AVENIDA AFONSO PENA N;;CENTRO;0613;RO;Brasil;78954000;OBS: ATUALIZAR CADASTRO CABELEREIRO
01789;PF;82425981268;00007584429;;ALVANUZA PEREIRA DAMACENA;ALVANUZA PEREIRA DAMACENA;092562197;RODOVIA 31 KM 16 LT 21 GB 12 B;;ZONA RURAL;0613;RO;Brasil;78954000;[CIVIL=CASADO(A)] DO LAR
01791;PF;69448353200;152224;;CONCEICAO GUADALUPE DE ABREU GERONIMO;CONCEICAO GUADALUPE DE ABREU GERONIMO;092935479;RODOVIA 32 KM 37 LT 30 GB 12F;;ZONA RURAL;0613;RO;Brasil;78954000;[CIVIL=CASADO(A)] LAVRADORA/APOSENTADA
01777;PF;00470419270;1068119;;MARCOS ANTONIO ARAUJO CUSTODIO;MARCOS ANTONIO ARAUJO CUSTODIO;092440117;RODOVIA 16/KM.31/LT.25/GB.08-B;;ZONA RURAL;0613;RO;Brasil;78954000;OBS:ATUALIZAR CADASTRO ESTUDANTE
01786;PF;58135120206;000555274;;JANDIRA CIRILO TEODORO;JANDIRA CIRILO TEODORO;;DANIEL HERINGER;;CENTRO;0613;RO;Brasil;78954000;OBSERVACAO ATUALIZAR CADASTRO APOSENTADA
01799;PF;56826893215;434052;;JOSE VICENTE CUSTODIO;JOSE VICENTE CUSTODIO;;RUA DUQUE DE CAXIAS;;CENTRO;0613;RO;Brasil;78954000;OBSERVACAO ATUALIZAR CADASTRO
01771;PF;51263009972;37708453;;JOAO BATISTA GOMES FERREIRA;JOAO BATISTA GOMES FERREIRA;;RODOVIA 37/KM.32/LM.12/GB.12-F;;ZONA RURAL;0613;RO;Brasil;78954000;OBSERVACAO ATUALIZAR CADASTRO LAVRADOR
01804;;;187199;;EDILSON ALVEZ DOS SANTOS;EDILSON ALVEZ DOS SANTOS;;RODOVIA 12/KM.31/LT.18/GB.12-A;;ZONA RURAL;6552;RO;Brasil;78954000;OBS: ATUALIZAR CADASTRO LAVRADOR
01800;PF;77317696234;795956;;MARLUCIA MARIA DE PAULA;MARLUCIA MARIA DE PAULA;092723932;RODOVIA 24/KM.37/LT.18/GB.12-E;;ZONA RURAL;0613;RO;Brasil;78954000;OBS: ATUALIZAR CADASTRO LAVRADORA
01770;PF;71102345253;000785241;;DILEUZA DE SOUZA NASCIMENTO;DILEUZA DE SOUZA NASCIMENTO;;SANTOS DUMONT;;CENTRO;0613;RO;Brasil;76928000;OBSERVACAO ATUALIZAR CADASTRO DO LAR
01802;PF;66740894272;654116;;DOMINGOS MARCELINO SILVESTRE;DOMINGOS MARCELINO SILVESTRE;;RODOVIA TN-10/LT.295/GB.01;;ZONA RURAL;0613;RO;Brasil;78954000;OBSERVACAO ATUALIZAR CADASTRO LAVRADOR
01782;PF;97268780206;000996096;;LEANDRO CLAUDINO LOPES;LEANDRO CLAUDINO LOPES;06992032530;RODOVIA 16 KM 31 LT 24 GB 8B;;ZONA RURAL;0613;RO;Brasil;78954000;OBSERVACAO ATUALIZAR CADASTRO LAVRADOR
01792;PF;00056434227;;;DIEGO DA SILVA WATERKEMPER;DIEGO DA SILVA WATERKEMPER;;RODOVIA 20/KM.31/LT.04/GB.08-D;;ZONA RURAL;0613;RO;Brasil;78954000;OBSERVACAO ATUALIZAR CADASTRO ESTUDANTE
01773;PF;00031601227;;;JOELMA DE FRANCA SOUZA;JOELMA DE FRANCA SOUZA;;RODOVIA 31/KM.16/LT.07/GB.08-B;;ZONA RURAL;0613;RO;Brasil;78954000;OBSERVACAO ATUALIZAR CADASTRO LAVRADORA
01793;PF;38664291268;434025;;SILVIO SANDRO ZOTESSO;SILVIO SANDRO ZOTESSO;;RODOVIA 37 KM 24;;ZONA RURAL;0613;RO;Brasil;78954000;[CIVIL=SOLTEIRO(A)] [OBS=ESTA NEGATIVADO NO SPC//SERASA] MECANICO
01774;PF;16253230263;155534;;GELSON PEREIRA CASTRO;GELSON PEREIRA CASTRO;;RODOVIA 31/KM.28/LT.30/GB.8-E;;ZONA RURAL;0613;RO;Brasil;78954000;OBSERVACAO ATUALIZAR CADASTRO LAVRADOR
01795;;;;;CAMILA DINIZ ALCANTARA;CAMILA DINIZ ALCANTARA;092854956;AFONSO PENA;;CENTRO;0613;RO;Brasil;76928000;ATUALIZAR CADASTRO
01769;PF;62082957268;579470;;CARLITA PEREIRA DA SILVA;CARLITA PEREIRA DA SILVA;;RODOVIA 37/KM.32/LT.30/GB.12-F;;ZONA RURAL;0613;RO;Brasil;78954000;OBS: ATUALIZAR CADASTRO
01744;PF;66215730220;794142;;CLAUDINEI GOMES MARTINS;CLAUDINEI GOMES MARTINS;;LH 04 KM 31 LOTE 08;ARRENDAMENTO;CENTRO;6552;RO;Brasil;76920000;AUTORIZADOS A COMPRAR: ELIZABETH, KAUANY, YASMIN, THAEMILLY, PAI E MÃE
01752;PF;34909907220;355866;;IZABEL DE OLIVEIRA ALCANTARA;IZABEL DE OLIVEIRA ALCANTARA;;LINHA 31 KM 28 LOTE 32 GL 8E;;ZONA RURAL;0613;RO;Brasil;78954000;ALTORIZA ROBISON E ANA PAULA
03198;PF;00537133208;001036005;;JESSICA SANTOS LIMA;JESSICA;;RUA SANTOS DUMON;CASA;CENTRO;0613;RO;Brasil;76928000;
01741;PF;91927200210;000625893;;IRENE MORGADO DIAS DA LUZ;IRENE MORGADO DIAS DA LUZ;;RUA BELMIRO AMARAL;;CENTRO;0613;RO;Brasil;76928000;OBS: ATUALIZAR CADASTRO LAVRADORA
01751;PF;29461286287;361705;;RUTE PEREIRA DA SILVA;RUTE PEREIRA DA SILVA;;LINHA 31 KM 08 GB12A LT 14;;ZONA RURAL;0613;RO;Brasil;76928000;OBS: ATUALIZAR CADASTRO LAVRADORA
01743;PF;97377465204;1166587;;JALMIR TEIXEIRA BATISTA (SOLUTION);JALMIR TEIXEIRA BATISTA;;RODOVIA 16/KM.22/LT.18;;ZONA RURAL;0613;RO;Brasil;78985400;[CIVIL=SOLTEIRO(A)] LAVRADOR COBRANÇA SETOR JURIDICO
01764;PF;84214465253;774368;;JEAN VIEIRA DE ARAUJO;JEAN VIEIRA DE ARAUJO;092919695;LINHA 22/KM.20/LT.16B /GB.08-D;;ZONA RURAL;0613;RO;Brasil;78954000;[CIVIL=CASADO(A)] ESTUDANTE
01736;PF;59552760259;610071;;MARCIO RICARDO DE SOUZA;MARCIO RICARDO DE SOUZA;;LINHA 20/KM.09/LT.08/GB.04-D;;ZONA RURAL;0613;RO;Brasil;76928000;OBS: ATUALIZAR CADASTRO LAVRADOR
01746;PF;99212811272;1083690;;CLAUDINEI FERREIRA DA CRUZ;CLAUDINEI FERREIRA DA CRUZ;;RODOVIA 24 KM 37 LT 12 GB 12E;;ZONA RURAL;0613;RO;Brasil;76928000;OBS: ATUALIZAR CADASTRO LAVRADOR
01737;PF;00114683271;1022689;;SIDNEY DE AMORIM MEDEIROS;SIDNEY DE AMORIM MEDEIROS;;LINHA 37 KM 20 LOTE 5 GLEBA 12D;;ZONA RURAL;0613;RO;Brasil;78954000;[CIVIL=SOLTEIRO(A)] LAVRADOR
01749;PF;04080530200;105990;;ILDO ALVES DE SOUZA;ILDO ALVES DE SOUZA;;RUA DAS PALMEIRAS;;CENTRO;0613;RO;Brasil;78954000;OBS: ATUALIZAR CADASTRO APOSENTADO
01763;PF;99523248200;;;ADEILSON DOS SANTOS LIMA;ADEILSON DOS SANTOS LIMA;6992964051;RODOVIA RUA VO LUIZA;;CENTRO;0613;RO;Brasil;76928000;[CIVIL=SOLTEIRO(A)] LAVRADOR
01739;PF;71727310691;19398274;;MARIA FRANCISCA DE JESUS;MARIA FRANCISCA DE JESUS;092854033;RUA ALMIRANTE BARROSO;;CENTRO;0613;RO;Brasil;78954000;OBSERVACAO ATUALIZAR CADASTRO PROFESSORA
01760;PF;28391578291;733875;;NILDA MARIA BENFICA;NILDA MARIA BENFICA;093572892;CONTORNO S/N;;CENTRO;0613;RO;Brasil;78954000;OBSERVACAO ATUALIZAR CADASTRO. DO LAR
01761;PF;78992192215;860077;;FABIO ASSIS ELOY;FABIO ASSIS ELOY;034651022;AFONSO PENA;;CENTRO;0613;RO;Brasil;76928000;OBS: ATUALIZAR CADASTRO GERENTE
01762;PF;95364846253;1037107;;PATRICIA MARQUES DA ROCHA NEGRINE;PATRICIA MARQUES DA ROCHA NEGRINE;;RUA TANCREDO NEVES;;CENTRO;0613;RO;Brasil;78954000;[CIVIL=SOLTEIRO(A)]
01755;PF;00291720200;1050775;;LEIA DE JESUS SCHULTZ SANFELICE;LEIA DE JESUS SCHULTZ SANFELICE;;RUA TANCREDO NEVES;;CENTRO;0613;RO;Brasil;78954000;OBSERVACAO ATUALIZAR CADASTRO ESTUDANTE
01758;PF;76413497220;815025;;FABIO MARTINS DE MOURA;FABIO MARTINS DE MOURA;093122758;DUMONT S/N;;CENTRO;0613;RO;Brasil;78954000;CANCELADO MOTIVO DE ATRASO. COBRANCA SIDNEI AGRICULTOR
01756;PF;13948725268;83342;;HENEDINA SOTELI MAGALHAES;HENEDINA SOTELI MAGALHAES;;CARAMUA;;URUPA;6547;RO;Brasil;78960000;OBS: ATUALIZAR CADASTRO
01766;PF;36209490930;2108308;;GERALDO LAERTE PEREIRA DOS SANTOS;GERALDO LAERTE PEREIRA DOS SANTOS;;RODOVIA 31 KM 28 LT29 GB 12-E;;ZONA RURAL;0613;RO;Brasil;78954000;OBSERVACAO ATUALIZAR CADASTRO LAVRADOR
01757;PF;69457832272;86380951;;LUZINETE LINDUARDO ROLDAO;LUZINETE LINDUARDO;6993093420;RODOVIA 12/KM.22 (ESQUINA);;ZONA RURAL;0613;RO;Brasil;78954000;OBSERVACAO ATUALIZAR CADASTRO LAVRADORA
01748;PF;85047899268;821343;;EDINELSON FERREIRA DA SILVA;EDINELSON FERREIRA DA SILVA;069928534;RODOVIA 24/KM.22/LT.05/GB.04-E;;ZONA RURAL;0613;RO;Brasil;76928000;[CIVIL=SOLTEIRO(A)] [OBS=ESTA FICHA FOI P/ ADVOGADA E HAVIA REATIVADO POR EDIVAGNER MAS A COMPRA FOI A MAE QUE PAGOU, POR ESSE MOTIVO ESTO DESATIVANDO POR ATRASO] LAVRADOR
01735;PF;52716368791;436056;;JOVALDIR TASSINARI;JOVALDIR TASSINARI;;RODOVIA 37/KM.16/LT.03/GB.12-C;;ZONA RURAL;0613;RO;Brasil;78954000;OBSERVACAO ATUALIZAR CADASTRO
01759;PF;11519894287;180307;;ALBINO OLIVEIRA;ALBINO OLIVEIRA;;RODOVIA 16/KM.37/LT.29/GB.12-B;;ZONA RURAL;0613;RO;Brasil;78954000;OBS: ATUALIZAR CADASTRO LAVRADOR
01745;PF;79261620272;846358;;CARLOS EDUARDO FLORENTINO;CARLOS EDUARDO FLORENTINO;;;;CENTRO;0001;RO;Brasil;78960000;OBS: ATUALIZAR CADASTRO OPERADOR DE MAQUINAS
01750;PF;00421657251;947774;;FLAVIO DINIZ ARAUJO NEVES;FLAVIO DINIZ ARAUJO NEVES;099122320;RODOVIA 16 KM 81 LT 29 GB B;;ZONA RURAL;6552;RO;Brasil;78950000;OBSERVACAO ATUALIZAR CADASTRO LAVRADOR
01740;PF;34078262813;16257999;;LUCIANA HENRIQUE DE OLIVEIRA;LUCIANA HENRIQUE DE OLIVEIRA;;MONTE CASTELO;;CENTRO;0613;RO;Brasil;76928000;[CIVIL=SOLTEIRO(A)] DO LAR
01753;PF;72322926272;763410;;MARCELO DA LUZ LOPES;MARCELO DA LUZ LOPES;;RODOVIA 31/KM.20/LT.22/GB.08-C;;ZONA RURAL;0613;RO;Brasil;78954000;OBS: ATUALIZAR CADASTRO FUNC.PUBLICO
01754;PF;35046856204;383515;;FRANCISCO TEODORO DE OLIVEIRA (¥);FRANCISCO TEODORO DE OLIVEIRA (¥);;RODOVIA 28/KM.31( TRAVESSAO MENDON_A );;ZONA RURAL;0613;RO;Brasil;78954000;OBSERVACAO ATUALIZAR CADASTRO LAVRADOR
01747;PF;36045470249;884243;;NOEL GONCALVES DA CRUZ;NOEL GON_ALVES DA CRUZ;;ITAUBA;;CENTRO;0613;RO;Brasil;78954000;[CIVIL=CASADO(A)] [OBS=ESTA NEGATIVADO NO SPC//SERASA] PEDREIRO
01767;PF;94480796215;1042559;;JUDSON DE ASSIS SANTOS;JUDSON DE ASSIS SANTOS;0920406053;JASMO DE CASTRO;;CENTRO;0613;RO;Brasil;76928000;[CIVIL=CASADO(A)] CONSULTOR DE VENDAS
01738;PF;08481512249;67126;;JONAS FAGUNDES DIAS;JONAS FAGUNDES DIAS;;RODOVIA 6 KM31 GB12C LT20;;CENTRO;0613;RO;Brasil;78954000;[CIVIL=SOLTEIRO(A)] LAVRADOR
01768;PF;81424132215;;;MANOEL SALUSTIANO NOBRE;MANOEL SALUSTIANO NOBRE;;RODOVIA 28/KM.31;;ZONA RURAL;0613;RO;Brasil;78954000;[CIVIL=SOLTEIRO(A)] APOSENTADO
03340;PF;70407002200;730451;;ROSENILDO FERREIRA SILVA;ROSENILDO FERREIRA SILVA;;LH 31 KL 24 LOTE 4 GLEBA 8E;CASA;ZONA RURAL;0613;RO;Brasil;78954000;LIMITE R$ 400,00
03345;PF;87903865749;181482SSP RO;;MARIO CESAR ALVES DA ROCHA;MARIO CESAR ALVES DA ROCHA;69993043560;LH 12 LOTE 1 GLEBA 4B KL 22;;ZONA RURAL;0613;RO;Brasil;78954000;LIMITE INICIAL DE R$ 500,00
03337;PF;90580206220;1396566;;ANDRESSA RODRIGUES DOS SANTOS;ANDRESSA RODRIGUES DOS SANTOS;;LINHA 37 KM 28 LOTE 13 GLEBA 12F;CASA;RURAL;0613;RO;Brasil;78954000;LIMITE DE R$ 500
01720;PF;00171666240;1108865;;ROSELI CARDOSO GASPARIN (¥);ROSELI CARDOSO GASPARIN (¥);;LH 24 KM 31 LT10 GL 8E;;ZONA RURAL;0613;RO;Brasil;76928000;CANCELADO MOTIVO DE ATRASO. COBRANCA FEITA PELO SIDNEI
01714;PF;99047721268;1084890;;IVANILDA NEGRINE GONCALVES;IVANILDA NEGRINE GONCALVES;;RODOVIA 31/KM.20/LT.21/GB.12-D;;ZONA RURAL;0613;RO;Brasil;78954000;PASSAR COMPRAR SO DEPOIS QUE PAGAR AS NOTAS RENEGOCIADAS. LAVRADORA
01715;PF;73099929204;776723;;MARISVANI TINELI NEGRINE;MARISVANI TINELI NEGRINE COSTA;;LINHA 31, KM 24 , LOTE 25 C, GLEBA 12D;;CENTRO;0613;RO;Brasil;78954000;
01706;PF;64797090200;448374;;DORILDA BRAUM CORREIA;DORILDA BRAUM CORREIA;69992163735;LH 16 KM 22 GL 8 B LT 19;;ZONA RURAL;0613;RO;Brasil;76928000;OBS: ATUALIZAR CADASTRO
01723;PF;00182828220;1070576;;ANDREONE BARBOSA PEREIRA;ANDREONE BARBOSA PEREIRA;;RODOVIA 28/KM.31/LT.39/GB.12-F;;ZONA RURAL;0613;RO;Brasil;78954000;LAVRADOR
01731;PF;89801318287;940983;;ADENILSON FERREIRA DA SILVA (OBS);ADENILSON FERREIRA DA SILVA (OBS);;RODOVIA 28/KM.37/LT.19/GB.12-F;;ZONA RURAL;0613;RO;Brasil;78954000;OBS: ATUALIZAR CADASTRO LAVRADOR
01710;PF;83167552204;758502;;JOCIVANIA DE OLIVEIRA RODRIGUES;JOCIVANIA DE OLIVEIRA RODRIGUES;;RUA DUQUE DE CAXIAS;;CENTRO;0613;RO;Brasil;78954000;[CIVIL=SOLTEIRO(A)]
01732;PF;07982550134;617923;;ALBERTO PEREIRA;ALBERTO PEREIRA;;AFONSO PENA;;CENTRO;0613;RO;Brasil;76928000;[CIVIL=CASADO(A)] CONSERTA REFRIGERADOR
01725;PF;91781370206;;;RENATO SANTOS DE SOUZA;RENATO SANTOS DE SOUZA;;DANIEL HERINGER;;CENTRO;0613;RO;Brasil;78954000;[CIVIL=SOLTEIRO(A)] [OBS=ATRASO]
01726;PF;87738643234;;;MIGUEL RENATO CARDOSO DE ARAUJO;MIGUEL RENATO CARDOSO DE ARAUJO;034651093;AVENIDA AFONSO PENA N;;CENTRO;0613;RO;Brasil;78954000;[CIVIL=SOLTEIRO(A)] AJUDANTE GERAL
01707;PF;92931251291;000970180;;KENIO ALEX ABILIO TEIXEIRA;KENIO ALEX ABILIO TEIXEIRA;;AFONSO PENA;;CENTRO;0613;RO;Brasil;76928000;OBS: ATUALIZAR CADASTRO
01709;PF;96955600249;1016347;;RENAN GOMES ANDRADE;RENAN GOMES ANDRADE;034651111;BELMIRO ARAUJO N;;CENTRO;0613;RO;Brasil;78954000;[CIVIL=SOLTEIRO(A)]
01733;PF;56894147272;523416;;ODAIR TOLEDO DE SOUZA;ODAIR TOLEDO DE SOUZA;092446847;RODOVIA 31/KM.16/LT.26-A/GB.08-B;;ZONA RURAL;0613;RO;Brasil;78954000;OBSERVACAO ATUALIZAR CADASTRO. LAVRADOR
01716;PF;29037760244;310488;;SEBASTIAO MULLER;SEBASTIAO MULLER;092842228;RODOVIA 28/KM.31/LT.20/GB.08-E;;ZONA RURAL;0613;RO;Brasil;78954000;OBSERVACAO ATUALIZAR CADASTRO. LAVRADOR
01718;PF;63686279215;674964;;HERMES MENEZES;HERMES MENEZES;092211741;RODOVIA 31/KM.20/LT.16/GB.12-D;;ZONA RURAL;0613;RO;Brasil;76928000;OBS: ATUALIZAR CADASTRO LAVRADOR
01719;PF;72092890204;758307;;SEBASTIANA INACIA DA COSTA;SEBASTIANA INACIA DA COSTA;093469725;RODOVIA 24/KM.31/LT.25/GB.12-E;;ZONA RURAL;0613;RO;Brasil;78954000;OBSERVACAO ATUALIZAR CADASTRO. DO LAR
01730;PF;47511460925;;;MANOEL DE JESUS RODRIGUES;MANOEL DE JESUS RODRIGUES;;VO LUIZA(PERTO IZALTINA;;CENTRO;0613;RO;Brasil;78954000;OBS: ATUALIZAR CADASTRO
01711;PF;86504398291;000949457;;ADILSON MOREIRA TOSTA;ADILSON MOREIRA TOSTA;;RODOVIA 31/KM.28/LT.40/GB.12-E;;ZONA RURAL;0613;RO;Brasil;78954000;OBS: ATUALIZAR CADASTRO
01721;PF;96564407220;944545;;LINDOMAR FELIPE;LINDOMAR FELIPE;092487092;RODOVIA 24/KM.37(EM FRENTE TONINHO ZOTES;;ZONA RURAL;0613;RO;Brasil;78954000;OBSERVACAO ATUALIZAR CADASTRO LAVRADOR
01703;;;;;ELENIR SIMONATO;ELENIR SIMONATO;092536294;DANIEL HERINGER;;CENTRO;0613;RO;Brasil;78954000;MOTIVO DE ATRASO. CANCELAMENTO AUTORIZADO POR SIDNEI
01713;PF;93808631287;972551;;TARCISIO RODRIGUES DE SOUZA;TARCISIO RODRIGUES DE SOUZA;;RODOVIA 31/KM.16/LT.17/GB.12-C;;ZONA RURAL;0613;RO;Brasil;78954000;[CIVIL=SOLTEIRO(A)] [OBS=CANCELADO, POR PAGAR ATRAZADO]
01704;PF;47025654272;507728;;JOAO BATISTA NETO;JOAO BATISTA NETO;;RODOVIA 24/KM.31/LT.23/GB.12-E;;ZONA RURAL;0613;RO;Brasil;78954000;OBSERVACAO ATUALIZAR CADASTRO LAVRADOR
01724;PF;68747594268;758385;;RAQUEL ANTUNES DOS SANTOS;RAQUEL ANTUNES DOS SANTOS;;RODOVIA 20/KM.31/LT.32/GB.12-C;;ZONA RURAL;0613;RO;Brasil;78954000;OBSERVACAO ATUALIZAR CADASTRO.
01734;PF;00519747208;00001073049;;WARLEI FARIAS DE CARVALHO;WARLEI FARIAS DE CARVALHO;;RODOVIA TN-10/LT.291/GB.01;;ZONA RURAL;0613;RO;Brasil;78954000;OBS: ATUALIZAR CADASTRO LAVRADOR
01705;PF;19100817287;1296103994;;PEDRO NOGUEIRA DOS SANTOS;PEDRO NOGUEIRA DOS SANTOS;;RODOVIA 31/KM.32/LT.62/GB.12-F;;ZONA RURAL;0613;RO;Brasil;78954000;[CIVIL=CASADO(A)] LAVRADOR
01717;PF;53393406272;945737;;JULIANA DE MELO;JULIANA DE MELO;;RODOVIA 20/KM.31/LT.12/GB.08-D;;ZONA RURAL;0613;RO;Brasil;78954000;[CIVIL=CASADO(A)] [OBS=ATRASO] LAVRADORA
01727;PF;97610224200;998683;;MIRIAM DA SILVA PINTO;MIRIAM DA SILVA PINTO;;RODOVIA 6 KM22 LT31 GB4B;;ZONA RURAL;0613;RO;Brasil;78954000;[CIVIL=CASADO(A)] LAVRADORA
01708;PF;94402124204;980414;;MARCIO OLIVEIRA REZENDE;MARCIO OLIVEIRA REZENDE;;RODOVIA 20/KM.22/LT.02/GB.04-D;;ZONA RURAL;0613;RO;Brasil;78954000;[CIVIL=SOLTEIRO(A)] LAVRADOR
01728;PF;78822491220;830288;;MARIA DA CONCEICAO ANTUNES DOS SANTOS;MARIA DA CONCEI_AO ANTUNES DOS SANTOS;;RODOVIA 37/KM.20/GB.12-C/LT.32-A;;ZONA RURAL;0613;RO;Brasil;78954000;OBS: ATUALIZAR CADASTRO APOSENTADA
01729;PF;91820758249;603683;;BENEDITA DEODATO DE JESUS;BENEDITA DEODATO DE JESUS;;RODOVIA 16/KM.31/LT.22/GB.12-B;;ZONA RURAL;0613;RO;Brasil;78954000;OBS: ATUALIZAR CADASTRO
01684;PF;71373870206;820486;;AFRANIO JORGE LOPES;AFRANIO JORGE LOPES;;RODOVIA 31/KM.12/GB.08-B/LT.05A;;ZONA RURAL;0613;RO;Brasil;78954000;
01695;PF;40904059634;603642;;SEBASTIAO HONORIO DA SILVA;SEBASTIAO HONORIO DA SILVA;;LINHA 31/KM.20/LT.21 GL 12D;;ZONA RURAL;0613;RO;Brasil;78954000;OBS: ATUALIZAR CADASTRO TRAB.RURAL
01702;PF;70351228268;758891;;ALESSANDRO ANTONIO GOMES;ALESSANDRO ANTONIO GOMES;;ANGELA DE FATIMA;;CENTRO;0613;RO;Brasil;76928000;OBS: ATUALIZAR CADASTRO MOTORISTA
01685;PF;90709993234;1036631;;ROSELAINE DA SILVA RAMOS DE SOUZA;ROSELAINE DA SILVA RAMOS DE SOUZA;;BELMIRO ARAUJO;;CENTRO;0613;RO;Brasil;76928000;
01696;PF;92224474253;1046702;;CRISTINA ANTONIA BELO (SOLUTION);CRISTINA ANTONIA BELO;;RODOVIA 24,KM.31,GB.08-E/LT.08;;ZONA RURAL;0613;RO;Brasil;78954000;SOLUTION - NÃO VENDER À PRAZO COBRANÇA SETOR JURIDICO
01697;PF;49855425200;517166;;ALAN KARDEK CASTRO DE OLIVEIRA;ALAN KARDEK CASTRO DE OLIVEIRA;;RODOVIA 28/KM.12/LT.15/GB.04;;ZONA RURAL;0613;RO;Brasil;78954000;OBS: ATUALIZAR CADASTRO TRAB. RURAL
01668;PF;40860418200;415019;;PAULO NOBRE DOS SANTOS;PAULO NOBRE DOS SANTOS;;LINHA 31 KM 16 LOTE 35 GB 08-B;;ZONA RURAL;0613;RO;Brasil;78954000;OBS: ATUALIZAR CADASTRO LAVRADOR
01698;PF;93245106220;972669;;ADEIR TEIXEIRA DE CARVALHO;ADEIR TEIXEIRA DE CARVALHO;;LINHA 37 KM 28 LOTE 42 GLEBA 12E;;ZONA RURAL;0613;RO;Brasil;76928000;OBS: ATUALIZAR CADASTRO LAVRADOR
01669;PF;65202961200;271391;;ADENIR BATISTA DA SILVA;ADENIR BATISTA DA SILVA;092461972;RODOVIA 12/KM.31/LT.28/GB.08-A;;ZONA RURAL;6552;RO;Brasil;78950000;LAVRADOR
01688;PF;72752211287;11170373;;EVA LUCIANO DE FARIA CARVALHO;EVA LUCIANO DE FARIA CARVALHO;;RODOVIA TN-10/KM.18/LT.291/GB.01;;ZONA RURAL;0613;RO;Brasil;78954000;LAVRADORA
01692;PF;84117540220;897704;;GILMAR VITORINO LOPES;GILMAR VITORINO LOPES;;RUA RIO BRANCO/N;;RO;0613;RO;Brasil;78954000;OBS: ATUALIZAR CADASTRO SERVIC_O GERAL
01690;PF;73501140282;30280096;;JOSE EUDES DE CASTRO ROCHA;JOSE EUDES DE CASTRO ROCHA;092999686;RUA LUIZ BORGES-N;;CENTRO;0613;RO;Brasil;78954000;OBSERVACAO ATUALIZAR CADASTRO TRAB CERAMICA
01675;PF;42109876204;447070;;ELISA DE OLIVEIRA;ELISA DE OLIVEIRA;;RUA JORGE TEIXEIRA N;;CENTRO;0613;RO;Brasil;78954000;OBS: ATUALIZAR CADASTRO APOSENTADA
01677;PF;86886240200;782974;;MILEIDE DAS NEVES RODRIGUES;MILEIDE DAS NEVES RODRIGUES;;AVENIDA AFONSO PENA N;;CENTRO;0613;RO;Brasil;78954000;[CIVIL=CASADO(A)] VENDEDORA
01674;PF;59875577987;;;JOSE LUIZ DA COSTA;JOSE LUIZ DA COSTA;092952880;AVENIDA AFONSO PENA//EM FRENTE AO VITALL;;CENTRO;0613;RO;Brasil;76928000;OBSERVACAO ATUALIZAR CADASTRO VENDEDOR DE GAZ
01699;PF;19162103253;381418;;NEUSA DE MATOS CANDIDO;NEUSA DE MATOS CANDIDO;092525374;RODOVIA 24/KM.31/LT.27/GB.12-D;;ZONA RURAL;0613;RO;Brasil;78954000;[CIVIL=SOLTEIRO(A)]
01700;PF;29463360263;384473;;ROBERTO MOREIRA DA SILVA (¥);ROBERTO MOREIRA DA SILVA (¥);092073566;RODOVIA TN-02/LT.565/GB.01;;ZONA RURAL;0613;RO;Brasil;78954000;OBSERVACAO ATUALIZAR CADASTRO. MOTORISTA
01679;PF;86504312249;;;MARIA DA CONCEICAO REIS;MARIA DA CONCEICAO REIS;093100349;RODOVIA 28/KM.31/LT.49/GB.12-F ( OSVANIR;;ZONA RURAL;0613;RO;Brasil;78954000;OBSERVACAO ATUALIZAR CADASTRO LAVRADORA
01670;PF;46906746200;498610;;INEZ DE ALMEIDA SILVA;INEZ DE ALMEIDA SILVA;;RODOVIA 37,KM.24,LT.43,GB.12-D;;BAIRRO DAS ROSAS;0613;RO;Brasil;78954000;OBS: ATUALIZAR CADASTRO TRAB RURAL
01671;PF;00132680238;1034746;;GLEICIANE ALVES DE MATOS;GLEICIANE ALVES DE MATOS;;RODOVIA 16/KM.31/LT.22/GB.12;;ZONA RURAL;0613;RO;Brasil;78954000;[CIVIL=SOLTEIRO(A)] [OBS=FICHA P/ ADVOGADA] OBS: FICHA CANCELADA POR MOTIVO DE ATRASO. ESTDUTANTE
01681;PF;88882888215;758403;;MARCELINA QUEURA DOS SANTOS;MARCELINA QUEURA DOS SANTOS;;RODOVIA 20/KM.22/LT.24/GB.08-C;;ZONA RURAL;0613;RO;Brasil;78954000;OBS: ATUALIZAR CADASTRO LAVRADORA
01691;PF;86714171234;8329277;;JOAO BATISTA DE AVELINO;JOAO BATISTA DE AVELINO;;RODOVIA 24/KM.31/GB.12-E/LT.18;;ZONA RURAL;0613;RO;Brasil;76928000;[CIVIL=CASADO(A)] LAVRADOR
01672;PF;62729543287;103100;;MARIA PEREIRA DOS SANTOS;MARIA PEREIRA DOS SANTOS;092394171;RODOVIA 20/KM.31/LT.22/GB.12-C;;ZONA RURAL;0613;RO;Brasil;78954000;OBSERVACAO ATUALIZAR CADASTRO APOSENTADA
01682;PF;85065838291;823052;;TAIANE LOPES PEREIRA;TAIANE LOPES PEREIRA;;;;CENTRO;0613;RO;Brasil;78954000;OBSERVACAO ATUALIZAR CADASTRO. ESTUDANTE
01673;PF;42215196220;603665;;ORLANDO SANTOS MENEZES;ORLANDO SANTOS MENEZES;;RODOVIA 16/KM.31/LT.21/GB.12-D;;ZONA RURAL;0613;RO;Brasil;78954000;OBSERVACAO ATUALIZAR CADASTRO. LAVRADOR
01683;PF;61267619287;930997;;DORVALINA ARANHA DOS SANTOS;DORVALINA ARANHA DOS SANTOS;;RUA MONTE CASTELO(GRILO;;CENTRO;0613;RO;Brasil;78954000;OBS: ATUALIZAR CADASTRO APOSENTADA
01693;PF;81213700272;773173;;NOECIO CUSTODIO DE SOUZA;NOECIO CUSTODIO DE SOUZA;;AFONSO PENA;;CENTRO;0613;RO;Brasil;76928000;OBSERVACAO ATUALIZAR CADASTRO.
01694;PF;98808737268;;;RICARDO DE CRISTO PEREIRA;RICARDO DE CRISTO PEREIRA;092835593;RODOVIA 16/KM.37/GB.12.B/LT.28;;ZONA RURAL;0613;RO;Brasil;78954000;OBSERVACAO ATUALIZAR CADASTRO.
01676;PF;48558737215;997356;;DINAIR PEREIRA BASTO;DINAIR PEREIRA BASTO;099764127;RODOVIA TN-18/LT.127/GB.01;;ZONA RURAL;0613;RO;Brasil;78954000;[CIVIL=CASADO(A)] [OBS=ADVOGADA] LAVRADORA
01686;PF;64879798215;11560649;;TEREZILA LIMA DE ANDRADE;TEREZILA LIMA DE ANDRADE;;RODOVIA 22/KM.20/GB.04-C/LT.32;;ZONA RURAL;0613;RO;Brasil;78954000;[CIVIL=CASADO(A)] [OBS=ADVOGADA-CANCELAR APOS PAGAMENTO] LAVRADORA
01678;PF;00061227285;;;VALMERIO GON_AVES SOARES;VALMERIO GON_AVES SOARES;;"RODOVIA 37;KM.16,GB.12-B,LT.08";;ZONA RURAL;0613;RO;Brasil;78954000;[CIVIL=SOLTEIRO(A)] AGRIGUTOR
01689;PF;82688346253;;;JIVALDA SANTOS DE SOUZA;JIVALDA SANTOS DE SOUZA;;RUA TANCREDO NEVES (IRACI;;CENTRO;0613;RO;Brasil;78954000;[CIVIL=SOLTEIRO(A)] [OBS=ADVOGADA] DO LAR
01701;PF;71097066215;758899;;AMADEU RODRIGUES SOARES;AMADEU RODRIGUES SOARES;;RODOVIA T-01/LT.16/GB.01-A;;ZONA RURAL;9653;RO;Brasil;78955000;OBS: ATUALIZAR CADASTRO LAVRADOR
01665;PF;75662060282;1584873;;NEIDE MARIA DE OLIVEIRA AUGUSTO;NEIDE MARIA DE OLIVEIRA AUGUSTO;;RUA MIGUEL RODRIGUES;;CENTRO;0613;RO;Brasil;78954000;OBS:ATUALIZAR CADASTRO DO LAR
01667;PF;13976575291;174955;;MARIA HELENA CARDOSO FERREIRA;MARIA HELENA CARDOSO FERREIRA;981361601;LINHA 24 KM 22 GB 04 LT 32D;;ZONA RURAL;0613;RO;Brasil;78954000;OBS: ATUALIZAR CADASTRO TRA.RURAL
01638;PF;87154668687;6505396;;NOEL JOSE DE ALMEIDA;NOEL JOSE DE ALMEIDA;;RODOVIA LH 28 KM 37 LT31 GB12F;;ZONA RURAL;0613;RO;Brasil;76928000;
01648;PF;73420085249;773058;;ROSELY LEITE DE OLIVEIRA DE SOUZA;ROSELY LEITE DE OLIVEIRA DE SOUZA;;RODOVIA 24/KM.31/LT.24/GB.12-E;;ZONA RURAL;0613;RO;Brasil;78954000;OBS: ATUALIZAR CADASTRO LAVRADORA
01655;PF;72727462204;765910;;MARIA DAS GRACAS MAZARIM;MARIA DAS GRACAS MAZARIM;;RUA SANTOS DUMON;;CENTRO;9653;RO;Brasil;78955000;[CIVIL=SOLTEIRO(A)] LAVRADORA
01641;PF;71917560710;882276;;FRANCISCO DE OLIVEIRA ALVES;FRANCISCO DE OLIVEIRA ALVES;;RUA DO CONTORNO N;;CENTRO;0613;RO;Brasil;78954000;OBSERVACAO ATUALIZAR CADASTRO MOTORISTA
01654;PF;81577915291;929285;;ANSELMO MAGNO SOARES SANTOS;ANSELMO MAGNO SOARES SANTOS;;RUA NOVA ESPERAN_A N;;CENTRO;0613;RO;Brasil;78954000;[CIVIL=SOLTEIRO(A)] [OBS=MOTIVO DE ATRASO] LAVRADOR
01666;PF;20306199149;182536;;ANTONIO RODRIGUES DOS SANTOS;ANTONIO RODRIGUES DOS SANTOS;092895994;JASMO DE CASTRO N;;CENTRO;0613;RO;Brasil;78954000;OBS: ATUALIZAR CADASTRO APOSENTADO
01664;PF;84688645287;874666;;RUTH MOREIRA TOSTA DE OLIVEIRA;RUTH MOREIRA TOSTA DE OLIVEIRA;092593202;RUA VA JUIZA,N;;BAIRRO DAS ROSAS;0613;RO;Brasil;78954000;CANCELADO POR MOTIVOS DE ATRASO OBS: COBRADOR DO LAR
01661;PF;00029665221;1017241;;LEANDRO CORALESKI;LEANDRO CORALESKI;;RUA DEQUE DE CAXIAS N;;CENTRO;6545;RO;Brasil;78940000;[CIVIL=SOLTEIRO(A)] MOTORISTA
01652;PF;42257379268;467449;;MARIA JOANA;MARIA JOANA;092592771;RODOVIA 24/KM.31/LT.18/GB.12-E;;ZONA RURAL;0613;RO;Brasil;76928000;OBSERVACAO ATUALIZAR CADASTRO LAVRADORA
01649;PF;93262930253;972578;;RONALDO BARBOSA DOS SANTOS;RONALDO BARBOSA DOS SANTOS;;RODOVIA LH31 KM 16 GB 8 B LT 35;;ZONA RURAL;0613;RO;Brasil;76928000;OBS: ATUALIZAR CADASTRO APOSENTADO
01640;PF;02649351284;603659;;MARIA APARECIDA DE ARAUJO SANTOS;MARIA APARECIDA DE ARAUJO SANTOS;6993755727;RODOVIA 16,KM.31,GB.08-C,LT.08;;ZONA RURAL;0613;RO;Brasil;78954000;OBS: ATUAIZAR CADASTRO TRA.RURAL
01645;PF;79042015268;;;ZULMIRA DA SILVA GOMES;ZULMIRA DA SILVA GOMES;;RODOVIA 24/KM.31/LH.21/GB.12-E;;ZONA RURAL;0613;RO;Brasil;78954000;OBSERVACAO ATUALIZAR CADASTRO. LAVRADORA
01644;PF;65049748291;631904;;ANANIAS DE ABREU;ANANIAS DE ABREU;092166030;RODOVIA 31/KM.16/LT.07/GB.08-C;;ZONA RURAL;0613;RO;Brasil;78954000;OBS: ATUALIZAR CADASTRO LAVRADOR
01647;PF;74040839234;757997;;ERIVAN PAULO LOPES;ERIVAN PAULO LOPES;;RODOVIA 16/KM.31/LT.32/GB.08-B;;ZONA RURAL;0613;RO;Brasil;78954000;[CIVIL=SOLTEIRO(A)] [OBS=ATRASO] LAVRADOR
01657;PF;64846520234;581063;;CICERO APARECIDO COSTA;CICERO APARECIDO COSTA;;;;BAIRRO DAS ROSAS;0001;RO;Brasil;78960000;ATUALIZAR CADASTRO
01646;PF;00113709200;1016848;;RENATO KRUGEL DA ROCHA;RENATO KRUGEL DA ROCHA;092093715;RODOVIA 12/KM.22/LT.01/GB.04-B;;ZONA RURAL;6552;RO;Brasil;78954000;OBSERVACAO ATUALIZAR CADASTRO. LAVRADOR
01650;PF;28335856915;503004;;MILTON DE LIMA;MILTON DE LIMA;;RODOVIA 16/KM.31/LT.29/GB.08-B;;ZONA RURAL;0613;RO;Brasil;78954000;OBS: ATUALIZAR CADASTRO APOSENTADO
01660;PF;16255542220;153448;;DINORA LANES GOUTART;DINORA LANES GOUTART;;RODOVIA 31/KM.16/LT.07/GB.08-C;;ZONA RURAL;0613;RO;Brasil;78954000;OBSERVACAO ATUALIZAR CADASTRO APOSENTADA
01651;PF;90581407253;;;JOSIANE RIBEIRO SANTANA;JOSIANE RIBEIRO SANTANA;;RODOVIA 32/KM.37/LT.28/GB.08-F;;ZONA RURAL;0613;RO;Brasil;78954000;[CIVIL=CASADO(A)] LAVRADORA
01642;PF;04995451684;631586;;CLEUDIANA DIAS VALADARES DOS REIS;CLEUDIANA DIAS VALADARES DOS REIS;;RODOVIA 37/KM.28/LT.12/GB.12-E;;ZONA RURAL;0613;RO;Brasil;78954000;"OBS; ATUALIZAR CADASTRO LAVRADORA"
01662;PF;68873271200;16174089;;IDELICI MARIZA SANTOS;IDELICI MARIZA SANTOS;092820645;RODOVIA 20/KM.22/LT.23/GB.08-C;;ZONA RURAL;0613;RO;Brasil;78954000;OBS: ATUALIZAR CADASTRO AGENTE COMUNITARIA
01643;PF;28679016268;480549;;MARLI ALCANTARA BENITES;MARLI ALCANTARA BENITES;092345791;RUA DUQUE DE CAXIAS (ASSEMBLEIA DE DEUS;;CENTRO;0613;RO;Brasil;78954000;OBS: ATUALIZAR CADASTRO PROFESSORA
01653;PF;62487256249;600369;;ROSALVO GON_AVES BISPO;ROSALVO GON_AVES BISPO;;RODOVIA TN.06,GB.01,LT.;;ZONA RURAL;0613;RO;Brasil;78954000;OBSERVACAO ATUALIZAR CADASTRO. TRAB.RUAL
01663;PF;79424759720;;;ATACILIA PINTO DE SOUZA;ATACILIA PINTO DE SOUZA;;RODOVIA 20 KM.09,GB-04-C,LT:25;;ZONA RURAL;0613;RO;Brasil;76928000;OBS: ATUALIZAR CADASTRO APOSENTADA
01634;PF;78942390200;991257;;MAURIZETE DA SILVA SOUZA;MAURIZETE DA SILVA SOUZA;;RUA BELMIRO ARAULO;;CENTRO;0613;RO;Brasil;78954000;[CIVIL=CASADO(A)] LAVRADORA
01635;PF;33743886634;380472;;ANTONIO FERREIRA LEITE;ANTONIO FERREIRA LEITE;;RODOVIA T-N.02,GB.01,LT.587;;ZONA RURAL;0613;RO;Brasil;78954000;OBS: ATUALIZAR CADASTRO APOSENTADO
01636;PF;79588573220;978182;;DEIVSOM MORGAN DE SOUZA;DEIVSOM MORGAN DE SOUZA;;RODOVIA TN-10/LT.411/GB.01;;ZONA RURAL;0613;RO;Brasil;78954000;OBSERVACAO ATUALIZAR CADASTRO LAVRADOR
01637;PF;99523213253;1023076;;EDVALDO OLIVEIRA AUGUSTO;EDVALDO OLIVEIRA AUGUSTO;;RODOVIA 20/KM.22/LT.20/GB.08-C;;ZONA RURAL;0613;RO;Brasil;78954000;OBS: ATUALIZAR CADASTRO LAVRADOR
01658;PF;42112940244;466567;;JOSE MARTINS;JOSE MARTINS;;RODOVIA 24/KM.37/LT.41/GB.12-D;;ZONA RURAL;0613;RO;Brasil;78954000;OBS: ATUALIZAR CADASTRO LAVRADOR
01639;PF;88631133272;940962;;ANDRE FERREIRA DA SILVA;ANDRE FERREIRA DA SILVA;;RODOVIA 28/KM.37/LT.39/GB.12-F;;ZONA RURAL;0613;RO;Brasil;78954000;OBSERVACAO ATUALIZAR CADASTRO. LAVRADOR
01659;PF;99777045700;259957;;SILDA RODRIGUES DA SILVA;SILDA RODRIGUES DA SILVA;;RODOVIA 31/KM.16/LT.20/GB.12-C;;ZONA RURAL;0613;RO;Brasil;78954000;OBSERVACAO ATUALIZAR CADASTRO. APOSENTADA
01601;PF;88178978253;919157;;GENILSON SOARES SOUZA;GENILSON SOARES SOUZA;;RODOVIA 24,LT.25,GB,12-D;;ZONA RURAL;0613;RO;Brasil;78954000;DOCUMENTO EM ATRASO!!! DOCUMENTO EM ATRASO!!!
01622;PF;38600862272;398797;;SONIA NOBRE FERREIRA DE ALMEIDA;SONIA NOBRE FERREIRA DE ALMEIDA;092378785;AVENIDA AFONSO PENA;;CENTRO;0613;RO;Brasil;76928000;OBSERVACAO ATUALIZAR CADASTRO. DO LAR
01623;PF;73932035291;448077;;MARLY RIBEIRO DE ARAUJO;MARLY RIBEIRO DE ARAUJO;;LH 31 KM 20 LOTE 2 GLEBA 8D;;ZONA RURAL;0613;RO;Brasil;78954000;
01614;PF;34898247253;381151;;COSME DOS SANTOS SALMENTO;COSME DOS SANTOS;;RODOVIA 28,KM.31.LT.31,GB-08 E;;ZONA RURAL;0613;RO;Brasil;78954000;OBS: ATUALIZAR CADASTRO
01616;PF;77252683249;963113;;MARIA DIORGENIS RICARDO;MARIA DIORGENIS RICARDO;;RODOVIA 37/KM.20/LT.36/GB.12-C;;ZONA RURAL;0613;RO;Brasil;78954000;OBS: ATUALIZAR CADASTRO APOSENTADA
01602;PF;96455381220;994566;;EDENILSON SILVA LIRA;EDENILSON SILVA LIRA;;AVENIDA AFONSO PENA N;;CENTRO;0613;RO;Brasil;78954000;OBS: ATUALIZAR CADASTRO
01605;PF;49890301253;313917;;DANIEL ROCHA(BIRIBA);DANIEL ROCHA(BIRIBA);;AVENIDA AFONSO PENA N;;CENTRO;0613;RO;Brasil;78954000;OBSERVACAO ATUALIZAR CADASTRO TRABALHA C/ ONIBUS ESCOLAR
01615;PF;41463641672;2355058;;GERALDO MAGELA BEDETTI BASTOS;GERALDO MAGELA BEDETTI BASTOS;06992228940;JASMO DE CASTRO N;;CENTRO;0613;RO;Brasil;78954000;OBSERVACAO ATUALIZAR CADASTRO
01625;PF;71016112220;742844;;SILVANA DE PAULA SILVA;SILVANA DE PAULA SILVA;;RUA TANCREDO NEVES N;;CENTRO;0613;RO;Brasil;78954000;OBSERVACAO ATUALIZAR CADASTRO. DO LAR
01627;PF;68721811253;675479;;ANA MONICA LAUVE;ANA MONICA LAUVE;;RUA JORGE TEIXEIRA N;;CENTRO;0613;RO;Brasil;78954000;OBS: ATUALIZAR CADASTRO
01620;PF;65851455772;654812;;ILSON TINELLI;ILSON TINELLI;092615139;RODOVIA 24.KM.31.LT24,GB.12-E;;BAIRRO DAS ROSAS;0613;RO;Brasil;78954000;[CIVIL=SOLTEIRO(A)] TRAB.RURAL
01610;PF;47464453972;631896;;ORAIDA CARDOSO DE MORAIS VILELA;ORAIDA CARDOSO DE MORAIS;;RUA JOSE MARTINS DE OLIVEIRA;;CENTRO;0613;RO;Brasil;78954000;[CIVIL=CASADO(A)] DO LAR
01603;PF;62878549287;6354677;;VIVALDINA MENDES DE SOUZA;VIVALDINA MENDES DE SOUZA;092827257;RODOVIA 28, KM.31 ,LT;;ZONA RURAL;0613;RO;Brasil;78954000;OBSERVACAO ATUALIZAR CADASTRO.
01613;PF;99153130200;1007884;;ANGELICA MERCANDELI FIGUEIREDO;ANGELICA MERCANDELI FIGUEIREDO;092440098;RODOVIA 1 KM24 GB08E LT03;;ZONA RURAL;0613;RO;Brasil;78954000;OBS: ATUALIZAR CADASTRO LAVRADORA
01633;PF;58113282220;433673;;EDNA PISKE;EDNA PISKE;6981341645;RODOVIA LH 31 KM 28 LT 606 GL 01;;ZONA RURAL;0613;RO;Brasil;76928000;OBS: ATUALIZAR CADASTRO PROFESSORA
01607;PF;83451129272;877644;;HELENIR RODRIGUES DA SILVA;HELENIR RODRIGUES DA SILVA;0811308403;RODOVIA 24 ,KM.09,[ FAZENDA APURU;;ZONA RURAL;0613;RO;Brasil;78954000;OBS: ATUALIZAR CADASTRO DO LAR
01632;PF;45721122234;961781;;CELINA SCHULTZ SANFELICE;CELINA SCHULTZ SANFELICE;;RODOVIA TN-10,GB.01,LT.366;;ZONA RURAL;9653;MS;Brasil;79855000;OBS: ATUALIZAR CADASTRO
01612;PF;65831560244;12480483;;TEREZA BATISTA DA SILVA;TEREZA BATISTA DA SILVA;;;;CENTRO;0001;RO;Brasil;78960000;FALECEU APOSENTADA
01621;PF;45124485787;2491897;;JOSE GUADENCIO;JOSE GUADENCIO;;RODOVIA 24,LT.27,GB.12D;;ZONA RURAL;0613;RO;Brasil;78954000;OBSERVACAO ATUALIZAR CADASTRO APOSENTADO
01631;PF;62629077268;632881;;MARCILIA LUIZA SALES DE JESUS;MARCILIA LUIZA SALES DE JESUS;;RODOVIA 31/KM.20/LT.16/GB.12-C;;ZONA RURAL;0613;RO;Brasil;78954000;OBS: ATUALIZAR CADASTRO LAVRADORA
01604;PF;52456307291;;;SUZE SANTOS FONSECA SILVA;SUZE SANTOS FONSECA SILVA;093008237;RODOVIA 28/KM.37/LT.09/GB.12-F;;ZONA RURAL;0613;RO;Brasil;78954000;[CIVIL=CASADO(A)] LAVRADORA
01624;PF;24171387191;7832677;;ODIM PASCHOAL;ODIM PASCHOAL;;RUA DUQUE DE CAXIAS;;CENTRO;0613;RO;Brasil;78954000;[CIVIL=SOLTEIRO(A)]
01606;PF;97877760230;1022206;;PAULO RODRIGUES HENRIQUE (¥);PAULO RODRIGUES HENRIQUE (¥);;RUA SANTOS DUMONT,S/N;;CENTRO;0613;RO;Brasil;78954000;OBSERVACAO ATUALIZAR CADASTRO.
01617;PF;00100557201;885187;;JEDELSON LUCIANO PIO;JEDELSON LUCIANO PIO;;RODOVIA 28.KM.31,GB. LT.;;ZONA RURAL;0613;RO;Brasil;78954000;[CIVIL=SOLTEIRO(A)]
01628;PF;71115706268;741554;;LUCIANO ANTUNES DE FREITAS;LUCIANO ANTUNES DE FREITAS;;RODOVIA 37,KM.16,GB-12-B,LT.27;;ZONA RURAL;0613;RO;Brasil;78954000;OBSERVACAO ATUALIZAR CADASTRO
01609;PF;00726263214;00001083811;;JOAO BATISTA RAMOS;JOAO BATISTA RAMOS;092561420;RODOVIA 24,KM 37.LT14,GB.12-E;;ZONA RURAL;0613;RO;Brasil;78954000;OBSERVACAO ATUALIZAR CADASTRO LAVRADOR
01619;PF;66934460278;751312;;SALOMAO FRANCA TOME;SALOMAO FRANCA TOME;;RODOVIA 28,KM.31.LT.51,GB.12-F;;ZONA RURAL;0613;RO;Brasil;78954000;OBSERVACAO ATUALIZAR CADASTRO. TRB.RURAL
01629;PF;02829070259;6983;;BENELINDA TELLES RABELO;BENELINDA TELLES RABELO;;RODOVIA TN-02,GB.01,LT-594;;ZONA RURAL;0613;RO;Brasil;78954000;OBS: ATUALIZAR CADASTRO
01630;PF;81938799291;881699;;EDILSON SOARES MARTINS;EDILSON SOARES MARTINS;;RODOVIA TN-10/LT.28/GB.01;;ZONA RURAL;9653;RO;Brasil;78955000;OBS: ATUALIZAR CADASTRO LAVRADOR
01626;PF;82055416200;822732;;ALCEIR CIRILO FREIRA;ALCEIR CIRILO FREIRA;;RODOVIA TN-06,GB.01.LT-07;;ZONA RURAL;9653;RO;Brasil;78955000;OBS: ATUALIZAR CADASTRO TRAB.RUAL
01611;PF;91987288220;950917;;ROSINEIA CARNEIRO DA SILVA GOMES;ROSINEIA CARNEIRO DA SILVA GOMES;;DE NOVA UNIAO;;ZONA RURAL;0614;RO;Brasil;78954000;[CIVIL=SOLTEIRO(A)] LAVRADORA
01600;PF;29038987234;252936;;LUIZ CARLOS PEREIRA;LUIZ CARLOS PEREIRA;;RODOVIA TN-32, LT.541, GB-01;;ZONA RURAL;0613;RO;Brasil;78954000;[CIVIL=CASADO(A)] TRAB RURAL
01608;PF;81739036204;000880733;;WAGNER DO CARMO DE FREITAS;WAGNER DO CARMO DE FREITAS;;RODOVIA 16/KM.31/LT.33/GB.08-B;;ZONA RURAL;0613;RO;Brasil;78954000;OBSERVACAO ATUALIZAR CADASTRO.
01582;PF;89732936215;942597;;MARCOS DE LIMA E SILVA;MARCOS DE LIMA E SILVA;;RODOVIA 473/KM.32/LT.48/GB.12-F;CASA;ZONA RURAL;0613;RO;Brasil;76928000;SOMENTE O TITULAR AUTORIZADO A COMPRAR!!
01590;PF;58513809268;13785071;;ILTON SEVERINO DA SILVA;ILTON SEVERINO DA SILVA;;RUA VO LUIZA N;;CENTRO;0613;RO;Brasil;78954000;OBS: ATUALIZAR CADASTRO LAVRADOR
01592;PF;77746112234;832809;;LUCIANA MONTEIRO DA SILVA;LUCIANA MONTEIRO DA SILVA;092221887;RUA TANCREDO NEVES N;;CENTRO;0613;RO;Brasil;78954000;
01596;PF;72413115234;758455;;MARIA TEREZINHA DE JESUS FERREIRA;MARIA TEREZINHA DE JESUS FERREIRA;;LINHA TN-06/LT.403/GB 01;;ZONA RURAL;0613;RO;Brasil;76928000;LAVRADORA
01597;PF;00224168207;1005355;;LUCIANA LEMOS DA SILVA;LUCIANA LEMOS DA SILVA;;RUA DUQUE DE CAXIAS;CASA;CENTRO;0613;RO;Brasil;76928000;
01589;PF;91781400210;000976719;;LUCIANA DA SILVA SUPRIANO;LUCIANA DA SILVA SUPRIANO;;LINHA 31 KM 24 LOTE 25 GL 12D;;ZONA RURAL;0613;RO;Brasil;78954000;OBS: ATUALIZAR CADASTRO ESTUDANTE
01577;PF;08517762215;105101;;SEBASTIAO MARTINS DE FREITAS;SEBASTIAO MARTINS DE FREITAS;;BELMIRO ARAUJO N;;CENTRO;0613;RO;Brasil;78954000;OBS: ATUAIZAR CADASTRO APOSENTADO
01581;PF;29039967253;295344;;MARILZA PORTO DE ARAUJO;MARILZA PORTO DE ARAUJO;;JORGE TEIXEIRA /N;;CENTRO;0613;RO;Brasil;78954000;OBS: ATUALIZAR CADASTRO DO LAR
01591;PF;35130270282;398430;;VILSON FORMAIO;VILSON FORMAIO;;RUA TANCREDO NEVES N;;CENTRO;0613;RO;Brasil;78954000;[CIVIL=CASADO(A)] [OBS=CANCELAR APOS PAGAMENTO/ADVOGADA]
01583;PF;71772804215;868621;;GILBERTO TEODORO CIRILO;GILBERTO TEODORO CIRILO;;RUA DANIEL HERINGER N;;CENTRO;0613;RO;Brasil;76928000;OBSERVACAO ATUALIZAR CADASTRO
01574;PF;59555840210;640635;;MARIA NEUZA LUIZ GOMES;MARIA NEUZA LUIZ GOMES;092890856;JORGE TEIXEIRA N;;ZONA RURAL;0613;RO;Brasil;76928000;OBSERVACAO ATUALIZAR CADASTRO FUNC.PUBLICA
01584;PF;76031756234;773075;;DIVINA MATEUS IZATO;DIVINA MATEUS IZATO;;RODOVIA 37/KM.32/LT.24/GB.12-F;;ZONA RURAL;0613;RO;Brasil;78954000;OBSERVACAO ATUALIZAR CADASTRO LAVRADORA
01593;PF;03927032115;;;FLORIANO BARROS DA SILVA;FLORIANO BARROS DA SILVA;;RODOVIA 1 KM28 LT 35 GB08E;;ZONA RURAL;0613;RO;Brasil;78954000;OBSERVACAO ATUALIZAR CADASTRO LAVRADOR
01585;PF;42212618204;475104;;APARECIDA ARAUJO DA COSTA;APARECIDA ARAUJO DA COSTA;;RODOVIA TN06/LT.505/GB.01;;URUPA;0613;RO;Brasil;78954000;OBS: ATUALIZAR CADASTRO LAVRADORA
01569;PF;35051990282;361219;;IVETE CARDOSO ROSA;IVETE CARDOSO ROSA;092806647;RODOVIA 31/KM.16/LT.19-A/GB.12-B;;ZONA RURAL;0613;RO;Brasil;78954000;[CIVIL=CASADO(A)] LAVRADORA
01578;PF;83808507268;;;GEDEON AUGUSTINHO SILVA;GEDEON AUGUSTINHO SILVA;;;;;0001;RO;Brasil;78960000;OBSERVACAO ATUALIZAR CADASTRO
01580;;;;;PAULO(FARMACIA);PAULO(FARMACIA);;AFONSO PENA;;CENTRO;0613;RO;Brasil;76928000;OBSERVACAO ATUALIZAR CADASTRO.
01571;PF;95238212291;164625;;KEIDE DA SILVA PEDREIRA;KEIDE DA SILVA PEDREIRA;092413233;RUA TANCREDO NEVES N:1194/MUDOU P/ MATO;;CENTRO;0613;RO;Brasil;78954000;[CIVIL=CASADO(A)] DO LAR
01572;PF;68800142753;744049;;JOSE CARLOS SILVA DE SOUZA;JOSE CARLOS SILVA DE SOUZA;;RODOVIA TN-10/LT.411/GB.01;;ZONA RURAL;0613;RO;Brasil;78954000;OBSERVACAO ATUALIZAR CADASTRO LAVRADOR
01573;PF;78339634291;859043;;FRANCIELLE ZIMERMANN;FRANCIELLE ZIMERMANN;;AVENIDA AFONSO PENA;;ZONA RURAL;0613;RO;Brasil;78954000;OBSERVACAO ATUALIZAR CADASTRO
01575;PF;97622940259;998718;;ROBERTO SOARES APOLINARIO;ROBERTO SOARES APOLINARIO;;"RODOVIA 28,KM:31,GB:12-E,LT;35";;ZONA RURAL;0613;RO;Brasil;78954000;[CIVIL=CASADO(A)] TRAB.RURAL
01566;PF;67574750220;975958;;JUCIMAR VALDELINO DUARTE;JUCIMAR VALDELINO DUARTE;;RODOVIA 37,KM.24,LT.33,GB.12.D;;ZONA RURAL;0613;RO;Brasil;78954000;OBSERVACAO ATUALIZAR CADASTRO COMPRADOR DE BOI
01567;PF;31241379220;388880;;UBIRATAN JOSE SOARES;UBIRATAN JOSE SOARES;;RODOVIA 28/KM.37/LT.43;;ZONA RURAL;0613;RO;Brasil;78954000;OBSERVACAO ATUALIZAR CADASTRO. MOTORISTA
01587;PF;89732928204;941308;;ANDREIA ARAUJO DA SILVA;ANDREIA ARAUJO DA SILVA;;RODOVIA 24.KM.37,LT.11 , GB.12 E;;ZONA RURAL;0613;RO;Brasil;78954000;[CIVIL=CASADO(A)] [OBS=MOTIVO DE ATRASO] DO LAR
01568;PF;11416823700;506198;;JOSE ALVES DE SOUZA(ZE MINEIRO);JOSE ALVES DE SOUZA(ZE MINEIRO);;RODOVIA T-03/GB.08/LT.05;;ZONA RURAL;0613;RO;Brasil;78954000;OBSERVACAO ATUALIZAR CADASTRO APOSENTADO
01588;PF;41881885291;461579;;PAULO CEZAR GOMES DA SILVA;PAULO CEZAR GOMES DA SILVA;;RODOVIA 31/KM.28(2 KM AS DIREITA) MAURAO;;ZONA RURAL;0613;RO;Brasil;78954000;OBSERVACAO ATUALIZAR CADASTRO. LAVRADOR
01598;PF;62887106287;525314;;EDMUNDO BISPO DA SILVA;EDMUNDO BISPO DA SILVA;;RODOVIA 32/KM.37/LT.14/GB.12-F;;ZONA RURAL;0613;RO;Brasil;78954000;OBS: ATUALIZAR CADASTRO LAVRADOR
01579;PF;93709943272;958081;;LUCIMAR SOARES APOLINARIO;LUCIMAR SOARES APOLINARIO;;RODOVIA 28/KM.31/LT.35/GB.12-E;;ZONA RURAL;0613;RO;Brasil;78954000;[CIVIL=CASADO(A)] LAVRADORA
01599;PF;28627024200;287683;;AMARA JOAQUINA CUSTINHANDO;AMARA JOAQUINA CUSTINHANDO;;JASMO DE CASTRO;;CENTRO;0613;RO;Brasil;76928000;OBS: ATUALIZAR CADASTRO APOSENTADA
01595;PF;36943100297;413327;;MARIA HELENA PEREIRA;MARIA HELENA PEREIRA;;;;BAIRRO DAS ROSAS;0001;RO;Brasil;78960000;OBSERVACAO ATUALIZAR CADASTRO DO LAR
01594;PF;38598264253;408076;;ANGELO MARCOS DE SOUZA;ANGELO MARCOS DE SOUZA;;RODOVIA 20/KM.09/LT.08/GB.04-D;;ZONA RURAL;0613;RO;Brasil;78954000;OBS: ATUALIZAR CADASTRO LAVRADOR
01576;PF;47025972215;498638;;SIRLENE FERREIRA MENDES;SIRLENE FERREIRA MENDES;;RODOVIA 24/KM.31/LT.12/GB.12-E.;;ZONA RURAL;0613;RO;Brasil;78954000;OBSERVACAO ATUALIZAR CADASTRO. LAVRADORA
01586;PF;10290915287;106050;;DERMIVAL CORDEIRO DA SILVA;DERMIVAL CORDEIRO DA SILVA;;RODOVIA TN/10,LT.374,GB/01;;ZONA RURAL;0613;RO;Brasil;78954000;OBSERVACAO ATUALIZAR CADASTRO TRAB.RUAL
03336;PF;02389432247;1443413;;NAYARA BATISTA AUGUSTO;NAYARA BATISTA AUGUSTO;;RUA MONTE CASTELO;CASA;CENTRO;0613;RO;Brasil;78954000;LIMITE R$ 500
01544;PF;60432950249;595393;;GISLAINE BARBOSA DOS SANTOS;GISLAINE BARBOSA DOS SANTOS;092490188;RODOVIA 31/KM.16/GB.08-C/LT.07;;ZONA RURAL;0613;RO;Brasil;78954000;OBS: ATUALIZAR CADASTRO LAVRADORA
01556;PF;90843231220;949508;;VANILDA TEIXEIRA BATISTA;VANILDA TEIXEIRA BATISTA;;LINHA 16 DA LINHA 31, LT 32, GB 8B;;ZONA RURAL;0613;RO;Brasil;78954000;
01559;PF;87541327204;433656;;JACIRA FERREIRA DA VEIGA;JACIRA FERREIRA DA VEIGA;;RODOVIA 28/KM.31/LT.38/GB.12-E.;;ZONA RURAL;0613;RO;Brasil;76928000;[CIVIL=CASADO(A)] [OBS=MOTIVO A PROPRIA PEDIU P/ QUE NINGUEM POSSA COMPRAR, MAS SE A MESMA PRECISAR PODE REATIVAR] LAVRADORA
01539;PF;89702778204;;;GILBERTO GONCALVES DE SOUZA;GILBERTO GONCALVES DE SOUZA;;ALAIDES ALCANTARA;;BAIRRO DAS ROSAS;0613;RO;Brasil;76928000;OBS: ATUALIZAR CADASTRO
01553;PF;04584604860;15957343;;IVONE SANAGIOTTO FLORENTINO;IVONE SANAGIOTTO FLORENTINO;034651227;RUA DANIEL HERINGER N;;CENTRO;0613;RO;Brasil;76928000;OBS: ATUALIZAR CADASTRO DO LAR
01547;PF;73044261287;759076;;MARIA INES DE MEDEIROS DA SILVA (¥);MARIA INES DE MEDEIROS DA SILVA (¥);;RUA DUQUE DE CAXIAS N;;CENTRO;0613;RO;Brasil;78954000;OBSERVACAO ATUALIZAR CADASTRO FUNC.PUBLICO
01549;PF;62355910200;758135;;VANUZA HONORIO DA SILVA;VANUZA HONORIO DA SILVA;092632663;RUA NOVA ESPERAN_A N;;CENTRO;0613;RO;Brasil;78954000;RENEGOCICAO QUITADA. OBS: ATUALIZAR CADASTRO DO LAR
01540;PF;20377940291;214124;;NEUSA TERESINA LEMKE SIMIONI;NEUSA TERESINA LEMKE SIMIONI;;RUA LUIZ BORGES N;;ZONA RURAL;0613;RO;Brasil;78954000;OBSERVACAO ATUALIZAR CADASTRO.
01554;PF;28595688249;198223;;IZEDEQUIAS NUNES FONSECA;IZEDEQUIAS NUNES FONSECA;;RUA LUIZ BOEGES N;;CENTRO;0613;RO;Brasil;78954000;[CIVIL=CASADO(A)] FUNC. CAERD
01537;PF;96155167249;992809;;CHIRLEY REGINA DE ASSIS;CHIRLEY REGINA DE ASSIS;;TANCREDO NEVES , N;;CENTRO;0613;RO;Brasil;78954000;OBS: ATUALIZAR CADASTRO
01538;PF;96544023272;1017235;;EVELTON DA SILVA NETO;EVELTON DA SILVA NETO;;RUA ALMIRANTE BARROZO N;;ZONA RURAL;0613;RO;Brasil;78954000;[CIVIL=SOLTEIRO(A)] [OBS=ADVOGADA] ESTUDANTE
01551;PF;29386438291;106499;;JOSE ELOY FERREIRA NETO;JOSE ELOY FERRIRA NETO;;10,LT;;BAIRRO DAS ROSAS;9653;RO;Brasil;78955000;OBSERVACAO ATUALIZAR CADASTRO
01564;PF;52037215215;629317;;SILVIO CESAR MAGNADO;SILVIO CESAR MAGNADO;;RUA DUQUE DE CAXIAS N;;CENTRO;0613;RO;Brasil;78954000;OBSERVACAO ATUALIZAR CADASTRO. LAVRADOR
01561;PF;98160273215;1009355;;ADRIANO GONCALVES WATERKEMPER;ADRIANO GONCALVES WATERKEMPER;092532719;RODOVIA 0 KM31 GB08D LT20;;ZONA RURAL;0613;RO;Brasil;76928000;[CIVIL=SOLTEIRO(A)] [OBS=FICHA P/ ADIVOGADA] LAVRADOR
01562;PF;91998824268;963277;;MARCOS FERNANDES GOMES;MARCOS FERNANDES GOMES;092447185;RODOVIA 31/KM.16/LT.34/GB.08-B;;ZONA RURAL;0613;RO;Brasil;78954000;OBS: ATUALIZAR CADASTRO LAVRADOR
01541;PF;97781207220;16421;;VIVIANE DA SILVA BORGES TEIXEIRA;VIVIANE DA SILVA BORGES TEIXEIRA;092594009;RODOVIA 4 KM 31;;ZONA RURAL;0613;RO;Brasil;78954000;[CIVIL=CASADO(A)] DOMESTICA
01560;PF;67535690220;101646;;MARIA AMELIA DA SILVA BRITO;MARIA AMELIA DA SILVA BRITO;092447443;RODOVIA 31/KM.16/LT.13/GB.08-C;;ZONA RURAL;0613;RO;Brasil;78954000;OBS: ATUALIZAR CADASTRO LAVRADORA
01542;PF;34998926268;381217;;CORNELIA ITELVINA DE OLIVEIRA;CORNELIA ITELVINA DE OLIVEIRA;092891217;"RODOVIA 24 , KM: 09 , LT;29 - LADO ESQUE";;ZONA RURAL;0613;RO;Brasil;76928000;OBS: ATUALIZAR CADASTRO APOSENTADA
01552;PF;67224881287;448564;;LUZINETTE DE OLIVEIRA CORALESKI;LUZINETTE DE OLIVEIRA CORALESKI;6992890877;RODOVIA LH 24 KM 31 LOTE 24A GLEBA 4E;;CENTRO;0613;RO;Brasil;76928000;OBS: ATUALIZAR CADASTRO
01543;PF;89348540220;946344;;ROBERTO MATOS DA SILVEIRA;ROBERTO MATOS DA SILVEIRA;;RODOVIA TN02/GB.01/KM.09;;ZONA RURAL;0613;RO;Brasil;78954000;OBS: ATUALIZAR CADASTRO LAVRADOR
01563;PF;67304362200;442982;;NATALINA CEZAR RUFINO;NATALINA CEZAR RUFINO;;RODOVIA 37/KM.24/LT.09/GB.12-E;;ZONA RURAL;0613;RO;Brasil;76928000;OBS: ATUALIZAR CADASTRO APOSENTADA
01534;PF;97833665720;875799;;DEJAIR MARCELINO DIAS;DEJAIR MARCELINO DIAS;;RODOVIA 31/KM.16/LT.32/GB.08-B;;ZONA RURAL;0613;RO;Brasil;78954000;ATUALIZAR CADASTRO LAVRADOR
01546;PF;69282595234;182831;;MARIA NEUZENIR DOS SANTOS;MARIA NEUZENIR DOS SANTOS;06992532113;RODOVIA 20/KM.31/LT.23/GB.08-C;;ZONA RURAL;0613;RO;Brasil;78954000;OBSERVACAO ATUALIZAR CADASTRO LAVRADORA
01550;PF;80599010282;793679;;DEIDE LEONE ARAUJO;DEIDE LEONE ARAUJO;092024685;RODOVIA 31/KM.12/LT.03/GB.08-B.;;ZONA RURAL;6552;RO;Brasil;78950000;[CIVIL=CASADO(A)] [OBS=MOTIVO DE ATRASO] LAVRADORA
01533;PF;92818307287;94432;;GENILSON SOARES GON_ALVES;GENILSON SOARES GON_ALVES;;RODOVIA 32,KM:35 ,LT:48 ,GB-12-F;;ZONA RURAL;0613;RO;Brasil;78954000;OBSERVACAO ATUALIZAR CADASTRO LAVRADOR
01535;;;362247;;CUSTODIO VIEIRA DE MELO;CUSTODIO VIEIRA DE MELO;;RODOVIA TN06/LT.375/GB.03;;ZONA RURAL;0613;RO;Brasil;78954000;[CIVIL=CASADO(A)] AUXILIAR DE PRODU_CO
01545;PF;97773000263;13569097;;EVERTON MARTINS DUARTE;EVERTON MARTINS DUARTE;;RODOVIA 32/KM.31/GB.12-F/LT.36;;ZONA RURAL;0613;RO;Brasil;78954000;OBS: ATUALIZAR CADASTRO ESTUDANTE
01555;PF;00086971247;;;LILIAN DAIANE DE O. DOS S. FURTADO;LILIAN DAIANE DE OLIVEIRA DOS S. FURTADO;;AFONSO PENA;;CENTRO;0613;RO;Brasil;76928000;OBSERVACAO ATUALIZAR CADASTRO DO LAR
01536;PF;91726310230;963280;;EDSON BELMIRO DA SILVA;EDSON BELMIRO DA SILVA;092459545;RODOVIA 31/KM.28(ESQUINA);;ZONA RURAL;0613;RO;Brasil;78954000;[CIVIL=SOLTEIRO(A)] LAVRADOR
01548;PF;16037197504;2221769;;OTAVIO GONCALVES DA SILVA;OTAVIO GONCALVES DA SILVA;;RODOVIA 37/KM.24/LT.43/GB.12-D;;ZONA RURAL;0613;RO;Brasil;78954000;OBSERVACAO ATUALIZAR CADASTRO. LAVRADOR
01558;PF;78401887291;773063;;GERMESSON CORDEIRO DA ROCHA;GERMESSON CORDEIRO DA ROCHA;;RODOVIA 28/KM.31/LT.52/GB.12-F;;ZONA RURAL;0613;RO;Brasil;78954000;[CIVIL=CASADO(A)] LAVRADOR
01557;PF;69686343253;724336;;MARIA ELENA TEIXEIRA SOARES;MARIA ELENA TEIXEIRA SOARES;;RODOVIA TN-06,LT.474,GB-01;;ZONA RURAL;9653;RO;Brasil;78955000;OBSERVACAO ATUALIZAR CADASTRO DO LAR
01500;PF;93805101287;975697;;SANDRO AMARO DOS SANTOS;SANDRO AMARO DOS SANTOS;092679258;RUA LUIS BORGES;;CENTRO;0613;RO;Brasil;78954000;OBSERVACAO ATUALIZAR CADASTRO.
01520;PF;67539009268;435906;;MARZILA DE ABREU LEAL LOPES;MARZILA DE ABREU LEAL LOPES;;RODOVIA 16/KM.31(EM FRENTE CAMPO CAVEIRA;;ZONA RURAL;0613;RO;Brasil;78954000;
01511;PF;67278574234;557392;;JOSE CARLOS DE SOUZA;JOSE CARLOS DE SOUZA;;RODOVIA 37/KM.20/LT.41/GB.12-C;;ZONA RURAL;0613;RO;Brasil;78954000;OBS: ATUALIZAR CADASTRO LAVRADOR
01512;PF;76815951200;758035;;IZABEL DE MENEZES MARCELINO;IZABEL DE MENEZES MARCELINO;;LINHA 31/KM.16/LT28 /GL 08-B;;ZONA RURAL;0613;RO;Brasil;78954000;OBS: ATUALIZAR CADASTRO LAVRADORA
01497;PF;62747010287;631492;;VILMAR DA SILVA LEITE;VILMAR DA SILVA LEITE;;LH 20 KM 31 LT 23 GB 12C;CASA;ZONA RURAL;0613;RO;Brasil;76928000;
01518;PF;87346320263;965289;;FABIANA DA SILVA SUPRIANO;FABIANA DA SILVA SUPRIANO;;RUA JOSE MARTINS;;CENTRO;0613;RO;Brasil;76928000;OBS: ATUALIZAR CADASTRO DO LAR
01494;PF;81213590230;944707;;AGMAR VALDEMOURA DE FREITAS;AGMAR VALDEMOURA DE FREITAS;;RODOVIA LH 37 KM 24 LT 04 GL 12D;;ZONA RURAL;0613;RO;Brasil;76928000;OBS: ATUALIZAR CADASTRO TRAB.RURAL
01505;PF;82622302215;897325;;CATHIANE SILVA SANTOS;CATHIANE SILVA SANTOS;034651224;AVENIDA AFONSO PENA N;;CENTRO;0613;RO;Brasil;78954000;[CIVIL=SOLTEIRO(A)] [OBS=PROMISSORIA NAO ESTA ASSINADA PELO CLIENTE - NAO ENCONTROU] DO LAR
01498;PF;45678200291;487525;;ILDA ROSA DE JESUS;ILDA ROSA DE JESUS;;AVENIDA AFONSO PANA N;;CENTRO;0613;RO;Brasil;78954000;OBS: ATUALIZAR CADASTRO APOSENTADA
01519;PF;97523259200;997333;;ALEX LUIZ DA SILVA;ALEX LUIZ DA SILVA;;PENA S/N;;CENTRO;0613;RO;Brasil;78954000;[CIVIL=SOLTEIRO(A)] [OBS=(] SERVI_OS GERAIS
01509;PF;69439087234;731620;;MANOEL SANTOS DE SOUZA;AMARAL;6992940825;ANGELA DE FATIMA;;CENTRO;0613;RO;Brasil;76928000;ACOGUEIRO
01523;PF;52865312291;845573;;MARIA DA GLORIA MORAIS OLIVEIRA;MARIA DA GLORIA MORAIS OLIVEIRA;092853285;RODOVIA 24/KM.37/LT.17/GB.12-E.;;ZONA RURAL;0613;RO;Brasil;78954000;OBSERVACAO ATUALIZAR CADASTRO LAVRADORA
01499;PF;90261038249;944856;;ROMILDO MARTINS DE MOURA;ROMILDO MARTINS DE MOURA;092408813;ADILIO FERREIRA;;CENTRO;0613;RO;Brasil;78954000;[CIVIL=CASADO(A)] [OBS=SCPC/SPC-SILMARA] PEDREIRO
01504;PF;28964748204;378450;;ELIEZER MARTINS FERREIRA;ELIEZER MARTINS FERREIRA;;RODOVIA TN-06/GB.01/LT.644;;ZONA RURAL;9653;RO;Brasil;78955000;OBS: ATUALIZAR CADASTRO LAVRADOR
01522;PF;32653468204;331532;;JOSE APARECIDO MONTEIRO;JOSE APARECIDO MONTEIRO;092734275;RODOVIA 22, KM:20, GB.08-C, LT:24;;ZONA RURAL;0613;RO;Brasil;78954000;[CIVIL=CASADO(A)] LAVRADOR
01514;PF;04378374757;4478740;;MARIVALDO ALMEIDA SILVA;MARIVALDO ALMEIDA SILVA;;RODOVIA TN-04,GB.01,LT:639;;ZONA RURAL;0613;RO;Brasil;78954000;OBS: ATUALIZAR CADASTRO LAVRADOR
01516;PF;35130563204;435553;;IZABEL MARTINS SPADETO RODRIGUES;IZABEL MARTINS SPADETO RODRIGUES;6993229194;RODOVIA TN-06,LT:495, GB:01;;ZONA RURAL;0613;RO;Brasil;78954000;OBS: ATUALIZAR CADASTRO LAVRADORA
01508;PF;90609255215;985843;;NOEMI DE ARAUJO DEODATO;NOEMI DE ARAUJO DEODATO;;RODOVIA 16KM.31/LT.31/GB.08-B;;ZONA RURAL;0613;RO;Brasil;78954000;OBS: ATUALIZAR CADASTRO AGENTE ADMINISTRATIVO
01510;PF;77277775287;654382;;CLAUDIO LOPES DA SILVA VASCONCELOS;CLAUDIO LOPES DA SILVA VASCONCELOS;092447716;RODOVIA 28/KM.31 ESQUERDA 2KM DA BR;;ZONA RURAL;0613;RO;Brasil;78954000;[CIVIL=CASADO(A)] VAQUEIRO
01501;PF;67637086291;398431;;EUZILENE DO CARMO DE FREITAS;EUZILENE DO CARMO DE FREITAS;092349718;RODOVIA 31/KM.16/GB.08-B/LT.34;;ZONA RURAL;0613;RO;Brasil;78954000;OBS: ATUALIZAR CADASTRO VEREADORA
01531;PF;81213603234;27152;;SUELI DA SILVA SUPRIANO;SUELI DA SILVA SUPRIANO;;DUQUE DE CAXIAS (ENFRENTE ASSEMBLEIA;;CENTRO;0613;RO;Brasil;78954000;[CIVIL=CASADO(A)] [OBS=MOTIVO DE ATRASO]
01532;PF;69425302200;744245;;MARCILEI FAGUNDES DIAS DOS SANTOS;MARCILEI FAGUNDES DIAS DOS SANTOS;;DANIEL HERINGER;;CENTRO;0613;RO;Brasil;78954000;[CIVIL=CASADO(A)] [OBS=SCPC-SPC-SILMARA]
01503;PF;40838013953;30661923;;MAURO DO CARMO FERREIRA;MAURO DO CARMO FERREIRA;;RUA GRILO;;CENTRO;0613;RO;Brasil;78954000;OBS: ATUALIZAR CADASTRO APOSENTADO
01524;PF;75444992272;785833;;ALICE FERREIRA DIAS DE BARROS;ALICE FERREIRA DIAS DE BARROS;;RODOVIA 37/KM.32/LT.30 GB12G;;ZONA RURAL;0613;RO;Brasil;78954000;"OBS; ATUALIZZAR CADASTRO LAVRADORA"
01495;PF;99212820263;1004679;;LUIZ AMAURI DE OLIVEIRA SANTOS;LUIZ AMAURI DE OLIVEIRA SANTOS;;LINHA RURAL 30;;ZONA RURAL;0613;RO;Brasil;78954000;[CIVIL=SOLTEIRO(A)] [OBS=SCPC/SPC-SILMARA CANCELAR APOS PAGAMAMENTO] LAVRADOR
01506;PF;58549331287;23679;;SEBASTIANA ORRIGO LIMA;SEBASTIANA ORRIGO LIMA;;RODOVIA 24/KM.09/LT.24/GB.04-B;;ZONA RURAL;0613;RO;Brasil;78954000;OBSERVACAO ATUALIZAR CADASTRO. APOSENTADA
01526;PF;91116392291;952590;;GREYCI QUELE DE ARAUJO OLIVEIRA;GREYCI QUELE DE ARAUJO OLIVEIRA;;RODOVIA 16/KM.37/LT.28/GB.12-B;;ZONA RURAL;0613;RO;Brasil;78954000;[CIVIL=SOLTEIRO(A)] [OBS=ESTA NEGATIVADO NO SPC//SERASA] ESTUDANTE
01507;PF;65851196220;164807;;MARIA DA LUZ FRANCISCO;MARIA DA LUZ FRANCISCO;;RODOVIA 36/LT.37,39/GB.12-G;;ZONA RURAL;0613;RO;Brasil;78954000;OBSERVACAO ATUALIZAR CADASTRO APOSENTADA
01528;PF;42149533200;83897;;ANTONIO ROBERTO TEIXEIRA JUNIOR;ANTONIO ROBERTO TEIXEIRA JUNIOR;;RODOVIA 32/KM.37/LT.28/GB.G;;ZONA RURAL;0613;RO;Brasil;78954000;[CIVIL=SOLTEIRO(A)] LAVRADOR
01513;PF;74986090291;34228;;ALIDE JANUTH MILHER;ALIDE JANUTH MILHER;;RODOVIA A-01,LT.;;ZONA RURAL;9653;RO;Brasil;78955000;"OBS; ATUALIZAR CADASTRO TRAB. RURAL"
01525;PF;76416917220;799825;;GIVANILDO PEREIRA DE JESUS;GIVANILDO PEREIRA DE JESUS;;RODOVIA TN06/LT.473/GB.01;;ZONA RURAL;9653;RO;Brasil;78955000;OBSERVACAO ATUALIZAR CADASTRO LAVRADOR
01515;PF;57552070706;581755;;MARINA CHAVIER PEREIRA;MARINA CHAVIER PEREIRA;;RODOVIA TN-04 LT.634, GB-01;;ZONA RURAL;0613;RO;Brasil;78954000;OBS: ATUALIZAR CADASTRO APOSENTADA
01496;;;;;MARIA APARECIDA DE CASTRO ZUCOLOTTO;MARIA APARECIDA DE CASTRO ZUCOLOTTO;;AFONSO PENA;;CENTRO;0613;RO;Brasil;76928000;OBS: ATUALIZAR CADASTRO
01484;PF;69282803287;764030;;MARLI MARIA DA SILVA;MARLI MARIA DA SILVA;;LINHA 22/KM.16/LT.31/ GL04-B;;ZONA RURAL;0613;RO;Brasil;78954000;
01464;PF;73154598200;773975;;CELIA MARIA DE SOUZA BRAGA;CELIA MARIA DE SOUZA BRAGA;;TN6, LT 475 GB 1;;ZONA RURAL;0613;RO;Brasil;78954000;REPARCELAMENTO DE NOTAS
01466;PF;90061969249;758000;;ELSON EVANGELISTA DOS SANTOS;ELSON EVANGELISTA DOS SANTOS;;RODOVIA LH 31 KM 28 LT 23 GB 8E;;ZONA RURAL;0613;RO;Brasil;76928000;OBS: ATUALIZAR CADASTRO TRAB.RURAL
01467;PF;78238382220;759657;;CLAUDIO PEREIRA DOS SANTOS //DIDI//;CLAUDIO PEREIRA DOS SANTOS //DIDI//;092954424;RUA LUIZ BORGES;;CENTRO;0613;RO;Brasil;76928000;OBS: ATUALIZAR CADASTRO
01478;PF;91166179672;6745257;;ELIO CUPERTINO SANTIAGO;ELIO CUPERTINO SANTIAGO;;LINHA16 KM.37 LT.07 GL12.C;;ZONA RURAL;0613;RO;Brasil;78954000;OBS: ATUALIZAR CADASTRO LAVRADOR
01469;PF;89064291268;934573;;MARCELO DA SILVA BRITO;MARCELO DA SILVA BRITO;;LINHA 22/KM.16/LT.13/GB.08-C;;ZONA RURAL;0613;RO;Brasil;78954000;OBS: ATUALIZAR CADATRO FUNCIONARIO PUBLICO
01491;PF;36942480215;570245;;RITA DE CASSIA BASSI DE OLIVEIRA;RITA DE CASSIA BASSI DE OLIVEIRA;;RODOVIA 31/KM.16/LT.19/GB.12-B;;ZONA RURAL;0613;RO;Brasil;78954000;OBS: ATUALIZAR CADASTRO PROFESSORA
01490;PF;54382688604;707924;;MARCIA APARECIDA CRUZ DA CUNHA;MARCIA APARECIDA CRUZ DA CUNHA;;AVENIDA AFONSO PENA N;;CENTRO;0613;RO;Brasil;78954000;OBS: ATUALIZAR CADASTRO AUTONOMA
01474;PF;00598023160;5007225;;UEDER ALVES FERREIRA ABREU;UEDER ALVES FERREIRA ABREU;034651094;RUA DUQUE DE CAXIAS N;;CENTRO;0613;RO;Brasil;78954000;[CIVIL=CASADO(A)] SERVI_OS GERAIS
01465;PF;89598474291;000982756;;CLEIDIANE MARTINS CORREA;CLEIDIANE MARTINS CORREA;;RUA VO LUIZA N;;CENTRO;0613;RO;Brasil;78954000;[CIVIL=CASADO(A)] DO LAR
01476;PF;89097360200;997745;;LEANDRO DA SILVA RAMOS;LEANDRO DA SILVA RAMOS;092928875;RUA DANIEL HERINGER N;;CENTRO;0613;RO;Brasil;76928000;OBSERVACAO ATUALIZAR CADASTRO
01475;PF;58499474268;499065;;CLEUZA BATISTA MONTEIRO DA SILVA;CLEUZA BATISTA MONTEIRO DA SILVA;;RODOVIA 31/KM.20/LT.24/GB.08-C;;ZONA RURAL;0613;RO;Brasil;76928000;[CIVIL=CASADO(A)] LAVRADORA
01461;PF;89064305234;934568;;JACIELE ROSA SCANDOLHERE;JACIELE ROSA SCANDOLHERE;6992072750;RODOVIA 31/KM.16/LT.23/GB.08-B;;ZONA RURAL;0613;RO;Brasil;76928000;DO LAR
01492;PF;39049175287;89312;;SILVESTRE PEROBA DOS SANTOS/;SILVESTRE PEROBA DOS SANTOS;;RODOVIA TN32/GB.01/LT.528;;ZONA RURAL;9653;RO;Brasil;78955000;[CIVIL=CASADO(A)] [OBS=NAO VENDER P/ CELIO] [OBS=PEDIU P/ DEIXAR OBS.POIS FOI EMBORA E QUANDO PRECISAR REATIVA] OBSERVACAO ATUALIZAR CADASTRO. LAVRADOR
01463;PF;64511235287;659772;;CELINA STRUTO MAZARIM;CELINA STRUTO MAZARIM;;RODOVIA TN-02,LT.619.620.GB.01;;ZONA RURAL;0613;RO;Brasil;78954000;OBS: ATUALIZAR CADASTRO
01493;PF;82149194287;4895;;CRISTINA SOARES MARTINS;CRISTINA SOARES MARTINS;092248695;RODOVIA 32 KM:31, LT:54,GB:12.F;;ZONA RURAL;0613;RO;Brasil;76928000;ATUALIZAR CADASTRO TRA.RURAL
01486;PF;64813100244;725402;;JULIAN AVELAR DE SOUZA;JULIAN AVELAR DE SOUZA;;AFONSO PENA;;CENTRO;0613;RO;Brasil;76928000;OBSERVACAO ATUALIZAR CADASTRO AUTONOMO
01471;PF;05184312234;56710;;NEUZA MACEDO ALVES;NEUZA MACEDO ALVES;034231431;;;;0001;RO;Brasil;78960000;OBSERVACAO ATUALIZAR CADASTRO. PROFESSORA
01460;PF;64826490259;724726;;NEIDE AMARAL DA SILVA;NEIDE AMARAL DA SILVA;;RODOVIA 31/KM.12/LT.34/KM.08-A;;ZONA RURAL;6552;RO;Brasil;78954000;OBSERVACAO ATUALIZAR CADASTRO. LAVRADORA
01470;;;;;APARECIDA MONTANHES BORGES **;APARECIDA MONTANHES BORGES **;;RODOVIA 31/KM.16;;ZONA RURAL;0613;RO;Brasil;78954000;OBS: ATUALIZAR CADASTRO LAVRADORA
01480;PF;64903842215;619026;;EDILSON BALBINO FILHO;EDILSON BALBINO FILHO;;RODOVIA 16/KM.09/LT.11/GB.04-C (PERTO ES;;ZONA RURAL;0613;RO;Brasil;78954000;OBS: ATUALIZAR CADASTRO LAVRADOR
01481;PF;00844005878;13224617;;JOAO NELSON DOS SANTOS;JOAO NELSON DOS SANTOS;092273326;RODOVIA 16/KM.22/LT.03/GB.04-C;;ZONA RURAL;0613;RO;Brasil;78954000;OBSERVACAO ATUALIZAR CADASTRO LAVRADOR
01462;PF;39064298220;411501;;CLAUDIONOR ROCHA CAIRES;CLAUDIONOR ROCHA CAIRES;;RODOVIA 28,KM.31,LT.51,GB12-F;;ZONA RURAL;0613;RO;Brasil;78954000;OBS: ATUALIZAR CADASTRO TRAB. RURAL
01472;PF;78642787287;;;ANGELA SANTOS FERNANDES;ANGELA SANTOS FERNANDES;;RODOVIA 31/KM.32/GB.12-F/LT.40A;;ZONA RURAL;0613;RO;Brasil;78954000;OBS: ATUALIZAR CADASTRO
01482;PF;84128305200;938979;;ELIDA RUFINO GOMES;ELIDA RUFINO GOMES;;RUA GRILO;;CENTRO;0613;RO;Brasil;78954000;CANCELADA MOTIVO DE ATRASO.. COBRANCA SIDNEY DO LAR
01483;PF;13950940200;104679;;VALDECI NOVAES DA SILVA;VALDECI NOVAES DA SILVA;;RODOVIA 31,KM.12, GB.12-A ,LT.20;;ZONA RURAL;0613;RO;Brasil;78954000;OBSERVACAO ATUALIZAR CADASTRO. MOTORISTA
01477;PF;66926874204;888362;;SILVIA MARCIA PEDRO BALBINO;SILVIA MARCIA PEDRO BALBINO;;RODOVIA 16, KM:22, GB:04-C,LT:02;;ZONA RURAL;0613;RO;Brasil;78954000;OBSERVACAO ATUALIZAR CADASTRO.
01468;PF;19097018234;15733140;;ENIO DE LANDRA (NAO AUTORIZA NINGUEM);ENIO DE LANDRA;;RODOVIA 31/KM.16/LT.35/GB.08-C;;ZONA RURAL;0613;RO;Brasil;78954000;OBS: ATUALIZAR CADASTRO LAVRADOR
01459;;;;;EDNA RODRIGUES PAIVA;EDNA RODRIGUES PAIVA;;AFONSO PENA;;CENTRO;0613;RO;Brasil;76928000;OBS: ATUALIZAR CADASTRO COMERCIANTE
01473;PF;90481151249;933892;;GENILDA ALVES DE SOUZA;GENILDA ALVES DE SOUZA;;AVENIDA MOACIR DE PAULA-CONSULTORIO DENT;;CENTRO;9653;RO;Brasil;76929000;[CIVIL=CASADO(A)]
01489;PF;67947158215;823055;;ANTONIO IANQUES;ANTONIO IANQUES;093103652;LINHA RURAL 03 / 26 - ZONA RURAL;;NOVO JI-PARANA;6547;RS;Brasil;97895400;[CIVIL=SOLTEIRO(A)] [OBS= ADVOGADA /CONTA RENEGOCIADA - CANCELAR APOS PAGAMENTO]
01488;PF;15321908915;78616;;ZOROASTO JUSTO DE ARAUJO;ZOROASTO JUSTO DE ARAUJO;;RODOVIA 16/LT.31/GB.08-B;;ZONA RURAL;0613;RO;Brasil;78954000;OBSERVACAO ATUALIZAR CADASTRO.
01479;PF;83491570204;79909;;SERLANIO VIEIRA DA CRUZ;SERLANIO VIEIRA DA CRUZ;;RODOVIA 16/KM.09/GB.04-B.LT.21;;ZONA RURAL;6547;RO;Brasil;78954000;OBSERVACAO ATUALIZAR CADASTRO. LAVRADOR
01437;PF;60685824268;567730;;ADALGISA BORGES;ADALGISA BORGES;092156085;RUA LUIZ BORGES;;CENTRO;0613;RO;Brasil;78954000;OBS: ATUALIZAR CADASTRO PROFESSORA
01430;PF;66251192291;996488;;JOSE EUCLIDES DE MEDEIROS;JOSE EUCLIDES DE MEDEIROS;;LINHA 37/KM.20/LT.05/GB.12-C;;ZONA RURAL;0613;RO;Brasil;78954000;OBS: ATUALIZAR CADASTRO AJUDANTE GERAL
01440;PF;83615180291;000879874;;MARCIA SEZOSKI DA SILVA;MARCIA SEZOSKI DA SILVA;;LINHA 20 KM 21 LOTE 01 GL 8B;;ZONA RURAL;0613;RO;Brasil;78954000;[CIVIL=SOLTEIRO(A)] FUNC. PUBLICA
01421;PF;96205806215;961758;;TOBIAS ARAUJO LEITE;TOBIAS ARAUJO LEITE;;LINHA TN02/LT.593/GB.01;;ZONA RURAL;0613;RO;Brasil;78954000;OBS: ATUALIZAR CADASTRO LAVRADOR
01441;PF;68183674291;664171;;IVONILDA PASSARINHO DE OLIVEIRA;IVONILDA PASSARINHO DE OLIVEIRA;993192817;RUA MONTE CASTELO;;CENTRO;0613;RO;Brasil;78954000;OBS:ATUALIZAR CADASTRO FUNC. PUPLICO
01452;PF;68641222200;718825;;ELIZANGELA FAUSTINO FERREIRA DE OLIVEIRA;ELIZANGELA FAUSTINO FERREIRA DE OLIVEIRA;;RODOVIA 31 KM20 LT 21 GB12D;;ZONA RURAL;0613;RO;Brasil;76928000;OBS:ATUALIZAR CADASTRO LAVRADORA
01434;PF;42218837234;475641;;ADILIO MARTINS DE ALMEIDA;ADILIO MARTINS DE ALMEIDA;;RODOVIA 24/KM.37/GB.12-D/LT.27;;ZONA RURAL;0613;RO;Brasil;78954000;
01427;PF;63249243272;631600;;EDVALDO CAIRES DA SILVA;EDVALDO CAIRES DA SILVA;092543565;RODOVIA LH31/KM.32/GB.12-F/LT.40-A;;ZONA RURAL;0613;RO;Brasil;76928000;ATUALIZAR CADASTRO LAVRADOR
01439;PF;80982735200;00000;;ANDREIA JOSE SOARES;ANDREIA JOSE SOARES;092506710;RUA VO LUIZA;;CENTRO;0613;RO;Brasil;76928000;LIMITE ULTRAPASSADO!!!
01449;PF;81834748615;5586862;;LAUDAIR DE ARAUJO SOUZA;LAUDAIR DE ARAUJO SOUZA;092084484;RODOVIA TN 10 GB 01 LT 415;;ZONA RURAL;0613;RO;Brasil;78954000;OBS: FICHA CANCELA POR MOTIVO DE ATRASO ANDRADES E BASTOS LAVRADOR
01423;PF;79681247272;511850;;AGNALDO RODRIGUES SOARES;AGNALDO RODRIGUES SOARES;;RODOVIA 22/KM.24/LT.03/GB.04-E;;ZONA RURAL;0613;RO;Brasil;78954000;OBS: ATUALIZAR CADASTRO LAVRADOR
01435;PF;87983389272;;;SILVANIA CERQUEIRA;SILVANIA CERQUEIRA;;BENJAMIM CONSTANT N;;SETOR INDUSTRIAL;6552;RO;Brasil;78954000;OBSERVACAO ATUALIZAR CADASTRO. LAVRADORA
01420;PF;58189491253;97493456;;ROSANGELA DE FATIMA DE OLIVEIRA ZIMERMAN;ROSANGELA DE FATIMA DE OLIVEIRA ZIMERMAN;;AVENIDA AFONSO PENA N;;CENTRO;0613;RO;Brasil;78954000;OBSERVACAO ATUALIZAR CADASTRO. DO LAR
01454;PF;69184259272;793671;;SELMA PEREIRA RODRIGUES;SELMA PEREIRA RODRIGUES;;RUA EMBRATEL N;;CENTRO;0613;RO;Brasil;78954000;OBSERVACAO ATUALIZAR CADASTRO. MANICURE
01429;PF;71717501249;633815;;REGINA APARECIDA DE SOUZA;REGINA APARECIDA DE SOUZA;;RUA OSVALDO CRUZ N;;CENTRO;0613;RO;Brasil;78954000;[CIVIL=CASADO(A)] DO LAR
01436;PF;45678502204;496468;;DINALVA FRANCISCO DA SILVA CUNHA;DINALVA FRANCISCO DA SILVA CUNHA;;RUA LUIZ BORGES N;;CENTRO;0613;RO;Brasil;78954000;OBSERVACAO ATUALIZAR CADASTRO DO LAR
01453;PF;59286202253;;;JOSSEIR NEVES DE SOUZA;JOSSEIR NEVES DE SOUZA;;RODOVIA 20 ,KM.22 ,LT.23 ,GB;;ZONA RURAL;0613;RO;Brasil;78954000;OBSERVACAO ATUALIZAR CADASTRO LAVRADOR
01445;PF;83331433268;884825;;SIRLENE GUIRRA DA SILVA (¥);SIRLENE GUIRRA DA SILVA (¥);092334670;RODOVIA 24 KM.20 LT.20 GB.12D/ SAO FRANC;;CENTRO;0613;RO;Brasil;78954000;[CIVIL=CASADO(A)] [OBS=REATIVAR QUANDO PRECISAR] OBSERVACAO ATUALIZAR CADASTRO. DO LAR
01457;PF;73044083249;774125;;ESTELINA RODRIGUES CHAVES;ESTELINA RODRIGUES CHAVES;;RODOVIA 37/KM.20/GB.12-D/LT.05;;ZONA RURAL;0613;RO;Brasil;78954000;OBS: ATUALIZAR CADASTRO LAVRADORA
01442;PF;73420077220;759052;;DIVA DE FATIMA SILVA FURTADO;DIVA DE FATIMA SILVA FURTADO;099601301;RODOVIA TN06/LT.369/GB.01;;ZONA RURAL;9653;RO;Brasil;78955000;OBS: ATUALIZAR CADASTRO LAVRADORA
01431;PF;66761700272;650632;;NERI PIRES;NERI PIRES;034651041;;;BAIRRO DAS ROSAS;0001;RO;Brasil;78960000;[CIVIL=SOLTEIRO(A)] [OBS=ADVOGADA]
01448;;;;;JOANA VIANA DE CARVALHO;JOANA VIANA DE CARVALHO;;;;CENTRO;0001;RO;Brasil;78960000;OBSERVACAO ATUALIZAR CADASTRO DO LAR
01450;PF;39017125187;442906;;DIRCE DA SILVA VILHALWA;DIRCE DA SILVA VILHALWA;092887967;RODOVIA 22/KM.20/LT.01/GB.04-D;;ZONA RURAL;0613;RO;Brasil;78954000;OBSERVACAO ATUALIZAR CADASTRO LAVRADORA
01422;PF;28623843215;166370;;LUCIANO MILLER;LUCIANO MILLER;;RODOVIA 22/KM.24/LT.25/GB.08-D.;;ZONA RURAL;0613;RO;Brasil;78954000;OBSERVACAO ATUALIZAR CADASTRO LAVRADOR
01432;PF;45678545272;;;LUIZ CARLOS VAZ (¥);LUIZ CARLOS VAZ (¥);;RODOVIA 37/KM.24/LT.18/GB.12-E;;ZONA RURAL;0613;RO;Brasil;78954000;[CIVIL=SOLTEIRO(A)] LAVRADOR
01433;PF;93006225287;903076;;MARIA ROSANGELA DE OLIVEIRA JESUS;MARIA ROSANGELA DE OLIVEIRA JESUS;;RODOVIA 31/KM.20 (FAZENDA DANTAS);;ZONA RURAL;0613;RO;Brasil;78954000;OBSERVACAO ATUALIZAR CADASTRO LAVRADORA
01424;PF;82055386204;821980;;ANDERSON CIRILO FREIRA;ANDERSON CIRILO FREIRA;;RODOVIA TN06/LT.507/GB.01;;ZONA RURAL;0613;RO;Brasil;78954000;[CIVIL=CASADO(A)] LAVRADOR
01444;;;305514;;JOANITA APARECIDA SILVA NEVES;JOANITA APARECIDA SILVA NEVES;;RODOVIA 24/KM.22/LT.19/GB.08-B;;ZONA RURAL;0613;RO;Brasil;78954000;OBSERVACAO ATUALIZAR CADASTRO LAVRADORA
01455;PF;73000329234;758146;;ANALIA CRISTINA VIANA OLIVEIRA;ANALIA CRISTINA VIANA OLIVEIRA;;RUA NOVA ESPERANCA EM FRENTE A CATOLICA;;BAIRRO DAS ROSAS;0613;RO;Brasil;78954000;[CIVIL=CASADO(A)] ESTUDANTE
01447;PF;32591535191;;;GONCALO NASCIMENTO MACHADO;GONCALO NASCIMENTO MACHADO;;RODOVIA 24/GB.12-E;;ZONA RURAL;0613;RO;Brasil;78954000;OBSERVACAO ATUALIZAR CADASTRO APOSENTADO
01428;PF;80982719272;866520;;LEIDIMAR BARBOSA DA SILVA;LEIDIMAR BARBOSA DA SILVA;;RODOVIA 37/KM.24/LT.08/GB.12-E;;ZONA RURAL;0613;RO;Brasil;78954000;[CIVIL=CASADO(A)] [OBS=MOTIVO DE ATRASO] LAVRADORA
01438;PF;84768142249;641073;;RAQUEL DE OLIVEIRA LEITE;RAQUEL DE OLIVEIRA LEITE;;RODOVIA 31/KM.20/LT.34/GB.08-C;;ZONA RURAL;0613;RO;Brasil;78954000;OBSERVACAO ATUALIZAR CADASTRO. DO LAR
01425;PF;11570547220;883179;;HOMERO ANGELO DE OLIVEIRA;HOMERO ANGELO DE OLIVEIRA;;RUA JORGE TEIXEIRA LADO DONA GENI;;CENTRO;0613;RO;Brasil;78954000;OBS: ATUALIZAR CADASTRO APOSENTADO
01419;PF;10714138215;133029;;JULIO FRANCISCO SANTANA;JULIO FRANCISCO SANTANA;;LH24 KM 31 LT 25 GB 12 E;;ZONA RURAL;0613;RO;Brasil;78954000;OBSERVACAO ATUALIZAR CADASTRO LAVRADOR
01384;PF;56732856120;773059;;VALDOMIRO BISPO DOS SANTOS;VALDOMIRO BISPO DOS SANTOS;;RUA CUSTODIO VITOR;;CENTRO;0613;RO;Brasil;76928000;
01387;PF;47025646253;607324;;JAIR EMIDIO DE ALMEIDA;JAIR EMIDIO DE ALMEIDA;;LINHA 31 KM 20 GL 12D LOTE21;;ZONA RURAL;0613;RO;Brasil;78954000;OBS: ATUALIZAR CADASTRO
01394;PF;27207382200;284647;;REGINALDO FERNANDES PEREIRA;REGINALDO FERNANDES PEREIRA;;RODOVIA TN14/LT.222/GB.01;;ZONA RURAL;9653;RO;Brasil;78955000;
01418;PF;90627865291;948308;;CLEBER GOMES ROSA;CLEBER GOMES ROSA;;RODOVIA 31/KM.16/LT.10/GB.08-C;;ZONA RURAL;0613;RO;Brasil;78954000;OBS: ATUALIZAR CADASTRO LAVRADOR
01392;PF;67435726249;000865594;;RENIVA DE SOUSA SANTOS;RENIVA DE SOUSA SANTOS;;RODOVIA AVENIDA AFONSO PENA;;ZONA RURAL;0613;RO;Brasil;76928000;OBS: ATUALIZAR CADASTRO
01407;PF;59983639220;380506;;MARIA CONCEICAO BARBOSA;MARIA CONCEICAO BARBOSA;;RODOVIA LH 31 KM 16 LT 4 GL 8C;;ZONA RURAL;0613;RO;Brasil;76928000;LAVRADORA
01388;PF;39048012287;435310;;MARIA SANTANA PESSOA;MARIA SANTANA PESSOA;;RODOVIA 31/KM.16/LT.07/GB.08-C;;ZONA RURAL;0613;RO;Brasil;78954000;OBS: ATUALIZAR CADASTRO LAVRADORA
01401;PF;83047883220;880650;;CLAUDINEY GONCALVES DA SILVA;CLAUDINEY GONCALVES DA SILVA;;RUA LUIZ BORGES N;;CENTRO;0613;RO;Brasil;78954000;ATUALIZAR CADASTRO. LAVRADOR
01393;PF;98063014200;;;SUENIZE SOARES DE SOUSA TEXEIRA;SUENIZE SOARES DE SOUSA TEXEIRA;092247196;RUA JORGE TEIXEIRA N;;CENTRO;0613;RO;Brasil;78954000;[CIVIL=CASADO(A)] DO LAR
01399;PF;44524226753;891313;;GILVALDO ALVES DA SILVA;GILVALDO ALVES DA SILVA;;RUA DO BOSQUE;;BOSQUE;6552;RO;Brasil;78950000;OBSERVACAO ATUALIZAR CADASTRO DIRETOR DO DETRAN
01395;PF;47027061287;495366;;GENI RAIMUNDA DA SILVA;GENI RAIMUNDA DA SILVA;;RUA JORGE TEIXEIRA N;;CENTRO;0613;RO;Brasil;78954000;[CIVIL=SOLTEIRO(A)] APOSENTADA
01386;PF;94660018253;968047;;SIMONE MARIA PASCHOAL;SIMONE MARIA PASCHOAL;;RUA NOVA ESPERAN_A N;;CENTRO;0613;RO;Brasil;78954000;OBSERVACAO ATUALIZAR CADASTRO. ESTUDANTE
01402;PF;79359094234;0006337601;;DANIEL DA CRUZ;DANIEL DA CRUZ;;EMBRATEL;;BAIRRO DAS ROSAS;0613;RO;Brasil;78954000;OBSERVACAO ATUALIZAR CADASTRO
01404;PF;27731472272;280849;;ROSALINA SOARES DA CUNHA;ROSALINA SOARES DA CUNHA;092310633;RODOVIA 31/KM.28/LT.28/GB.12-E.;;ZONA RURAL;0613;RO;Brasil;78954000;OBSERVACAO ATUALIZAR CADASTRO. LAVRADORA
01398;PF;76248437220;565583;;ELIZABETE SOARES;ELIZABETE SOARES;092593922;RODOVIA 31/KM.24/LT.25/GB.12-D;;ZONA RURAL;0613;RO;Brasil;78954000;[CIVIL=CASADO(A)] LAVRADORA
01390;PF;58069828153;905530;;ONICE LOPES DA SILVA;ONICE LOPES PEREIRA;092789982;RUA DUQUE DE CAXIAS;;CENTRO;0613;RO;Brasil;78954000;OBS: ATUALIZAR CADATRO APOSENTADA
01412;PF;62510851268;000676488;;ELICARLOS TEIXEIRA DE CARVALHO;ELICARLOS TEIXEIRA DE CARVALHO;092483500;RODOVIA 37 ,KM.28, LT.42,GB-12E;;ZONA RURAL;0613;RO;Brasil;78954000;ATUALIZAR CADASTRO LAVRADOR
01414;PF;23824875934;147015;;IVO GAVA ROSA;IVO GAVA ROSA;092117041;RODOVIA LH 31 KM16 LT13 GB08C;;ZONA RURAL;0613;RO;Brasil;76928000;OBS: ATUALIZAR CADASTRO TRAB. RURAL
01415;PF;62742841253;105269;;SANTINA MORGAN VALERIO;SANTINA MORGAN VALERIO;092483949;RODOVIA 31/KM.16/LT.06/GB.08-B.;;ZONA RURAL;0613;RO;Brasil;78954000;OBS: ATUALIZAR CADASTRO APOSENTADA
01409;;;;;CLAUDINEIA DE SOUZA MOURA;CLAUDINEIA DE SOUZA MOURA;;;;CENTRO;0001;RO;Brasil;78960000;[CIVIL=SOLTEIRO(A)]
01410;PF;42204844268;428345;;JOSE MOREIRA NETO;JOSE MOREIRA NETO;;TRANQUEDO NEVES;;BAIRRO DAS ROSAS;0613;RO;Brasil;76928000;OBSERVACAO ATUALIZAR CADASTRO TRAB.RURAL
01411;PF;66524024249;1817181;;CLAUDIA DA COSTA BRITO;CLAUDIA DA COSTA BRITO;;LUIZ BORGES;;CENTRO;0613;RO;Brasil;76928000;[CIVIL=SOLTEIRO(A)] AUX. DE ESCRITORIO
01413;;;399026;;MARIA DAS DORES SOUZA DE OLIVEIRA;MARIA DAS DORES SOUZA DE OLIVERIRA;092706495;RODOVIA 28,KM.31 ,LT 75 ,GB12 F;;ZONA RURAL;0613;RO;Brasil;78954000;FALECEU
01385;PF;28628411291;292356;;ANTONIO CORREIA DA SILVA;ANTONIO CORREIA DA SILVA;;RODOVIA 31/KM.28/LT.26/GB.08-E.;;ZONA RURAL;0613;RO;Brasil;78954000;"OBS; ATUALIZAR CADASTRO LAVRADOR"
01406;PF;67543685272;;;SONIA MARIA CUSTODIO GOMES;SONIA MARIA CUSTODIO GOMES;;RODOVIA 31/KM.16/LT.25/GB.08-B.;;ZONA RURAL;0613;RO;Brasil;78954000;OBSERVACAO ATUALIZAR CADASTRO. LAVRADORA
01416;PF;63300435234;629345;;VANIA GONCALVES DA SILVA;VANIA GONCALVES DA SILVA;069923773;PRINCIPE;;CENTRO;0613;RO;Brasil;78954000;[CIVIL=CASADO(A)] [OBS=FICHA P/ ADVOGADA] FUNC.PUBLICO.
01396;PF;47559489672;661288;;JOSE EBNER PEREIRA;JOSE EBNER PEREIRA;;RODOVIA TN02, GB.01 LT.552;;ZONA RURAL;0613;RO;Brasil;78954000;OBSERVACAO ATUALIZAR CADASTRO TRAB.RURAL
01417;PF;81591950287;846942;;MARIA DOS ANJOS SOUZA PESSOA;MARIA DOS ANJOS SOUZA PESSOA;;RODOVIA 31/KM.16/LT.07/GB.08-C.;;ZONA RURAL;0613;RO;Brasil;78954000;OBS: ATUALIZAR CADASTRO LAVRADORA
01397;PF;34980784291;13364529;;ROSILDA MANI PEREIRA DE SOUZA;ROSILDA MANI PEREIRA DE SOUZA;;RODOVIA 24/KM.31;;ZONA RURAL;0613;RO;Brasil;78954000;[CIVIL=CASADO(A)] LAVRADORA
01389;;;;;ROSILENE BARBOSA DE CARVALHO PEREIRA;ROSILENE BARBOSA DE CARVALHO PEREIRA;;RODOVIA TN02/LT.552;;ZONA RURAL;9653;RO;Brasil;78955000;OBSERVACAO ATUALIZAR CADASTRO. PROFESSORA
01403;;;;;MARCIO FERREIRA ELOY;MARCIO FERREIRA ELOY;;;;;0001;RO;Brasil;78960000;OBS: ATUALIZAR CADASTRO
01400;PF;71552782204;752307;;VANILSA DA ROCHA SILVA GOMES;VANILSA DA ROCHA SILVA GOMES;;RODOVIA 37/KM.16/LT.34/GB.12-B;;ZONA RURAL;0613;RO;Brasil;78954000;OBSERVACAO ATUALIZAR CADASTRO. LAVRADORA
03341;PF;02803853230;1369622;;GERALDO GOMES FIGUEIREDO JUNIOR;GERALDO GOMES FIGUEIREDO JUNIOR;;TEIXEIROPOLIS;CASA;CENTRO;0613;RO;Brasil;78954000;LIMITE R$ 400,00
03329;PF;67524834268;747176;;BENEIR DA SILVA GOMES;BENEIR DA SILVA GOMES;;LINHA 24 DA 37;LOTE 14 GLEBA 12E;ZONA RURAL;0613;RO;Brasil;76928000;
01381;PF;83156720291;000895024;;DANTIELE ALVES ROSA;DANTIELE ALVES ROSA;;LH 16 KM 31 LOTE 03 GL 8C;;ZONA RURAL;0001;RO;Brasil;78960000;OBSERVACAO ATUALIZAR CADASTRO ESTUDANTE
01365;PF;47026219200;607879;;JOAO BATISTA DA COSTA;JOAO BATISTA DA COSTA;;LINHA 24/LH.31/LT17 /GB.12-E;;ZONA RURAL;0613;RO;Brasil;78954000;NÃO AUTORIZA NINGUEM A COMPRAR!!! LIBERAR COMPRA SOMENTE COM A ASSINATURA DELE!!!
01379;PF;34828559272;381258;;IZAURA CORDEIRO BARBOZA TEIXEIRA;IZAURA CORDEIRO BARBOZA TEIXEIRA;092853279;RODOVIA 20/KM.31;;ZONA RURAL;0613;RO;Brasil;78954000;
01359;PF;38716720253;1698;;VALDECI SOARES FERREIRA;VALDECI SOARES FERREIRA;;RODOVIA RUA LUIZ BORGES;;CENTRO;0613;RO;Brasil;76928000;OBS: ATUALIZAR CADASTRO COMERCIANTE
01362;PF;61718831234;654115;;MARIA APOLONIA DA CARVALHO;MARIA APOLONIA DA CARVALHO;092483500;RODOVIA 37/KM.28/LT.42/GB.12-E;;ZONA RURAL;0613;RO;Brasil;78954000;ATUALIZAR CADASTRO LAVRADORA
01373;PF;78612829291;817873;;ROSENI MARIA DA SILVA;ROSENI MARIA DA SILVA;;RODOVIA 24/KM.09/LT.25/GB.04-E.;;ZONA RURAL;0613;RO;Brasil;78954000;ATUALIZAR CADASTRO. TRAB.RURAL
01375;PF;34701962813;38383580;;EDILAINE CLEIA NUNES;EDILAINE CLEIA NUNES;092178085;RUA DUQUE DE CAXIAS N;;CENTRO;0613;RO;Brasil;78954000;[CIVIL=CASADO(A)] [OBS=SPC/SCPC-SILMARA ] SECRETARIA
01374;PF;52675483249;;;GILMAR VIEIRA DOS SANTOS;GILMAR VIEIRA DOS SANTOS;;LUIZA S/N;;CENTRO;0613;RO;Brasil;78954000;OBSERVACAO ATUALIZAR CADASTRO LAVRADOR
01356;PF;73278831268;;;SANDRA DE OLIVEIRA;SANDRA DE OLIVEIRA;09237700;07 DE SETEMBRO;;BAIRRO DAS ROSAS;9653;RO;Brasil;76929000;[CIVIL=SOLTEIRO(A)] LAVRADORA
01352;PF;64810356272;182044;;JORGE APARECIDO AZEVEDO;JORGE APARECIDO AZEVEDO;092932526;RODOVIA 31/KM.28/LT.35/GB.12-E;;ZONA RURAL;0613;RO;Brasil;78954000;OBS: ATUALIZAR CADASTRO LAVRADOR
01363;PF;45720509291;106709;;MOACIR ALVES PEREIRA;MOACIR ALVES PEREIRA;092622629;RODOVIA 16 KM.31 LT.-07 GB.O8-C;;ZONA RURAL;0613;RO;Brasil;78954000;OBS: ATUALIZAR CADASTRO TRAB. RURAL
01355;PF;47873078272;759643;;ANTONIO ROBERTO LH 24 KM 37;ANTONIO ROBERTO LH 24 KM 37;;RODOVIA 37/KM.24/LT.12/GB.12-E.;;ZONA RURAL;0613;RO;Brasil;78954000;OBS: ATUALIZAR CADASTRO APOSENTADO
01358;PF;82316791204;00001113397;;VANDERLEI FRANCISCO GONCALVES;VANDERLEI FRANCISCO GON_ALVES OBS;092854443;MONTE CASTELO PERTO DO CAMPO;;CENTRO;0613;RO;Brasil;76928000;[CIVIL=SOLTEIRO(A)] [OBS=LUCILEIA SANTANA] [OBS= ] LAVRADOR
01353;PF;39044335200;378496;;JOSE DARCI DE MOURA;JOSE DARCI DE MOURA;6993316159;37/KM.20/LT.06GB.12-D;;ZONA RURAL;0613;RO;Brasil;78954000;OBS: ATUALIZAR CADASTRO LAVRADOR
01376;PF;80168426234;821544;;GEANE VIEIRA DE ARAUJO;GEANE VIEIRA DE ARAUJO;099761542;RODOVIA 20/KM.22;;ZONA RURAL;0613;RO;Brasil;78954000;OBSERVACAO ATUALIZAR CADASTRO LAVRADORA
01360;PF;92549896220;864921;;EDEIR FLORENCIO DOS SANTOS;EDEIR FLORENCIO DOS SANTOS;;AVENIDA AFONSO PENA(FUNDO OFICINA GERAL;;CENTRO;0613;RO;Brasil;78954000;OBS: ATUALIZAR CADASTRO SERVI_OS GERAIS
01380;PF;03112938755;1161001;;MARIA DAS DORES DA SILVA LH:28;MARIA DAS DORES DA SILVA LH:28;;RODOVIA 31/KM.28 (ESQUINA);;ZONA RURAL;0613;RO;Brasil;78954000;[CIVIL=CASADO(A)] TRAB. RURAL
01351;PF;67663052234;000703298;;LEANDRA LEMOS DA SILVA;LEANDRA LEMOS DA SILVA;093058880;RODOVIA 28,KM 31,LT 51,GB 12 F.;;ZONA RURAL;0613;RO;Brasil;78954000;OBSERVACAO ATUALIZAR CADASTRO
01372;PF;85709727253;805211;;CHERONDIONE FERREIRA BASTOS GABRIEL;CHERONDIONE FERREIRA BASTOS GABRIEL;;RODOVIA 37/KM.24/LT.02/GB.12-D;;ZONA RURAL;0613;RO;Brasil;76928000;"OBS; ATUALIZAR CADASTRO LAVRADORA"
01382;PF;80737846291;773592;;ALIANDRO DE JESUS SERAFIM;ALIANDRO DE JESUS SERAFIM;;RODOVIA TN06/LT.406/GB.01;;ZONA RURAL;0613;RO;Brasil;78954000;OBS: ATUALIZAR CADASTRO LAVRADOR
01383;PF;79165060253;820775;;LEONICE LOPES PEREIRA;LEONICE LOPES PEREIRA;;RODOVIA 31/KM.24/LT.02/GB.04-E;;ZONA RURAL;0613;RO;Brasil;78954000;OBSERVACAO ATUALIZAR CADASTRO DO LAR
01354;PF;45678227220;498669;;SIDNEY NEGRINI;SIDNEY NEGRINI;;RODOVIA 24/KM.31/LT.26/GB.12-D;;ZONA RURAL;0613;RO;Brasil;78954000;[CIVIL=SOLTEIRO(A)] LAVRADOR
01364;PF;31980163200;451164;;CLARINDA CAMILA OLIVEIRA LIMA;CLARINDA CAMILA OLIVEIRA LIMA;;RODOVIA 2 KM20 LT32 GB04C;;ZONA RURAL;0613;RO;Brasil;78954000;[CIVIL=CASADO(A)] [OBS=ADVOGADA-CANCELAR APOS PAGAMENTO] DO LAR
01366;PF;83975250259;561964;;MARIA APARECIDA GIROTTO ROLA;MARIA APARECIDA GIROTTO ROLA;099028521;RODOVIA 31/KM.28(FAZENDA JOAO RODOFO);;ZONA RURAL;0613;RO;Brasil;78954000;OBS: ATUALIZAR CADASTRO LAVRADORA
01377;PF;69281980282;835719;;MANOEL RONQUE GONZAGA;MANOEL RONQUE GONZAGA;;RODOVIA 16/KM.31;;ZONA RURAL;0613;RO;Brasil;78954000;OBS: ATUALIZAR CADASTRO LAVRADOR
01378;PF;60446269204;645183;;MARCOS ANDERSON VALERIO MIGUEL (¥);MARCOS ANDERSON VALERIO MIGUEL (¥);;AFONSO PENA;;CENTRO;0613;RO;Brasil;76928000;OBS: ATUALIZAR CADASTRO MECANICO
01369;PF;67604706215;9146990;;ADEMILSON CARDOSO PEREIRA;ADEMILSON CARDOSO PEREIRA;;RODOVIA 24/KM.22;;ZONA RURAL;0613;RO;Brasil;78954000;[CIVIL=CASADO(A)] [OBS=CANCELADA POR MOTIVO DE ATRAZO!] LAVRADOR
01361;;;;;MILTON BATISTA DA SILVA;MILTON BATISTA DA SILVA;;RODOVIA 24/KM.22;;ZONA RURAL;0613;RO;Brasil;78954000;PASSAR SOMENTE QUANDO PAGAR AS VENCIDAS.
01368;PF;95917497249;880448;;JOSIANO DE ASSIS SOARES;JOSIANO DE ASSIS SOARES;;RODOVIA 28/KM.09/LT.623/GB.01;;ZONA RURAL;0613;RO;Brasil;78954000;[CIVIL=SOLTEIRO(A)] LAVRADOR
01370;PF;13898507220;71440;;JOAO SOARES DA COSTA;JOAO SOARES DA COSTA;;RODOVIA 31/KM.20/LT.623/GB.01;;ZONA RURAL;9653;RO;Brasil;78955000;OBSERVACAO ATUALIZAR CADASTRO LAVRADOR
01371;PF;64404544200;1202401;;LAUCIONE PIANNA (¥);LAUCIONE PIANNA (¥);;RODOVIA TN04/LT.635/GB.01;;ZONA RURAL;9653;RO;Brasil;78955000;OBSERVACAO ATUALIZAR CADASTRO LAVRADOR
03200;PF;27221484805;323964175;;MANOEL PEREIRA DO NASCIMENTO FILHO;MANOEL;;RUA NOVA ESPERANCA;;CENTRO;0613;;Brasil;00076928;
01330;PF;09643497798;868100;;AIRES MALAQUIAS;AIRES MALAQUIAS;;RODOVIA 20/KM.22/LT.14/GB.08;;ZONA RURAL;0613;RO;Brasil;76928000;OBS:ATUALIZAR CADASTRO LAVRADOR
01341;PF;95658351200;631900;;CLARINDA DE FATIMA BARBOSA;CLARINDA DE FATIMA BARBOSA;;LINHA 16/KM.31/LT.27/GB.08-B;;ZONA RURAL;0613;RO;Brasil;76928000;
01333;PF;67842291268;13909533;;SONIA AMANCIO DIAS DO NASCIMENTO;SONIA AMANCIO DIAS DO NASCIMENTO;;RUA PRINCIPE;;CENTRO;0613;RO;Brasil;78954000;OBS: ATUALIZAR CADASTRO
01329;PF;49891669220;515985;;OSMI CUSTODIO DE SOUZA;OSMI CUSTODIO DE SOUZA;;LINHA 20 KM 09 LOTE 24 GLEBA 4C;CASA;ZONA RURAL;0613;RO;Brasil;76928000;
01348;PF;31259650200;305903;;NAIR BABILON DA SILVA;NAIR BABILON DA SILVA;;"RODOVIA 31;KM 28 GB 12F;LT 51";;ZONA RURAL;0613;RO;Brasil;78954000;OBSERVACAO ATUALIZAR CADASTRO. TRAB.RURAL
01334;PF;76862208268;929279;;MARCOS DE OLIVEIRA;MARCOS DE OLIVEIRA;;LUIZA S/N;;CENTRO;0613;RO;Brasil;78954000;[CIVIL=SOLTEIRO(A)] LAVRADOR
01339;PF;28663195249;108963;;LUZIA MARTINS DE ARAUJO;LUZIA MARTINS DE ARAUJO;;AVENIDA AFONSO PENA N;;CENTRO;0613;RO;Brasil;78954000;[CIVIL=SOLTEIRO(A)] APOSENTADA
01332;PF;28303032291;101958;;ZILDA RIBEIRO DA SILVA;ZILDA RIBEIRO DA SILVA;032392091;TANCREDO NEVES, 2451, SETOR;;CENTRO;9965;RO;Brasil;76887000;CANCELADO MOTIVO DE ATRASO FUNCIONARIA PUBLICA
01342;PF;87438887200;812847;;RODRIGO SULDINE SANTOS;RODRIGO SULDINE SANTOS;034616107;RUA 07 DE SETEMBRO N;;INCRA;6552;RO;Brasil;78950000;OBSERVACAO ATUALIZAR CADASTRO.
01315;;1315;;;SONIA SILVA BARROS **;SONIA SILVA BARROS **;;JOANA DARK;;BAIRRO DAS ROSAS;6552;RO;Brasil;78955000;[CIVIL=CASADO(A)]
01345;PF;66854903220;;;GENUINA ROCHA DOS SANTOS;GENUINA ROCHA DOS SANTOS;;BELMIRO ARAUJO N;;CENTRO;0613;RO;Brasil;78954000;OBSERVACAO ATUALIZAR CADASTRO APOSENTADA
01336;PF;69842990206;759072;;DEIRDE CANDIDO DA SILVA;DEIRDE CANDIDO DA SILVA;;BORGES S/N;;CENTRO;0613;RO;Brasil;78954000;[CIVIL=SOLTEIRO(A)] [OBS=DIVIDA E FICHA CANCELADA POR MOTIVOS PARTICULARES.] SERV. GERAIS
01331;PF;89347706272;362816;;VALDETE PINTO ROSA;VALDETE PINTO ROSA;099538841;RODOVIA 16/KM.31/GB.08-B/LT.23;;ZONA RURAL;0613;RO;Brasil;78954000;FALECIDA LAVRADORA
01326;PF;35131012287;381304;;ZILDA MARIA RODRIGUES DE SOUZA;ZILDA MARIA RODRIGUES DE SOUZA;;RODOVIA 31/KM.16/LT.08/GB.12-B;;ZONA RURAL;0613;RO;Brasil;78954000;[CIVIL=CASADO(A)] PROFESSORA
01320;PF;36950807287;378062;;TERCILIA CORALESK;TERCILIA CORALESK;;NOVA ESPERANCA;;CENTRO;0613;RO;Brasil;76928000;[CIVIL=SOLTEIRO(A)] [OBS=MOTIVO DE ATRASO]
01350;PF;32560257220;331505;;JORGE FERREIRA DE AGUIAR;JORGE FERREIRA DE AGUIAR;;RODOVIA TN-06, GB.01, LT. 395;;ZONA RURAL;0613;RO;Brasil;78954000;OBSERVACAO ATUALIZAR CADASTRO TRAB. RURAL.
01335;PF;61495964272;593056;;EVA CAMILO JUSTINO DA SILVA;EVA CAMILO JUSTINO DA SILVA;;RODOVIA 22/KM.24 (PERTO DA CONGREGACAO);;ZONA RURAL;0613;RO;Brasil;78954000;[CIVIL=CASADO(A)] DOMESTICA
01327;PF;61916331220;;;ZILDA MARIA PESKI DA SILVA **;ZILDA MARIA PESKI DA SILVA **;;RODOVIA 37/KM.32/LT.30/GB.12-G;;ZONA RURAL;0613;RO;Brasil;78954000;[CIVIL=CASADO(A)]
01337;PF;65194780249;665281;;ALSELI GOMES DE MELO;ALSELI GOMES DE MELO;;RUA DUQUE DE CAXIAS;;CENTRO;0613;RO;Brasil;78954000;[CIVIL=SOLTEIRO(A)] MOTORISTA
01349;PF;30887380620;5733487;;PEDRO LUIZ DE CARVALHO;PEDRO LUIZ DE CARVALHO;;RODOVIA TN-10/LT.291/GB.01;;ZONA RURAL;0613;RO;Brasil;78954000;OBSERVACAO ATUALIZAR CADASTRO. LAVRADOR
01319;PF;88351580287;791002;;SIDINEI ANDRADE DA SILVA **;SIDINEI ANDRADE DA SILVA **;;VO LUIZA;;ZONA RURAL;0613;RO;Brasil;78954000;[CIVIL=SOLTEIRO(A)] [OBS=CLIENTE ALEGOU QUE JA TINHA PAGADO AS NOTAS, POREM NAO TINHA SIDO PAGO. POR ESSE MOTIVO FOI EXCLUIDO SEUS TITULOS E CANCELADO A FICHA.] TRAB.RURAL
01324;;1324;;;VAGNER MARTINS DE OLIVEIRA;VAGNER MARTINS DE OLIVEIRA;;;;;0001;RO;Brasil;78960000;[CIVIL=SOLTEIRO(A)]
01321;;1321;759065;;VILMAR COSTA FERREIRA;VILMAR COSTA FERREIRA;;RODOVIA 31/KM.16/LT.08/GB.08-C.;;ZONA RURAL;0613;RO;Brasil;78954000;[CIVIL=CASADO(A)] TRAB.RURAL
01322;;1322;;;VALTER FAGUNDES DA SILVA;VALTER FAGUNDES DA SILVA;;RODOVIA 36/LT.25/GB.12-G;;ZONA RURAL;0613;RO;Brasil;78954000;[CIVIL=SOLTEIRO(A)]
01323;PF;62296396291;638934;;VILSON ROSA DA SILVA;VILSON ROSA DA SILVA;;RODOVIA 31/KM.20;;ZONA RURAL;0613;RO;Brasil;78954000;[CIVIL=CASADO(A)] VAQUEIRO
01325;PF;75784670263;;;SIMONE CHAVES;SIMONE CHAVES;;RUA BELMIRO ARAUJO;;CENTRO;0613;RO;Brasil;78954000;[CIVIL=SOLTEIRO(A)] [OBS=MOTIVO DE ATRASO] DO LAR
01316;PF;49855824253;548067;;SOLEMAR MOREIRA MENDES;SOLEMAR MOREIRA MENDES;;RODOVIA 31/KM.24/LT.22/GB.12-D;;ZONA RURAL;0613;RO;Brasil;78954000;OBSERVACAO ATUALIZAR CADASTRO. TRAB.RURAL
01346;PF;67858104268;741353;;IVONETE RABELO SANTOS;IVONETE RABELO SANTOS;;RODOVIA 31/KM.31/LT.33/GB.08-A;;ZONA RURAL;0613;RO;Brasil;78954000;OBS: ATUALIZAR CADASTRO LAVRADORA
01317;PF;73000302204;;;SOLANGE TEIXEIRA DE MEDEIROS;SOLANGE TEIXEIRA DE MEDEIROS;;RODOVIA 20/KM.37/LT.05/GB.12-D;;ZONA RURAL;0613;RO;Brasil;78954000;[CIVIL=CASADO(A)] TRABRURAL
01347;PF;58260404249;654820;;VALCIR GOMES DA COSTA;VALCIR GOMES DA COSTA;;RODOVIA TN10/LT.287/GB.01;;ZONA RURAL;0613;RO;Brasil;78954000;OBSERVACAO ATUALIZAR CADASTRO. LAVRADOR
01318;PF;24860023838;305502426;;SILVA OLIVEIRA DE ARAUJO;SILVA OLIVEIRA DE ARAUJO;;RODOVIA 16/KM.37/LT.28/GB.12-B.;;ZONA RURAL;0613;RO;Brasil;78954000;[CIVIL=SOLTEIRO(A)] AGRICULTOR
01328;PF;80257992200;;;ZAQUEU MIRANDA DE FREITAS;ZAQUEU MIRANDA DE FREITAS;;LINHA RURAL T-01;;ZONA RURAL;9653;RO;Brasil;76929000;[CIVIL=SOLTEIRO(A)] [OBS=MOTIVO DE ATRASO] VAQUEIRO
01306;PF;64027961234;655100;;ROMILDA DA SILVA FREITAS;ROMILDA DA SILVA FREITAS FERREIRA;;RUA ARNALDO ANTONIO COELHO;;NOVO ESTADO;6552;RO;Brasil;78950000;
01291;PF;67539769220;501527;;NILDO BATISTA BARBOSA;NILDO BATISTA BARBOSA;;RODOVIA RUA DANIEL HERINGER;;ZONA RURAL;0613;RO;Brasil;76928000;NÃO AUTORIZA NINGUEM A COMPRAR, EXCETO O GABRIEL
01302;PF;42273340206;521237;;PAULO BARBOSA DOS SANTOS (SOLUTION);PAULO BARBOSA DOS SANTOS;992090210;RODOVIA 31/KM.16/LT.06/GB.08-C;;ZONA RURAL;0613;RO;Brasil;78954000;COBRANÇA SETOR JURIDICO
01312;PF;63234467234;433684;;ROSELI RODRIGUES FARAGE;ROSELI RODRIGUES FARAGE;;RUA MARECHAL CANDIDO RONDOM;CASA;CENTRO;0613;RO;Brasil;76928000;
01278;PF;11502444291;181177;;JORGE DA SILVA RAMOS;JORGE DA SILVA RAMOS;;LH 31 KL 20 LOTE 30 GLEBA8C;;CENTRO;0613;RO;Brasil;76928000;FUNCIONARIO PUBLICO
01298;PF;31266002200;326168;;NEUZA DE JESUS GON_ALVES **;NEUZA DE JESUS GON_ALVES **;;BELMIRO ARAUJO N;;CENTRO;0613;RO;Brasil;78954000;[CIVIL=SOLTEIRO(A)] FUNC.PUBLICO
01310;;1310;;;ROSIMAR RIBEIRO DA SILVA;ROSIMAR RIBEIRO DA SILVA;;RUA VO LUIZA N;;CENTRO;0613;RO;Brasil;78954000;[CIVIL=SOLTEIRO(A)] DOMESTICA
01289;PF;45715629268;631909;;JULIO PAULO LOPES;JULIO PAULO LOPES;092864538;RODOVIA 31/KM.16/LT.32/GB.08-B;;ZONA RURAL;0613;RO;Brasil;78954000;OBS: ATUALIZAR CADASTRO LAVRADOR
01283;PF;42201136220;460953;;JOSE CARLOS DOS SANTOS;JOSE CARLOS DOS SANTOS;;RODOVIA 31/KM.16/LT.26/GB.08-B;;ZONA RURAL;0613;RO;Brasil;78954000;[CIVIL=CASADO(A)] LAVRADOR
01280;PF;42202710230;860748;;JOSE VILSON PEREIRA **;JOSE VILSON PEREIRA **;;RODOVIA 31/KM.24/LT.25/GB.12-D;;ZONA RURAL;0613;RO;Brasil;78954000;[CIVIL=SOLTEIRO(A)] [OBS=ADVOGADA] TRAB RURAL
01281;PF;14282534249;182265;;JOSE RODRIGUES FILHO;JOSE RODRIGUES FILHO;;RODOVIA 37/KM.32/LT.28/GB.12-G;;ZONA RURAL;0613;RO;Brasil;78954000;[CIVIL=SOLTEIRO(A)] LAVRADOR
01314;PF;83615253272;0202336202;;SUZANA PEREIRA OLIVEIRA;SUZANA PEREIRA OLIVEIRA;;LADO LENA FARMACIA;;CENTRO;0613;RO;Brasil;78954000;[CIVIL=CASADO(A)] DO LAR
01294;PF;56525591287;530198;;MARIA DUARTE DE FRANCA;MARIA DUARTE DE FRANCA;;LUIZ BORGES;;CENTRO;0613;RO;Brasil;76928000;[CIVIL=SOLTEIRO(A)] APOSENTADA
01297;;1297;6061031;;MARIA FRANCISCA DE BARROS;MARIA FRANCISCA DE BARROS;;RODOVIA 32/KM.37/LT.28/GL.12-G;;ZONA RURAL;0613;RO;Brasil;78954000;[CIVIL=CASADO(A)] TRAB.RURAL
01308;;;;;NESTOR FERREIRA DO NASCIMENTO **;NESTOR FERREIRA DO NASCIMENTO **;;RODOVIA 37/KM.24/LT.15/GB.12-E;;ZONA RURAL;0613;RO;Brasil;78954000;OBS: ATUALIZAR CADASTRO APOSENTADO
01309;;1309;;;ROSALIA DO CARMO DE JESUS SOUZA **;ROSALIA DO CARMO DE JESUS SOUZA **;;RODOVIA 16/LT.33/GB.08-B. (MUDOU P/ JARU;;ZONA RURAL;0613;RO;Brasil;78954000;[CIVIL=CASADO(A)] VAVRADORA
01288;PF;57411255220;541061;;MARIRTO JOSE ROSA;MARIRTO JOSE ROSA;092399378;RODOVIA TN06/LT.470/GB.01;;ZONA RURAL;9653;RO;Brasil;78955000;OBS: ATUALIZAR CADASTRO LAVRADOR
01303;;1303;;;ZUMIRA BARRETO MANHAGO **;ZUMIRA BARRETO MANHAGO **;;;;;0001;RO;Brasil;78960000;[CIVIL=SOLTEIRO(A)]
01293;;1293;;;MARIA NEGRINE;MARIA NEGRINE;;;;CENTRO;0001;RO;Brasil;78960000;[CIVIL=CASADO(A)] DO LAR
01284;;1284;;;KESIA CAMPOS;KESIA CAMPOS;05251393;;;;0001;RO;Brasil;78960000;[CIVIL=SOLTEIRO(A)]
01295;PF;55283500691;;;MARIA ELIENE GUSMAO;MARIA ELIENE GUSMAO;;;;;0001;RO;Brasil;78960000;[CIVIL=SOLTEIRO(A)]
01300;PF;69536341204;449722;;SENIR TEIXEIRA;SENIR TEIXEIRA;;RODOVIA 22/KM.20/LT.19/GB.08-D;;ZONA RURAL;0613;RO;Brasil;78954000;[CIVIL=SOLTEIRO(A)] DO LAR
01290;;1290;;;MONICA CONCEICAO DA SILVA;MONICA CONCEICAO DA SILVA;;RUA BELMRO ARAUJO;;CENTRO;0613;RO;Brasil;78954000;[CIVIL=CASADO(A)]
01301;;1301;;;PAULO SERGIO ALEXANDRINE BARCELO;PAULO SERGIO ALEXANDRINE BARCELO;;RODOVIA 31/KM.04/LT.08/GB.08;;ZONA RURAL;0613;RO;Brasil;78954000;[CIVIL=CASADO(A)] TRAB.RURAL
01311;PF;82671257287;759095;;ROSIMAR COSTA FERREIRA;ROSIMAR COSTA FERREIRA;;RODOVIA 31/KM.16/LT.08/GB.08-C;;ZONA RURAL;0613;RO;Brasil;78954000;[CIVIL=SOLTEIRO(A)]
01282;PF;49286196920;3616641;;JOSE MESSIAS MENEZES;JOSE MESSIAS MENEZES;;RODOVIA 37/KM.16/LT.24/GB.12-B;;ZONA RURAL;0613;RO;Brasil;78954000;[CIVIL=CASADO(A)] LAVRADOR
01304;;1304;;;RICARDO PEDRO DA SILVA;RICARDO PEDRO DA SILVA;;RUA DUQUE DE CAXIAS;;CENTRO;0613;RO;Brasil;78954000;[CIVIL=CASADO(A)] CERRADOR
01305;;1305;;;RICARDO ARAUJO DE MORAES;RICARDO ARAUJO DE MORAES;;RODOVIA 16/KM.31/LT.04/GB.08-C;;ZONA RURAL;0613;RO;Brasil;78954000;[CIVIL=SOLTEIRO(A)]
01285;PF;65310071253;787083;;LAURANI ROSA DE FREITAS SANTOS;LAURANI ROSA DE FREITAS SANTOS;;RODOVIA 31/KM.12/LT.01/GB.08-B;;ZONA RURAL;0613;RO;Brasil;78954000;[CIVIL=SOLTEIRO(A)] LAVRADORA
01286;;1286;;;LEIDIANE ARAUJO;LEIDIANE ARAUJO;;RUA DUQUE DE CAXIAS;;CENTRO;0613;RO;Brasil;78954000;[CIVIL=SOLTEIRO(A)]
01296;PF;86095676215;;;MARIA EUNICE DA CRUZ;MARIA EUNICE DA CRUZ;;RODOVIA 31/KM.16/LT.07/GB.08-B;;ZONA RURAL;0613;RO;Brasil;78954000;[CIVIL=CASADO(A)] DO LAR
01287;;1287;;;LUZINETE GON_ALVES **;LUZINETE GON_ALVES **;;EMBRATEL;;CENTRO;0613;RO;Brasil;76928000;[CIVIL=SOLTEIRO(A)]
01299;PF;05849993215;61224;;OSMAR FELICIO DE OLIVEIRA;OSMAR FELICIO DE OLIVEIRA;;RODOVIA 31/KM.32/LT.62/GB.12-F;;ZONA RURAL;0613;RO;Brasil;78954000;[CIVIL=CASADO(A)] TRAB.RURAL
01261;PF;93584466253;989921;;GESIANE TELLES DA COSTA CARLOS;GESIANE TELLES DA COSTA CARLOS;;RUA SAO JOSE OPERARIO;;CENTRO;0001;RO;Brasil;78960000;[CIVIL=CASADO(A)]
01262;PF;34989978234;232760;;ANTONIO DE OLIVEIRA NEVES;ANTONIO DE OLIVEIRA NEVES;6992591275;LINHA 24/KM.31 LT 2 GL 8 E;;ZONA RURAL;0613;RO;Brasil;76928000;LAVRADOR
01255;PF;82670960278;876955;;AGUINALDO TABOSA ROCHA;AGUINALDO TABOSA ROCHA;;LINHA TN10/KM.31/LT.418/GB.01;;ZONA RURAL;9653;RO;Brasil;78955000;OBS: ATUAIZAR CADASTRO LAVRADOR
03204;PF;99633523249;1023977;;YURI ROCHA RIGONI;YURI;99454509;RUA JORGE TEIXEIRA;AO LADO DA IGREJA CATOLICA;CENTRO;0613;RO;Brasil;78954000;
01272;PF;69021244268;554611;;GENI LEAL SANTOS SOUZA;GENI LEAL SANTOS SOUZA;092324712;RODOVIA RUA DANIEL HERINGER;;CENTRO;0613;RO;Brasil;76928000;OBS: ligar para pedir autorizaçao toda vez que alguem compra
01244;PF;35006366249;381318;;FRANCISCO VIANA DE OLIVEIRA;FRANCISCO VIANA DE OLIVEIRA;69993262003;RODOVIA 37/KM.24/LT.21/GB.12-E;;ZONA RURAL;0613;RO;Brasil;78954000;OBS: ATUALIZAR CADASTRO AUXILIAR DE PRODU_AO
01254;PF;45722137200;483200;;MARLI MARINHO DE OLIVEIRA;MARLI MARINHO DE OLIVEIRA;;RODOVIA 22/KM.24/LT.19/GB.04-E;CASA;ZONA RURAL;0613;RO;Brasil;76928000;
01257;PF;22033289249;232480;;JORGE RAMOS BARBOSA;JORGE RAMOS BARBOSA;69992299322;RODOVIA 31/KM.16/GB.12-B/LT.24;CASA;ZONA RURAL;0613;RO;Brasil;76928000;
01267;PF;88157164249;916525;;EDMILSON MENDES DE CASTRO;EDMILSON MENDES DE CASTRO;981282004;RODOVIA LH 37 KM28 GB12B LT 44;;ZONA RURAL;0613;RO;Brasil;76928000;OBS: ATUALIZAR CADASTRO LAVRADOR
01265;PF;63470608253;845115;;ELIAMAR ALVES NUNES REGIS;HELIA;;LINHA TN 02 LOTE 630 GLEBA 01;;ZONA RURAL;9653;RO;Brasil;78955000;OBS: ATUALIZAR CADASTRO LAVRADORA
01258;PF;08453535272;44659;;JOSE DA SILVA;JOSE DA SILVA;;RODOVIA 31/KM.28/ESQUINA;;ZONA RURAL;0613;RO;Brasil;78954000;ATUALIZAR CADASTRO TRAB. RURAL
01259;PF;83126899234;881081;;ANDREIA PEREIRA DE MORAIS;ANDREIA PEREIRA DE MORAIS;;RODOVIA 31/KM.16/LT.01/GB.08-C;;ZONA RURAL;0613;RO;Brasil;78954000;NAO VENDER PARA A FILHA GABRIELI. OBS: ATUALIZAR CADASTRO DO LAR
01266;PF;59681896220;862758;;MARQUILANIA MARIA MAULAZ;MARQUILANIA MARIA MAULAZ;;RUA DUQUE DE CAXIAS N;;CENTRO;0613;RO;Brasil;78954000;OBS: ATUALIZAR CADASTRO PROFESSORA
01268;PF;66243289249;629329;;ISABEL SATURNINO FERREIRA;ISABEL SATURNINO FERREIRA;;AVENIDA AFONSO PENA N;;CENTRO;0613;RO;Brasil;78954000;[CIVIL=CASADO(A)] [OBS= BELINHA]
01242;PF;21978689268;225840;;ELIAS NATAL DE OLIVEIRA;ELIAS NATAL DE OLIVEIRA;;6 RUA BARAO DO RIO BRANCO N;;VAL PARAISO;6547;RO;Brasil;78954000;[CIVIL=SOLTEIRO(A)] [OBS=ADVOGADA] PEDREIRO
01264;;;;;ELAINE VAZ NEGRINE;ELAINE VAZ NEGRINE;;PEDRO LIRA PESSOA, N;;NOVO JI-PARANA;6547;RO;Brasil;76900000;[CIVIL=CASADO(A)] [OBS=ADVOGADA] TRAB.RURAL
01270;PF;58575545272;631893;;IVONETE HONORIO DA SILVA;IVONETE HONORIO DA SILVA;;CONTORNO S/N;;CENTRO;0613;RO;Brasil;78954000;[CIVIL=SOLTEIRO(A)]
01246;;1246;;;FRANQUISMAR BATISTA JORDAO;FRANQUISMAR BATISTA JORDAO;;AVENIDA AFONSO PENA N;;CENTRO;0613;RO;Brasil;78954000;[CIVIL=CASADO(A)]
01247;PF;67968791200;;;GILMAR DE LIMA;GILMAR DE LIMA;;VISTA ALEGRE N;;JARDIM PRESIDENCIAL;6547;RO;Brasil;78960000;[CIVIL=SOLTEIRO(A)] LAVRADOR
01263;PF;11562161253;180625;;LEDIR ARAUJO;LEDIR ARAUJO;;RODOVIA 20/KM.16/LT.22/GB.12-C;;ZONA RURAL;0613;RO;Brasil;78954000;OBS: ATUALIZAZR CADASTRO CARPINTEIRO
01245;PF;67263127253;;;FABIO JUNIOR FRAIS GOLTARA;FABIO JUNIOR FRAIS GOLTARA;092929367;RODOVIA 31/KM.16/LT.25/GB. 08-B;;ZONA RURAL;0613;RO;Brasil;78954000;OBSERVACAO ATUALIZAR CADASTRO
01250;PF;72872152253;773055;;ALZENY DE OLIVEIRA SOARES;ALZENY DE OLIVEIRA SOARES;;;;CENTRO;0613;RO;Brasil;78954000;OBS: ATUALIZAR CADASTRO DO LAR
01260;PF;38910616253;398341;;GELSON PEREIRA DA SILVA;GELSON PEREIRA DA SILVA;;RODOVIA 16/KM.31/LT.08/GB.8-C;;ZONA RURAL;0613;RO;Brasil;78954000;OBSERVACAO ATUALIZAR CADASTRO LAVRADOR
01251;PF;47881640782;453636;;JOEL GON_ALVES DOS SANTOS;JOEL GON_ALVES DOS SANTOS;;RUA BELMIRO ARAUJO;;CENTRO;0613;RO;Brasil;78954000;OBSERVACAO ATUALIZAR CADASTRO
01252;PF;29016045287;348547;;DANIEL DE OLIVEIRA DUTRA;DANIEL DE OLIVEIRA DUTRA;;RODOVIA 24/KM.31/LT.25/GB.12-E;;ZONA RURAL;0613;RO;Brasil;78954000;[CIVIL=CASADO(A)] LAVRADOR
01253;PF;84851210230;896289;;DEVILSON PIO DA ROCHA;DEVILSON PIO DA ROCHA;0928205809;RODOVIA 31/KM.16/LT.15/GB.12-C;;ZONA RURAL;0613;RO;Brasil;78954000;[CIVIL=SOLTEIRO(A)] LAVRADOR
01256;PF;90889851204;880293;;SANDERLEY PEREIRA LEAL;SANDERLEY PEREIRA LEAL;;RODOVIA TN06/LT.511/GB.01;;ZONA RURAL;9653;RO;Brasil;78955000;OBS: ATUALIZAR CADATRO LAVRADOR
01243;;;;;ELIAS FERREIRA LEITE **;ELIAS FERREIRA LEITE **;;RODOVIA 32;;ZONA RURAL;0613;RO;Brasil;78954000;OBS: ATUALIZAR CADASTRO
01274;PF;90104889268;934985;;JULIO MARIO TEODORO DA SILVA;JULIO MARIO TEODORO DA SILVA;;RODOVIA 36/LT.11/GB.12-G;;ZONA RURAL;0613;RO;Brasil;78954000;[CIVIL=SOLTEIRO(A)] [OBS=CONTA ADVOGADA - CENCELAR FICHA APOS PAGAMENTO ]
01275;;1275;;;JOSIMAR FRAUZINO OLIVEIRA;JOSIMAR FRAUZINO OLIVEIRA;;RODOVIA 31/KM.20(PERTO DO MARAO);;ZONA RURAL;0613;RO;Brasil;78954000;[CIVIL=SOLTEIRO(A)] LAVRADOR
01277;;1277;;;JOSUE BENTO NEVES;JOSUE BENTO NEVES;;RODOVIA 22/KM.24;;ZONA RURAL;0613;RO;Brasil;78954000;[CIVIL=SOLTEIRO(A)]
01249;PF;97118222615;4750315;;GERSON FERREIRA ALVEZ;GERSON FERREIRA ALVEZ;;RUA VO LUIZA;;CENTRO;0613;RO;Brasil;78954000;[CIVIL=CASADO(A)] SERV.DIVERSOS
01269;;1269;806665;;ISAIAS ROSA DA HORA **;ISAIAS ROSA DA HORA **;;RODOVIA 08/KM.31/LT.03/GB.08-A;;ZONA RURAL;0613;RO;Brasil;78954000;[CIVIL=CASADO(A)]
01215;PF;81904410278;1919862;;TEREZINHA FATIMA BARBOSA;TEREZINHA FATIMA BARBOSA;6981612140;AVINIDA AFONCO PENA;;CENTRO;0613;RO;Brasil;78954000;
01228;PF;73832030204;568587;;ROSANGELA DE SOUZA TEIXEIRA;ROSANGELA DE SOUZA TEIXEIRA;092930544;RUA ADILIO FERREIRA;;ZONA RURAL;0613;RO;Brasil;78954000;OBS: ATUALIZAR CADASTRO NAO AUTORIZA NINGUEM A COMPRAR NA FICHA
01238;PF;67808220272;758447;;ELISANGELA APARECIDA GOMES **;ELISANGELA APARECIDA GOMES **;;RODOVIA 16/KM.31/LT.27/GB.08-C;;ZONA RURAL;0613;RO;Brasil;78954000;FICHA CANCELADA
01211;PF;88352056204;938424;;GERVASIO TELES DE ALMEIDA FILHO;GERVASIO TELES DE ALMEIDA FILHO;092140857;RODOVIA LH TN 2 KM 31 LT 571 GL 1;;ZONA RURAL;9653;RO;Brasil;76929000;LIMITE REDUZIDO PARA R$1.000,00 NÃO VENDER ENQUANTO NÃO REGULARIZAR OS DÉBITOS.
01214;PF;72326514220;791350;;GIANE PEREIRA DOS SANTOS;GIANE PEREIRA DOS SANTOS;;RUA RUA ALMIRANTE BARROSO N;;CENTRO;0613;RO;Brasil;78954000;[CIVIL=CASADO(A)] DO LAR
01226;;;234372;;NAIVA LOPES VIEIRA;NAIVA LOPES VIEIRA;;RUA NOVA ESPERAN_A N;;CENTRO;0613;RO;Brasil;78954000;OBSERVACAO ATUALIZAR CADASTRO.
01239;PF;76470172253;800546;;ELIZETE RODRIGUES FARAGE;ELIZETE RODRIGUES FARAGE;;RUA EMBRATEL N;;CENTRO;0613;RO;Brasil;78954000;[CIVIL=SOLTEIRO(A)] [OBS=ESTA COM ADVOGADA] OBS: FICHA CANCELADA. (COBRADOR SIDNEY) 19/03/2019 BALCONISTA
01234;PF;71639268200;758910;;EDMILSON PEREIRA NEVES;EDMILSON PEREIRA NEVES;6992395437;PEDRO LIRA PESSOA;;NOVO JI-PARANA;6547;RO;Brasil;78954000;[CIVIL=SOLTEIRO(A)] [OBS=ADVOGADA] VAQUEIRO
01235;;1235;;;EDSON CORALESKI **;EDSON CORALESKI **;;RUA DUQUE DE CAXIAS N;;CENTRO;0613;RO;Brasil;78954000;[CIVIL=SOLTEIRO(A)]
01220;PF;31684637287;322269;;ANTONIO PEREIRA NUNES;ANTONIO PEREIRA NUNES;092458815;RODOVIA TN10/LT.317/GB.01 SITIO SAO JOAO;;ZONA RURAL;9653;RO;Brasil;78955000;"OBS; ATUALIZAR CADASTRO LAVRADOR"
01229;PF;22103449215;84645;;MARIA SOARES RIBEIRO;MARIA SOARES RIBEIRO;;RODOVIA TN-36/LT.29/GB-6612;;ZONA RURAL;0613;RO;Brasil;78954000;OBSERVACAO ATUALIZAR CADASTRO LAVRADORA
01232;;1232;;;ELZA CORALESKI;ELZA CORALESKI;;;;;0001;RO;Brasil;78960000;[CIVIL=SOLTEIRO(A)]
01221;PF;90608879215;951357;;CLAUDINEI CARDOSO MARTINS;CLAUDINEI CARDOSO MARTINS;;AFONSO PENA;;CENTRO;0613;RO;Brasil;76928000;OBS: ATUALIZAR CADASTRO REPOSITOR DE SECAO
01231;PF;66939402268;;;ENI TEIXEIRA DE OLIVEIRA **;ENI TEIXEIRA DE OLIVEIRA **;092923456;NOVA ESPERANCA;;CENTRO;0613;RO;Brasil;76928000;[CIVIL=CASADO(A)]
01241;;1241;;;ELIELSON TEIXEIRA GONCALVEZ;ELIELSON TEIXEIRA GONCALVEZ;;RODOVIA 31/KM.32;;ZONA RURAL;0613;RO;Brasil;78954000;[CIVIL=SOLTEIRO(A)]
01213;PF;29032849204;310323;;CLAUDINEIA PAES SOUZA;CLAUDINEIA PAES SOUZA;;RODOVIA 24/KM.22/LT.29/GB.04-E;;ZONA RURAL;0613;RO;Brasil;78954000;[CIVIL=CASADO(A)] [OBS=ADVOGADA]
01233;PF;71108629253;848064;;GILSON CIRILO FREIRA;GILSON CIRILO FREIRA;;TN06/KM.22/LT.503/GB;;ZONA RURAL;0613;RO;Brasil;78954000;[CIVIL=CASADO(A)] [OBS=CANCELADO POR MOTIVO DE ATRAZO] LAVRADOR
01216;PF;93415818853;110083052;;SEMINI JOSE ALCANTARA;SEMINI JOSE ALCANTARA;092090606;RODOVIA 31/KM.24/GB.08-D;;ZONA RURAL;0613;RO;Brasil;78954000;OBSERVACAO ATUALIZAR CADASTRO. LAVRADOR
01207;PF;64384560206;;;ROBERTO GALDINO MACHADO **;ROBERTO GALDINO MACHADO **;;RODOVIA 31/KM.18/LT.22/GB.12-C;;ZONA RURAL;0613;RO;Brasil;78954000;OBSERVACAO ATUALIZAR CADASTRO. LAVRADOR
01217;PF;77105605200;804213;;ELISANGELA ARAUJO DA COSTA;ELISANGELA ARAUJO DA COSTA;;RODOVIA TN06/LT.505/GB.01;;ZONA RURAL;0613;RO;Brasil;78954000;[CIVIL=CASADO(A)] LAVRADORA
01208;PF;10290338204;43198;;ANTONIO FERREIRA DOS SANTOS;ANTONIO FERREIRA DOS SANTOS;035466480;RODOVIA 36/KM.40/LT.33/GB.12-G;;ZONA RURAL;0613;RO;Brasil;78954000;CANCELADO MOTIVO DE COBRANCA. PAGO COM MUITO ATRASO. LAVRADOR
01210;PF;72699841234;85264;;MARILZA PEREIRA NEVES;MARILZA PEREIRA NEVES;;RODOVIA C-03/LT.90/GB.01;;ZONA RURAL;9653;RO;Brasil;78955000;OBS: ATUALIZAR CADASTRO TRAB.RURAL
01218;PF;77770412234;821854;;FABLIO MAZARIM;FABLIO MAZARIM;;RODOVIA TN02/GB.01/LT.619;;ZONA RURAL;9653;RO;Brasil;78955000;ATUALIZAR CADASTRO LAVRADOR
01219;PF;66491290204;674351;;SERGIO BATISTA DE MORAIS;SERGIO BATISTA DE MORAIS;034240067;RUA GUARULHOS N:4929 BAIRRO;;ALTO ALEGRE;6547;RO;Brasil;78960000;OBSERVACAO ATUALIZAR CADASTRO. TECNICO AGRICOLA
01222;;1222;706472;;CLEBERSON CORDEIRO DE LIMA;CLEBERSON CORDEIRO DE LIMA;;;;BAIRRO DAS ROSAS;0001;RO;Brasil;78960000;[CIVIL=SOLTEIRO(A)]
01224;PF;75444950278;;;DIONE PEREIRA DE ASSIS;DIONE PEREIRA DE ASSIS;;;;BAIRRO DAS ROSAS;0001;RO;Brasil;78960000;[CIVIL=SOLTEIRO(A)]
01230;;1230;407773;;EUCLIDEIA DE CASTRO MACHADO;EUCLIDEIA DE CASTRO MACHADO;;RUA BELMIRO ARAUJO;;CENTRO;0613;RO;Brasil;78954000;[CIVIL=SOLTEIRO(A)] DOMESTICA
01240;PF;57947104700;;;ELIAS GONCALVES **;ELIAS GONCALVES **;;RODOVIA 24;;ZONA RURAL;0613;RO;Brasil;78954000;[CIVIL=SOLTEIRO(A)]
01223;;1223;723437;;CLEONICE SILVA OLIVEIRA **;CLEONICE SILVA OLIVEIRA **;;RODOVIA 31 CEREALISTA CONFIAN_A;;ZONA RURAL;0613;RO;Brasil;78954000;[CIVIL=SOLTEIRO(A)]
01225;;1225;;;DALVINA RODRIGUES PEREIRA;DALVINA RODRIGUES PEREIRA;;RODOVIA 16/KM.22/LT.14/GB.8-D;;ZONA RURAL;0613;RO;Brasil;78954000;[CIVIL=SOLTEIRO(A)]
01236;PF;71880828200;772115;;EDIVALDO BAPTISTA BLASER;EDIVALDO BAPTISTA BLASER;;AFONSO PENA;;CENTRO;0613;RO;Brasil;76928000;[CIVIL=SOLTEIRO(A)]
01227;PF;68180772772;650607;;IDAHIR VIEIRA;IDAHIR VIEIRA;;RODOVIA 31/KM.24 PERTO DO TONINHO CARECA;;ZONA RURAL;0613;RO;Brasil;78954000;OBS: ATUALIZAR CADASTRO APOSENTADO
01209;PF;65688996234;708185;;EDNA MARIA SILVA FREITAS;EDNA MARIA SILVA FREITAS;;RODOVIA 31/KM.20/LT.24/GB.12-C;;ZONA RURAL;0613;RO;Brasil;78954000;OBS: ATUALIZAR CADASTRO DO LAR
03327;PF;69282714268;764029;;MARILZA LOPES DE SOUZA LOPES;MARILZA LOPES DE SOUZA LOPES;;LH 31 KL 12 LOTE 10 REMANECENTE GLEBA 8B;CASA AO LADO DA CASA DE ORACAO;ZONA RURAL;6552;RO;Brasil;78950000;
01203;PF;78404088268;840707;;DIANA DA SILVA SUPRIANO;DIANA DA SILVA SUPRIANO;;RUA ALAIDE FERNANDES;;CENTRO;0613;RO;Brasil;76928000;[CIVIL=CASADO(A)] DO LAR
01204;PF;34890505253;380566;;NICILEIDE DOS SANTOS FURTADO;NICILEIDE DOS SANTOS FURTADO;092938666;RODOVIA TN6/LT.364;;ZONA RURAL;0613;RO;Brasil;78954000;OBS: ATUALIZAR CADASTRO
01205;PF;72092980297;758005;;MARIA PIRES DIAS;MARIA PIRES DIAS(NAO VENDER);6981018126;LINHA 16/KM.31/LT.31/GB.08-B.;;ZONA RURAL;0613;RO;Brasil;78954000;[CIVIL=CASADO(A)] LAVRADORA
01206;PF;88126196734;759619;;MARIA DAS GRACAS MARTINS;MARIA DAS GRACAS MARTINS;;LINHA 24/KM.22/LT.32/GB.04-D;;ZONA RURAL;0613;RO;Brasil;78954000;ATUALIZAR CADASTRO. PROFESSORA
01176;PF;45678138200;380719;;CREUSA APARECIDA VARGAS;CREUSA APARECIDA VARGAS;;LH31/KM.24/LT.35/GB.08-D.;;ZONA RURAL;0613;RO;Brasil;78954000;OBS: ATUALIZAR CADASTRO DO LAR
01184;PF;04071964200;27959;;JOSE BENFICA SOBRINHO;JOSE BENFICA SOBRINHO;;RODOVIA RUA SAO JOSE OPERARIO;;ZONA RURAL;0613;RO;Brasil;76928000;OBS: ATUALIZAR CADASTRO APOSENTADO
01194;PF;28609948234;284886;;MILTON BATISTA DA SILVA;MILTON BATISTA DA SILVA;;RODOVIA 16/KM.31/LT.11/GB.08-C;;ZONA RURAL;0613;RO;Brasil;78954000;OBS:ATUALIZAR CADASTRO AGRICULTOR
01174;;1174;759102;;MARLUCYA DE ASSIS PEREIRA DE OLIVEIRA;MARLUCYA DE ASSIS PEREIRA DE OLIVEIRA;;LUIZA S/N;;CENTRO;0613;RO;Brasil;78954000;[CIVIL=CASADO(A)] DO LAR
01175;PF;38620464272;575022;;JOSE NILTON SOARES;JOSE NILTON SOARES;092129283;JOANA DARK;;BAIRRO DAS ROSAS;6552;RO;Brasil;78955000;[CIVIL=SOLTEIRO(A)] TRAB.RURAL
01182;PF;16778588187;995575;;ADAO DE SOUZA;ADAO DE SOUZA;092907714;ESQUINA COM RUA SENA MADUREIRA N;;PROXIMO AVENIDA ARAC;0613;RO;Brasil;78954000;"OBS: ATUALIZAR CADASTRO TRAB;.LATICINIO"
01187;PF;67620205268;;;CARMOZINA MAIA DA COSTA;CARMOZINA MAIA DA COSTA;;LUIZA S/N;;CENTRO;0613;RO;Brasil;78954000;[CIVIL=SOLTEIRO(A)] APOSENTADA
01192;PF;07138172753;105698;;ALCEBIADES MELCHIADES DA SILVA;ALCEBIADES MELCHIADES DA SILVA;034651146;RUA NOVA ESPERAN_A N;;CENTRO;0613;RO;Brasil;78954000;[CIVIL=CASADO(A)] APOSENTADO
01188;;;;;ANTONIO LUCIANO CORREIA;ANTONIO LUCIANO CORREIA;;VARENGA N;;NOVO JI-PARANA;6547;RO;Brasil;78960000;[CIVIL=SOLTEIRO(A)] [OBS=FICHA ESTA EM JI PARANA CANCELAR APOS PAGAMENTO ]
01180;PF;93245203268;758501;;NEIDE EVANGELISTA DOS SANTOS FURTADO;NEIDE EVANGELISTA DOS SANTOS FURTADO;092412769;RODOVIA TN6/KM.09/LT.352/GB.01;;ZONA RURAL;0613;RO;Brasil;78954000;OBSERVACAO ATUALIZAR CADASTRO. TRAB.RURAL
01202;PF;38672251253;399800;;ANGELA MARIA FERREIRA DE ARAUJO;ANGELA MARIA FERREIRA DE ARAUJO;092510160;RODOVIA 31/KM.32/LT.58/GB.12-F;;ZONA RURAL;0613;RO;Brasil;78954000;OBS: ATUALIZAR CADASTRO LAVRADORA
01196;PF;42710758172;973029;;AIJALONA COELHO RESPLANDE;AIJALONA COELHO RESPLANDE;092243425;LUIZ BORGES;;CENTRO;0613;RO;Brasil;76928000;OBS: ATUALIZAR CADASTRO
01185;;;;;MACIEL ANDERSON ASTOFE DE BARROS;MACIEL ANDERSON ASTOFE DE BARROS;;;;CENTRO;0001;RO;Brasil;78960000;OBS: ATUALIZAR CADASTRO
01190;PF;89064356220;934570;;ROGERIO BRITO;ROGERIO BRITO;;RODOVIA 22/KM.16/LT.18/GB.08-B;;ZONA RURAL;0613;RO;Brasil;78954000;OBSERVACAO ATUALIZAR CADASTRO. LAVRADOR
01181;PF;64874052215;676346;;PERSIO VERGILIO DOS SANTOS;PERSIO VERGILIO DOS SANTOS;;RODOVIA 31/KM.20 PERTO DO CARLOS CLEBER;;ZONA RURAL;0613;RO;Brasil;78954000;[CIVIL=SOLTEIRO(A)] [OBS=MOTIVO DE ATRASO] LAVRADOR
01183;PF;75014823220;758304;;CLARISVALDO NOGUERA CAIXETA;CLARISVALDO NOGUERA CAIXETA;;RODOVIA 37/KM.24/LT.11/GB.12-E;;ZONA RURAL;0613;RO;Brasil;78954000;OBS: ATUALIZAR CADASTRO LAVRADOR
01193;PF;58297499200;604219;;JOSE FRANCISCO VENTURA;JOSE FRANCISCO VENTURA;;RODOVIA 31/KM.20;;ZONA RURAL;0613;RO;Brasil;78954000;OBSERVACAO ATUALIZAR CADASTRO PROFESSOR
01195;PF;36945358291;434729;;OSMIR BATISTA DE FREITAS;OSMIR BATISTA DE FREITAS;099568690;RODOVIA 31/KM.20/LT.23/GB.12-C;;ZONA RURAL;0613;RO;Brasil;78954000;OBSERVACAO ATUALIZAR CADASTRO. LAVRADOR
01186;;;;;ANEZIO TEIXEIRA;ANEZIO TEIXEIRA;;RODOVIA 24;;ZONA RURAL;0613;RO;Brasil;78954000;OBS: ATUALIZAR CADASTRO LAVRADOR
01177;PF;47026960253;607190;;LEILA DE LIMA SILVA;LEILA DE LIMA SILVA;;JASMO DE CASTRO;;CENTRO;0613;RO;Brasil;76928000;[OBS=FICHA P/ ADVOGADA] FICHA CANCELADA POR MOTIVO DE MUITO ATRASO. COBRANCA SIDNEY AUX.ENFERMAGEM
01178;PF;64836061253;685931;;SIRLEIDE SANTOS SILVA ALVARENGA;SIRLEIDE SANTOS SILVA ALVARENGA;;RODOVIA 31/KM.24/LT.02/GB.08-E;;CENTRO;0613;RO;Brasil;78954000;[CIVIL=SOLTEIRO(A)] [OBS=MOTIVO DE ATRASO] FUNC.PUBLICO
01198;PF;76483649215;954127;;MARIA ALVES TEIXEIRA;MARIA ALVES TEIXEIRA;092852389;RODOVIA 24 KM 22 GB 08-D LT 19;;ZONA RURAL;0613;RO;Brasil;76928000;[CIVIL=SOLTEIRO(A)] LAVRADORA
01179;PF;71484248287;759617;;GILDETE TOLEDO DA SILVA;GILDETE TOLEDO DA SILVA;;RODOVIA TN 02 LT.554 GB.01;;ZONA RURAL;0613;RO;Brasil;78954000;OBSERVACAO ATUALIZAR CADASTRO TRAB.RURAL
01189;PF;86997173268;;;MANOEL VERGILIO DOS SANTOS **;MANOEL VERGILIO DOS SANTOS **;;RODOVIA 31/KM.16/LT.36/GB.08-B;;ZANA RURAL;0613;RO;Brasil;78954000;[CIVIL=CASADO(A)] [OBS=MOTIVO DE ATRASO] LAVRADOR
01199;PF;13975072687;41413;;JOSE BATISTA DA SILVA;JOSE BATISTA DA SILVA;;ALMIRANTE BARROSO N;;CENTRO;0613;RO;Brasil;78954000;OBSERVACAO ATUALIZAR CADASTRO APOSENTADO
01200;;;;;WANDERSON SANTANA BARRETO **;WANDERSON SANTANA BARRETO **;;RODOVIA 16/KM.31 FUNDIARIA;;ZONA RURAL;0613;RO;Brasil;78954000;OBSERVACAO ATUALIZAR CADASTRO. ESTUDANTE
01201;PF;56425546204;515909;;CICERO SOARES CARDOSO;CICERO SOARES CARDOSO;;RODOVIA 20/LT.15/GB.12-D;;ZONA RURAL;0613;RO;Brasil;78954000;[CIVIL=SOLTEIRO(A)]
01197;PF;31288383215;361350;;JOSE GIOMAR PINTO (¥);JOSE GIOMAR PINTO (¥);;RODOVIA 22/KM.16/LT.31/GB.04-B;;ZONA RURAL;0613;RO;Brasil;78954000;OBSERVACAO ATUALIZAR CADASTRO LAVRADOR
01158;PF;84742380215;1028020;;CLEIDE RODRIGUES DOS SANTOS;CLEIDE RODRIGUES DOS SANTOS;;RUA VO LUIZA;;CENTRO;0613;RO;Brasil;76928000;[CIVIL=CASADO(A)] DO LAR
01147;PF;31689248220;322455;;CERLY DA SILVA SANTOS;CERLY DA SILVA SANTOS;;LINHA 28 KM 31 LOTE 33A GLEBA 8E;;ZONA RURAL;0613;RO;Brasil;76928000;OBS: ATUALIZAR CADASTRO DO LAR
01168;PF;93164670206;1033864;;MARLUCE SEZOSKI DA SILVA;MARLUCE SEZOSKI DA SILVA;092816836;RUA NOVA ESPERANCA;;CENTRO;0613;RO;Brasil;76928000;
01149;PF;93381220268;918889;;GEILSON SOARES MARTINS;GEILSON SOARES MARTINS;;RODOVIA 31/KM,32/GB.12-F/LT.54;;ZONA RURAL;0613;RO;Brasil;78954000;
01142;PF;11497556287;158952;;ELIO DELFINO SANTANA;ELIO DELFINO SANTANA;;TRANQUEDO NEVES;;BAIRRO DAS ROSAS;0613;RO;Brasil;76928000;OBS: ATUALIZAR CADASTRO
01144;PF;11687896720;2134468;;FLAVIO MOREIRA;FLAVIO MOREIRA;034651024;VO LUIZA -N;;CENTRO;0613;RO;Brasil;78954000;[CIVIL=CASADO(A)] CANCELADO POR MOTIVO DE MUDANCA PARA OUTRA CIDADADE FRENTISTA
01166;PF;73338222220;758904;;IVANILZA LIMA DE JESUS SILVA;IVANILZA LIMA DE JESUS SILVA;092230186;BELMIRO ARAUJO N;;CENTRO;0613;RO;Brasil;78954000;OBS: ATUALIZAR CADASTRO DO LAR
01143;PF;75931702172;828535;;FLAVIA REGINA MAIA;FLAVIA REGINA MAIA;;RUA DUQUE DA CAXIAS N;;CENTRO;0613;RO;Brasil;78954000;OBSERVACAO ATUALIZAR CADASTRO FUN.PUBLICO
01165;;1165;;;CENY RIBEIRO SOARES;CENY RIBEIRO SOARES;;;;BAIRRO DAS ROSAS;0613;RO;Brasil;78954000;[CIVIL=SOLTEIRO(A)]
01164;;;;;INES MARIA FERREIRA- NAO VENDER P/ NINGU;INES MARIA FERREIRA;;RODOVIA 31/KM.16/GB.12-B/LT.23;;ZONA RURAL;0613;RO;Brasil;78954000;OBS: ATUALIZAR CADASTRO LAVRADORA
01138;PF;36951722234;433693;;MARIA DE LURDES ROSA;MARIA DE LURDES ROSA;093074436;RODOVIA 31/KM,32/LT,463;;ZONA RURAL;0613;RO;Brasil;78954000;OBSERVACAO ATUALIZAR CADASTRO LAVRADORA
01162;PF;28302788287;285423;;SEBASTIAO ALVES DOS SANTOS;SEBASTIAO ALVES DOS SANTOS;;RODOVIA 31/KM.12/GB.12-A/LT.18;;ZONA RURAL;6552;RO;Brasil;78954000;OBSERVACAO ATUALIZAR CADASTRO. LAVRADOR
01173;PF;47846020200;;;VANI OLIVEIRA DA SILVA **;VANI OLIVEIRA DA SILVA **;092068282;RODOVIA 31/KM.16/LT.20/GB.12-C;;ZONA RURAL;0613;RO;Brasil;78954000;OBSERVACAO ATUALIZAR CADASTRO. LAVRADORA
01167;PF;83615105249;758392;;TIAGO ALVES DOS SANTOS **;TIAGO ALVES DOS SANTOS **;;RODOVIA 16/KM.31/LT.07/GB.08-C;;ZONA RURAL;0613;RO;Brasil;78954000;OBSERVACAO ATUALIZAR CADASTRO.
01148;PF;65641787272;640078;;ITAMAR FREITAS DOS SANTOS;ITAMAR FREITAS DOS SANTOS;092372205;RODOVIA 31/KM,16/GB,8-B/LT,36;;ZONA RURAL;0613;RO;Brasil;78954000;OBS: ATUALIZAR CADASTRO VENDEDOR
01140;PF;06438470651;13795671;;NILDETE JANUARIO AVELINO;NILDETE JANUARIO AVELINO;;RODOVIA 24/KM.31/GB.12-E/LT.18;;ZONA RURAL;0613;RO;Brasil;76928000;[CIVIL=CASADO(A)] LAVRADORA
01150;PF;47025786268;562728;;DELMIRA PEREIRA DE SOUZA;DELMIRA PEREIRA DE SOUZA;092831373;RODOVIA 31/KM,28/GB,12-E/LT,34;;ZONA RURAL;0613;RO;Brasil;76928000;OBSERVACAO ATUALIZAR CADASTRO APOSENTADA
01141;PF;86606417287;;;ADRIANO AUGUSTO DE LIMA;ADRIANO AUGUSTO DE LIMA;;RODOVIA 16/KM.37/GB.12-B/LT.29;;ZONA RURAL;0613;RO;Brasil;78954000;[CIVIL=SOLTEIRO(A)] AGRICULTOR
01151;PF;81628102268;561735;;EDMAR PEREIRA DA SILVA;EDMAR PEREIRA DA SILVA;;RODOVIA 37/KM,24/GB,12-D/LT,26;;ZONA RURAL;0613;RO;Brasil;78954000;[CIVIL=SOLTEIRO(A)] [OBS=NEGATIVADA POR ATRASO.] TRAB.RURAL
01171;PF;28998740206;106917;;ADILSON BRITO;ADILSON BRITO;;RODOVIA 22/KM.16/LT.18/GB.08-C;;ZONA RURAL;0613;RO;Brasil;78954000;OBS: ATUALIZAR CADASTRO AGRICUTOR
01172;PF;95095209268;492030;;ROSANA RODRIGUES DA SILVA;ROSANA RODRIGUES DA SILVA;;RODOVIA 24(EM FRENTE ANESIO);;CENTRO;0613;RO;Brasil;78954000;[CIVIL=CASADO(A)] [OBS=CONTA ADVOGADA - CANCELAR APOS PAGAMENTO ] DO LAR
01154;PF;82425990259;;;ALMI ROGERIO CORREIA ZANQUI;ALMI ROGERIO CORREIA ZANQUI;;RODOVIA 37/KM.20/GB.12-C/LT.40;;ZONA RURAL;0613;RO;Brasil;78954000;[CIVIL=SOLTEIRO(A)] TRAB.RURAL
01145;PF;89598903249;;;LEANDRO VIEIRA DOS SANTOS;LEANDRO VIEIRA DOS SANTOS;;RODOVIA 31/KM.24/MORA COM ERNANDES DA CO;;ZONA RURAL;0613;RO;Brasil;78954000;OBSERVACAO ATUALIZAR CADASTRO TRAB.RURAL
01155;;1155;;;ADALBERTO VIANA DE OLIVEIRA;ADALBERTO VIANA DE OLIVEIRA;;RODOVIA 37/KM.24/LT.21;;ZONA RURAL;0613;RO;Brasil;78954000;[CIVIL=SOLTEIRO(A)] TRAB.RURAL
01156;;;;;ALESSANDRO ANDRE DE OLIVEIRA RODRIGUES;ALESSANDRO ANDRE DE OLIVEIRA RODRIGUES;;RUA DUQUE DE CAXIAS;;CENTRO;0613;RO;Brasil;78954000;OBS: ATUALIZAR CADASTRO
01157;PF;28969723234;369323;;DANIEL FERREIRA FILHO;DANIEL FERREIRA FILHO;;RUA TANCREDO NEVES;;CENTRO;0613;RO;Brasil;78954000;[CIVIL=CASADO(A)] AJUDANTE GERAL
01169;PF;69424268220;826653;;LEANDRO ROSA SANTOS;LEANDRO ROSA SANTOS;093596660;LUIS BORGES;;CENTRO;0613;RO;Brasil;78954000;[CIVIL=CASADO(A)] [OBS=FICHA P/ ADIVOGADA] LAVRADOR
01152;PF;69074917291;757999;;AGNALDO VALDEMORA;AGNALDO VALDEMORA;;FRENTE AO SUPERM. GAUXO;;JD. PRESIDENCIAL III;6547;RO;Brasil;78954000;"OBS; ATUALIZR CADASTRO ACOUGUEIRO"
01160;;;;;ESCOLA PIONEIRA;ESCOLA PIONEIRA;;;;CENTRO;0001;RO;Brasil;78960000;OBS: ATUALIZAR CADASTRO
01161;PF;84368390210;;;CELIOMAR GOMES SANTIAGO;CELIOMAR GOMES SANTIAGO;;RODOVIA 37/KM.24/GB.12-E/LT.17;;ZONA RURAL;0613;RO;Brasil;78954000;[CIVIL=SOLTEIRO(A)] TRAB.RURAL
01163;PF;81554419204;;;CICERO MARTINS;CICERO MARTINS;;LUIZ BORGES;;CENTRO;0613;RO;Brasil;76928000;OBS: ATUALIZARCADASTRO SERVISSOS GERAIS
01159;PF;80639330282;833410;;EDMAR SILVA DOS SANTOS;EDMAR SILVA DOS SANTOS;099528227;RODOVIA 31/KM.24/GB.;;ZONA RURAL;0613;RO;Brasil;78954000;OBS: ATUALIZAR CADASTRO LAVRADOR
01153;;1153;;;ALMIR BARRETO;ALMIR BARRETO;;RODOVIA C-03/NUCLEO;;ZONA RURAL;9653;RO;Brasil;78955000;[CIVIL=SOLTEIRO(A)] TRAB.RURAL
03344;PF;71108084249;748520;;GENILSON APARECIDO DA SILVA;GENILSON APARECIDO DA SILVA;;LINHA 12 DA LINHA 31 LOTE 18 GLEBA 8B;CASA;ZONA RURAL;0613;RO;Brasil;78954000;
01114;PF;63234637253;280915;;VALDECI OLIVEIRA DE ARAUJO;VALDECI OLIVEIRA DE ARAUJO;;RODOVIA LINHA 37 KM 32 LOTE 22 GLEBA 12E;;ZONA RURAL;0613;RO;Brasil;76928000;OBS: CLIENTE COM DEBITOS EM ATRASO NAO PASSAR COMPRA
01129;PF;64836304253;561603;;SONIA DE SOUZA MENDONCA DA SILVA;SONIA DE SOUZA MENDONCA DA SILVA;;RODOVIA LH 31 KM 28 LT36 GL 8 E;;CENTRO;0613;RO;Brasil;76928000;FUNC.PUBLICO
03328;PF;66983037200;682524;;JOSE SALVADOR FERNANDES;JOSE SALVADOR FERNANDES;;AV. AFONSO PENA;LAVADOR;CENTRO;0613;RO;Brasil;78954000;
01110;PF;91487668287;1730883;;IRENE NEVES DA SILVA (N);IRENE NEVES DA SILVA (¥);092282514;RODOVIA 31/KM.28/GB.12/LT.31-A;;ZONA RURAL;0613;RO;Brasil;78954000;limite R$ 400 REAIS
01121;PF;92965288287;00000000000000000000;;JOSCIELLE CORREA;JOSCIELLE CORREA;;RODOVIA 22/KM.20/GB.4-D/LT.01;;ZONA RURAL;0613;RO;Brasil;76928000;CANCELADA MOTIVO DE ATRASO
01112;PF;31259090230;305679;;DOURIVAL RAMOS BARBOSA;DOURIVAL RAMOS BARBOSA;6992234690;RODOVIA LINHA 31 KM 20 GLEBA 8C LOTE 35;;ZONA RURAL;0613;RO;Brasil;76928000;OBS: ATUALIZAR CADASTRO TRAB.RURAL NÃO AUTORIZA LUCILMA COMPRAR
01125;PF;19086393268;372524;;ANEMIAS TEIXEIRA;ANEMIAS TEIXEIRA;;RUA RAIMUNDO TEIXEIRA;;BANDEIRANTE;0613;RO;Brasil;78954000;OBS: ATUALIZAR CADASTRO LAVRADOR
01116;PF;99456818268;958342;;ELISMAR SILVA DOS SANTOS;ELISMAR SILVA DOS SANTOS;992922772;LINHA 08 KM 31 LOTE 22 GL12;;ZONA RURAL;0613;RO;Brasil;78954000;OBS: ATUALIZAR CADASTRO VAQUEIRO
01128;PF;74986082272;774128;;MARIA DOS ANJOS FERREIRA DOS SANTOS;MARIA DOS ANJOS FERREIRA DOS SANTOS;;RODOVIA 37/KM.24/GB.12-E/LT.15;;ZONA RURAL;0613;RO;Brasil;78954000;NAO VENDER PRA NINGUEM OBS: ATUALIZAR CADASTRO LAVRADORA
01111;PF;27197360234;257213;;MARIA DAS DORES DA SILVA;MARIA DAS DORES DA SILVA;;RODOVIA 12/KM.22/LT.14/GB.08-B;;ZONA RURAL;0613;RO;Brasil;78954000;"OBS; ATUALIZAR CADASTRO LAVRADORA"
01134;PF;05008452983;508484;;CREUZA HONORIA OLIVEIRA;CREUZA HONORIA OLIVEIRA;6992652731;RUA JOSE INS S/N (GRILO;;ZONA RURAL;0613;RO;Brasil;78954000;"OBS; ATUALIZAR CADASTRO NAO VENDER PARA A DONA CREUZA SEM AUTORIZACAO DO ESPOSO. TRAB.RURAL"
01122;;;;;ANTONIA CIRILO CARLOS;ANTONIA CIRILO CARLOS;;RUA TANCREDO NEVES -N;;CENTRO;0613;RO;Brasil;78954000;OBS: ATUALIZAR CADASTRO AJUDANTE GERAL
01135;PF;47846054287;604212;;ADENILTON SOUZA LIMA;ADENILTON SOUZA LIMA;034651207;RUA VO LUIZA N;;CENTRO;0613;RO;Brasil;78954000;[CIVIL=CASADO(A)] LEITEIRO
01127;;1127;;;ANANIAS JOSE DOS SANTOS;ANANIAS JOSE DOS SANTOS;;;;BAIRRO DAS ROSAS;0613;RO;Brasil;78954000;[CIVIL=SOLTEIRO(A)] [OBS=CLIENTE CANCELADO POR MOTIVO DE DOENCA E NAO TER CONDICOES DE PAGAR, AS NOTAS FORAM EXCLUIDAS.]
01119;PF;86237861220;889389;;LUIZ CARLOS BORGES DOS SANTOS;LUIZ CARLOS BORGES DOS SANTOS;;RUA DANIEL HERINGER -N;;CENTRO;0613;RO;Brasil;78954000;CANCELADA MOTIVO DE ATRASO AJUDANTE GERAL
01136;;1136;765908;;ADEMILSON SOARES DE SOUZA;ADEMILSON SOARES DE SOUZA;092835658;RUA RORAIMA;;NOVA OURO PRETO;6552;RO;Brasil;78950000;[CIVIL=CASADO(A)] LAVRADOR
01130;PF;35166401204;;;DARLEY BATISTA FERREIRA;DARLEY BATISTA FERREIRA;;RODOVIA 31/KM.16/GB.12-B/LT.17;;ZONA RURAL;0613;RO;Brasil;78954000;OBS: ATUALIZAR CADASTRO LAVRADOR
01123;PF;84742356268;0536500001;;FRANCILEIA NOGUEIRA PIMENTEL;FRANCILEIA NOGUEIRA PIMENTEL;;RODOVIA 37 KM 28 GB 12 F LT 19;;ZONA RURAL;0613;RO;Brasil;76928000;OBSERVACAO ATUALIZAR CADASTRO LAVRADORA
01113;;1113;;;JOAO ARLINDO RODRIGUES SOARES;JOAO ARLINDO RODRIGUES SOARES;;RODOVIA 31/KM.24/GB.4-E/LT.03;;ZONA RURAL;0613;RO;Brasil;78954000;[CIVIL=CASADO(A)] TRAB.RURAL
01124;PF;64580890230;603613;;AILTON DA SILVA ALVES;AILTON DA SILVA ALVES;;RODOVIA 31/KM.28/GB.12-F/LT.61;;ZONA RURAL;0613;RO;Brasil;78954000;OBS: ATUALIZAR CADASTRO TRAB.RURAL
01107;PF;86504428204;916099;;RONNI VON VIANA NEGRINE;RONNI VON VIANA NEGRINE;092117068;RODOVIA 37/KM.24/GB.12-D/LT.26;;ZONA RURAL;0613;RO;Brasil;78954000;OBSERVACAO ATUALIZAR CADASTRO. TRAB.RURAL
01133;PF;55868860225;40073;;MANOEL CORDEIRO DOS SANTOS;MANOEL CORDEIRO DOS SANTOS;;RODOVIA 31/KM.20/GB.12-C/LT.22;;ZONA RURAL;0613;RO;Brasil;78954000;OBS: ATUALIZAR CADASTRO LAVRADOR
01115;PF;78578736672;1230961;;JANDIRA FRAGA NEVES;JANDIRA FRAGA NEVES;6992483723;RODOVIA LH 31 KM 28 GL 12 F LT 76;;ZONA RURAL;0613;RO;Brasil;76928000;OBS: ATUALIZAR CADASTRO LAVRADORA
01132;PF;85939978215;551091;;JOAO GOMES DOS SANTOS;JOAO GOMES DOS SANTOS;;RODOVIA 31/KM.28/SITO SALOME;;ZONA RURAL;0613;RO;Brasil;78954000;[CIVIL=CASADO(A)] VAQUEIRO
01104;PF;40821340263;398663;;ERILDO AUGUSTO QUEIROS;ERILDO AUGUSTO QUEIROS;;MONTE CANTELO;;GRILO DOIS;0613;RO;Brasil;78954000;OBS: ATUALIZAR CADASTRO AGRICULTOR
01105;;;;;DELMINDA FERREIRA DOS SANTOS **;DELMINDA FERREIRA DOS SANTOS **;092410509;MONTE CASTELO;;CENTRO;0613;RO;Brasil;76928000;[CIVIL=SOLTEIRO(A)] [OBS=MOTIVO DE ATRASO]
01108;PF;92328571204;850922;;CELMA DA ROCHA SILVA SANTOS;CELMA DA ROCHA SILVA SANTOS;;RODOVIA 37/KM.37/GB.12-B/LT.34;;ZONA RURAL;0613;RO;Brasil;78954000;OBS: ATUALIZAR CADASTRO DO LAR
01118;PF;67530435272;631734;;IDALINA DOS SANTOS MERCANDELI;IDALINA DOS SANTOS MERCANDELI;;RODOVIA 16/KM.31/GB.08-B/LT.26;;ZONA RURAL;0613;RO;Brasil;78954000;OBS: ATUALIZAR CADASTRO LAVRADORA
01126;;;;;ANGELICA ALMEIDA;ANGELICA ALMEIDA;;;;BAIRRO DAS ROSAS;0001;RO;Brasil;78960000;OBS: ATUALIZAR CADASTRO
01120;PF;64222357200;656935;;JOSE MANOEL DOS SANTOS (BIGODE);JOSE MANOEL DOS SANTOS (BIGODE);;RODOVIA 37/KM.24/ESCOLA PICAPAL AMARELO;;ZONA RURAL;0613;RO;Brasil;78954000;[CIVIL=CASADO(A)] [OBS=ALTORIZA ESPOZA E FILHOS] [OBS=FALECEU] TRAB.RURAL
01137;;;773061;;ADEMILSON MARCELINO DIAS;ADEMILSON MARCELINO DIAS;;RODOVIA 31/KM.16/GB.8-B/LT.31;;ZONA RURAL;0613;RO;Brasil;78954000;[CIVIL=SOLTEIRO(A)]
01109;PF;77963687200;;;MARINETE GOMES DOS REIS;MARINETE GOMES DOS REIS;;RODOVIA 37/KM.16/GB.12-B/LT.34;;ZONA RURAL;0613;RO;Brasil;78954000;OBS: ATUALIZAR CADASTRO DO LAR
01100;PF;57545758749;566579;;MOACIR PIEDADE SOBRINHO;MOACIR PIEDADE SOBRINHO;;DANIEL HERINGER;ULTIMA CASA DO LADO ESQUERDO;GRILO;0613;RO;Brasil;78954000;TELEFONE ELAINE 99367-4105
01092;PF;72469129249;865168;;JOSE ACACIO GOMES;JOSE ACACIO GOMES;992738688;RUA VO LUIZA;;CENTRO;0613;RO;Brasil;78954000;OBS: ATUALIZAR CADASTRO AJUDANTE GERAL LIMITE REDUZIDO PARA 500,00 PARA TATIANE.
01090;PF;79605290278;833757;;FRANCIMAR NOGUEIRA PIMENTEL;FRANCIMAR NOGUEIRA PIMENTEL;;LINHA 31 KM 32 LOTE 50 GL12 F;;ZONA RURAL;0613;RO;Brasil;78954000;OBS: ATUALIZAR CADASTRO VENDEDOR
01102;PF;80831036249;80831036249;;KELIVANIA MARCELINO DIAS DA SILVA;KELIVANIA MARCELINO DIAS DA SILVA;;RUA JASMO DE CASTRO;CASA;CENTRO;0613;RO;Brasil;76928000;LIMITE INICIAL R$350,00
01083;PF;92179878249;963304;;ANDREIA AUGUSTINHO DA SILVA;ANDREIA AUGUSTINHO DA SILVA;;RUA DANIEL HERINGE;;CENTRO;0613;RO;Brasil;76928000;DO LAR
01086;PF;94021180206;1074638;;MAURA RUFINO VIANA;MAURA RUFINO VIANA;;RODOVIA LINHA 37 KM 20 GLEBA 12C LOTE 38;;ZONA RURAL;0613;RO;Brasil;78954000;
01097;PF;66595843234;758901;;ZEZE DE OLIVEIRA;ZEZE DE OLIVEIRA;;RUA JORGE TEIXEIRA;;CENTRO;0613;RO;Brasil;76928000;
01088;PF;83063897272;771553;;ELIENE LOUBAKA DA SILVA ARAUJO;ELIENE LOUBAKA DA SILVA;6992551422;LINHA 31 KM 24 LOTE 27 GL 12D;;ZONA RURAL;0613;RO;Brasil;76928000;OBS: ATUALIZAR CADASTRO DO LAR
01079;PF;31292798220;384274;;WANDERLI ELOY FERREIRA;WANDERLI ELOY FERREIRA;;RODOVIA TN10/GB.01/LT.334;;ZONA RURAL;0613;RO;Brasil;78954000;OBSERVACAO ATUALIZAR CADASTRO. TRAB.RURAL
01099;PF;82111812234;633408;;SERGIO MENDES DE CASTRO;SERGIO MENDES DE CASTRO;;LINHA 37/KM.28/GB.12-E/LT.42;;ZONA RURAL;0613;RO;Brasil;76928000;OBS: ATUALIZAR CADASTRO TRB,RURAL
01096;PF;47026227220;773706;;INES DE OLIVEIRA ALCANTARA SIMONATO;INES DE OLIVEIRA ALCANTARA SIMONATO;;RODOVIA A-1/GB.01/LT.64;;ZONA RURAL;9653;RO;Brasil;78955000;OBS: ATUALIZAR CADASTRO DO LAR
01103;PF;45678189204;466570;;JUMAR NEGRINE;JUMAR NEGRINE;;RODOVIA 31/KM.24/GB.12-D/LT.25;;ZONA RURAL;0613;RO;Brasil;78954000;OBS: ATUALIZAR CADASTRO TRAB.RURAL
01070;PF;06848523658;448579;;JOSE MARIA ALVES SANTOS;JOSE MARIA ALVES SANTOS;;RUA DUQUE DE CAXIAS;;CENTRO;0613;RO;Brasil;78954000;OBS: ATUALIZAR CADASTRO LAVRADOR
01073;PF;64528626268;554788;;LUIZ CARLOS DE SOUZA;LUIZ CARLOS DE SOUZA;;BELMIRO ARAUJO N;;CENTRO;0613;RO;Brasil;78954000;[CIVIL=CASADO(A)] [OBS=CONTA ADVOGADA - CANCELAR APOS PAGAMENTO ] QUEIMADOR
01078;PF;34909915249;361994;;ANGELICA FERNANDES DE SOUZA MELO;ANGELICA FERNANDES DE SOUZA MELO;04651012;RUA LUIZ BORGES -N;;CENTRO;0613;RO;Brasil;78954000;OBS: ATUALIZAR CADASTRO PROFESSORA
01093;PF;83927050253;796022;;OSMAR LUZ DA SILVA;OSMAR LUZ DA SILVA;;ALMIRANTE BARROSO N;;CENTRO;0613;RO;Brasil;78954000;OBSERVACAO ATUALIZAR CADASTRO. SERVICOS DIVERSOS
01075;PF;23824905949;37908029;;MARIA DA PENHA ROSA LH16/JULIANA;MARIA DA PENHA ROSA LH 16;092165741;RODOVIA 16/KM.31/GB.08-B/LT.23;;ZONA RURAL;0613;RO;Brasil;78954000;OBS: ATUALIZAR CADASTRO LAVRADORA
01087;PF;78750172204;;;LIGIAN DA SILVA ZOTESSO;LIGIAN DA SILVA ZOTESSO;092446031;RODOVIA 37/KM.24/GB.12-B/LT.36;;ZONA RURAL;0613;RO;Brasil;78954000;OBS: ATUALIZAR CADASTRO ESTUDANTE
01068;PF;56666152204;000495957;;GEDALVA SILVA SANTOS TEIXEIRA;GEDALVA SILVA SANTOS;6992792915;RODOVIA LH 31 KM 20;;ZONA RURAL;0613;RO;Brasil;76928000;[CIVIL=CASADO(A)] [OBS=PIS -12885902657] VENDEDORA
01069;PF;70090327268;498632;;LILDA GONCALVES OLIVEIRA NETO;LILDA GONCALVES OLIVEIRA NETO;6992141902;RODOVIA 31/KM.24/GB.12-E/LT.23;;ZONA RURAL;0613;RO;Brasil;78954000;OBS: ATUALIZAR CADASTRO LAVRADORA
01082;;;398932;;LAERCIO SOUZA DE OLIVEIRA;LAERCIO SOUZA DE OLIVEIRA;;RODOVIA 31/KM.28/GB.12-F/LT.75;;ZONA RURAL;0613;RO;Brasil;78954000;OBSERVACAO ATUALIZAR CADASTRO TRB.RURAL
01071;;;;;MARIANA COTA DA SILVA;MARIANA COTA DA SILVA;;RUA BEUMIRO ARAUJO -N;;CENTRO;0613;RO;Brasil;78954000;OBS: ATUALIZAR CADASTRO VENDEDORA
01084;PF;68739516253;706389;;EDNALDO FRANCISCO DE ARAUJO;EDNALDO FRANCISCO DE ARAUJO;092032589;RODOVIA 31/KM12/GB.8-A/LT.23;;ZONA RURAL;0613;RO;Brasil;78954000;OBS: ATUALIZAR CADASTRO VAQUEIRO
01080;PF;84955252249;;;ROSIVALDO SARAIVA DE SOUZA;ROSIVALDO SARAIVA DE SOUZA;;RODOVIA 37/KM.32/GB.12-F/LT.20;;ZONA RURAL;0613;RO;Brasil;78954000;[CIVIL=SOLTEIRO(A)] TRAB.RURAL
01081;PF;67292208215;499728;;MARIA APARECIDA FERNANDES GOMES;MARIA APARECIDA FERNANDES GOMES;;RODOVIA 31/KM.16/GB.8-B/LT.01;;ZONA RURAL;0613;RO;Brasil;78954000;OBS: ATUALIZAR CADASTRO DO LAR
01091;PF;81965427200;;;KERLY CORIA BENITES;KERLY CORIA BENITES;;RUA DUQUE DE CAXIAS -N;;CENTRO;0613;RO;Brasil;78954000;OBS: ATUALIZAR CADASTRO DO LAR
01072;PF;17440491149;27645;;GABRIEL ANTONIO FARIAS;GABRIEL ANTONIO FARIAS;;RODOVIA 37/KM.20/GB. LT.10;;ZONA RURAL;0613;RO;Brasil;78954000;OBSERVACAO ATUALIZAR CADASTRO TRAB.RURAL
01074;PF;70361398204;631721;;SIRLEY VAUZ DA SILVA IANISKI;SIRLEY VAUZ DA SILVA IANISKI;;RODOVIA 37/KM.16/GB.12-C/LT.19;;ZONA RURAL;0613;RO;Brasil;78954000;OBSERVACAO ATUALIZAR CADASTRO. TRAB.RURAL
01094;PF;47027185253;501547;;JORGINA MARIA BARBOSA;JORGINA MARIA BARBOSA;;RODOVIA 31/KM16/LT34/GB.12-B;;ZONA RURAL;0613;RO;Brasil;78954000;OBSERVACAO ATUALIZAR CADASTRO LAVRADORA
01085;PF;42028515287;;;GILBERTO LINO DE AVILA;GILBERTO LINO DE AVILA;092372373;RODOVIA 31/KM.20/FASENDA DANTAS;;ZONA RURAL;0613;RO;Brasil;78954000;OBSERVACAO ATUALIZAR CADASTRO
01077;PF;64183947200;582415;;VANDERLEY FERREIRA BARROS;VANDERLEY FERREIRA BARROS;;RODOVIA 37/KM.28/GB.12-E/LT.46;;ZONA RURAL;0613;RO;Brasil;78954000;OBSERVACAO ATUALIZAR CADASTRO. TRB.RURAL
01089;PF;45724296268;483795;;SERGIO PEREIRA DE SOUZA;SERGIO PEREIRA DE SOUZA;092831373;RODOVIA 31/KM.28/GB.12-E/LT.34;;ZONA RURAL;0613;RO;Brasil;78954000;OBSERVACAO ATUALIZAR CADASTRO. TRAB.RURAL
01095;PF;42266092200;474651;;ANA MARIA DE SOUZA;ANA MARIA DE SOUZA;;RODOVIA 37/KM.24/GB.12-E/LT.18;;ZONA RURAL;0613;RO;Brasil;78954000;OBS: ATUALIZAR CADASTRO DO LAR
01042;PF;68421303287;434035;;MARIA DAS GRACAS GONCALVES;MARIA DAS GRACAS GONCALVES;;RUA EMBRATEL;;CENTRO;0613;RO;Brasil;78954000;OBS: ATUALIZAR CADASTRO
01044;PF;19075065272;146612;;ACIMAR RAIMUNDO SOARES;ACIMAR RAIMUNDO SOARES;;RODOVIA 7/KM28/GB12-F/LT17;;ZONA RURAL;0613;RO;Brasil;78954000;"OBS; ATUALIZAR CDASTRO TRAB.RURAL"
01035;PF;60338296204;562729;;JOVENTINA LINA DOS SANTOS;JOVENTINA LINA DOS SANTOS;;LINHA 31/KM.16/GB.08-B/LT.07;;ZONA RURAL;0613;RO;Brasil;78954000;[CIVIL=CASADO(A)] LAVRADORA
01047;PF;11574070215;181929;;EDUARDA MARIA DE SOUZA RODRIGUES;EDUARDA MARIA DE SOUZA RODRIGUES;6992827846;SANTOS DUMONT;CASA;CENTRO;0613;RO;Brasil;76928000;
01048;PF;58733426600;304960;;JOAQUIM DOS SANTOS OLIVEIRA;JOAQUIM DOS SANTOS OLIVEIRA;;RODOVIA 37/KM.20/GB.12-C/LT.37;;ZONA RURAL;0613;RO;Brasil;78954000;ATUALIZAR CADASTRO LAVRADOR
01059;PF;85710067253;33333333333333333333;;APARECIDA FIRMINA RODRIGUES PEREIRA;APARECIDA FIRMINA RODRIGUES PEREIRA;092207003;RUA VO LUIZA;;CENTRO;0613;RO;Brasil;76928000;OBS:ATUALIAZAR CADASTRO DO LAR
01050;PF;45677611204;487544;;MODESTINA VITOR TOMAIS (N VENDER SAMARA);MODESTINA VITOR TOMAIS NVENDER SAMARA);;AVENIDA AFONSO PENA N;;CENTRO;0613;RO;Brasil;78954000;OBS: ATUALIZAR CADASTRO DO LAR
01064;PF;61862932204;620774;;ENY NEGRINE GONCALVES;ENY NEGRINE GONCALVES;092315327;RUA JOSE MARTINS DE OLIVEIRA;;CENTRO;0613;RO;Brasil;78954000;OBS: ATUALIZAR CADASTRO DO LAR
01057;PF;62518348204;603620;;MAURICIO LOPES DE FREITAS;MAURICIO LOPES DE FREITAS;;RODOVIA LINHA 16 KM 22 LOTE 02 GLEBA 4C;;ZONA RURAL;0613;RO;Brasil;76928000;OBS: ATUALIZAR CADASTRO TRABALHA NO MERCADO
01049;PF;77563905200;604046;;CLEUZA MIGUEL PEREIRA;CLEUZA MIGUEL PEREIRA;;BORGES S/N;;CENTRO;0613;RO;Brasil;78954000;[CIVIL=SOLTEIRO(A)] [OBS=FICHA P/ ADVOGADA] DO LAR
01065;PF;69169160287;623081;;ADENIR LINO DE AVILA;ADEMIR LINO DE AVILA;092226094;AFONSO PENA;;CENTRO;0613;RO;Brasil;76928000;[CIVIL=SOLTEIRO(A)]
01066;PF;80113907249;499494;;ROSANIA RODRIGUES DA SILVA;ROSANIA RODRIGUES DA SILVA;;COSTA ALVES N;;JARDIM PRESIDENCIAL;6547;RO;Brasil;78954000;[CIVIL=SOLTEIRO(A)] DO LAR
01060;PF;45678014234;498641;;EDMAR ROSA DA COSTA;EDMAR ROSA DA COSTA;;;;CENTRO;0613;RO;Brasil;78954000;"OBS: ATUALIZAR CADASTRO A;OGUEIRO"
01037;PF;63525046200;481596;;ISAURA SCHWANZ;ISAURA SCHWANZ;093085990;SAO JOSE OPERARIO;;CENTRO;0613;RO;Brasil;78954000;OBS: ATUALIZAR CADASTRO MERENDEIRA
01053;PF;79621031249;826662;;BALBINA DE OLIVEIRA DOS SANTOS **;BALBINA DE OLIVEIRA DOS SANTOS **;06992483131;RODOVIA 31/KM.16/BG.8-C/LT.06;;ZONA RURAL;0613;RO;Brasil;78954000;[CIVIL=CASADO(A)] [OBS=FICHA CANCELADA A PEDIDO DO SEU ESPOSO QUE QUITOU TODA A DIVIDA.] APOSENTADA
01055;PF;20342560263;238358;;FRANCISCO VITAL DE ARAUJO;FRANCISCO VITAL DE ARAUJO;092211779;RODOVIA 37/KM.24/GB.12-E/LT.17;;ZONA RURAL;0613;RO;Brasil;78954000;[CIVIL=CASADO(A)] PEDREIRO
01043;;;;;MARIA DO CARMO ALVES PEREIRA;MARIA DO CARMO ALVES PEREIRA;;;;;0001;RO;Brasil;78960000;[OBSERVACAO ATUALIZAR CADASTRO
01045;PF;53148967291;;;EDGAR ARTUR DIPAS TORRES;EDGAR ARTUR DIPAS TORRES;;;;CENTRO;0001;RO;Brasil;78960000;OBS: ATUALIZAR CADASTRO DENTISTA
01058;;1058;;;DELTON DIXSON CELESTINO;DELTON DIXSON CELESTINO;092617298;;;CENTRO;0001;RO;Brasil;78960000;[CIVIL=SOLTEIRO(A)] [OBS=MOTIVO DE ATRASO]
01041;PF;67813461215;758396;;GILMAR ROCHA;GILMAR ROCHA;;RODOVIA 37/KM.24/GB.12-E/LT.18;;ZONA RURAL;0613;RO;Brasil;78954000;OBSERVACAO ATUALIZAR CADASTRO LAVRADOR
01061;;;;;LUZINETE BORGES SOARES **;LUZINETE BORGES SOARES **;;AFONSO PENA(FARMACIA;;CENTRO;0613;RO;Brasil;78954000;OBSERVACAO ATUALIZAR CADASTRO DIRETORA DE SAUDE
01062;;;;;VALDIR PEDRO;VALDIR PEDRO;;RODOVIA 16;;ZONA RURAL;0613;RO;Brasil;78954000;OBSERVACAO ATUALIZAR CADASTRO.
01063;;1063;;;DENIRE APARECIDA OLIVEIRA GOMES **;DENIRE APARECIDA OLIVEIRA GOMES **;;RODOVIA 16/KM.31/LT.08/GB.8-C;;ZONA RURAL;0613;RO;Brasil;78954000;[CIVIL=CASADO(A)] DO LAR
01054;PF;34902333287;380515;;ESMO AUGUSTINHO FURTADO;ESMO AUGUSTINHO FURTADO;;RODOVIA TN-06/GB.01/LT.352;;ZONA RURAL;0613;RO;Brasil;78954000;OBS: ATUALIZAR CADASTRO LAVRADOR
01046;PF;96419822734;406203;;ORLANDO SOBRINHO DOS SANTOS;ORLANDO SOBRINHO DOS SANTOS;099892393;RODOVIA TN-06/GB.01/LT.464;;ZONA RURAL;0613;RO;Brasil;78954000;[CIVIL=CASADO(A)] LAVRADOR
01067;PF;90528050249;127730;;IZAURA RODRIGUES DE SOUZA;IZAURA RODRIGUES DE SOUZA;;RODOVIA 31/KM.24/GB.8-D/LT.29;;ZONA RURAL;0613;RO;Brasil;78954000;OBS: ATUALIZAR CADASTRO PRODUTORA RURAL
01039;PF;63795574668;2077366;;DIVAL ANTUNES DE FREITAS;DIVAL ANTUNES DE FREITAS;09420240;RODOVIA 37/KM.16/GB.12-B/LT.27;;ZONA RURAL;0613;RO;Brasil;78954000;OBSERVACAO ATUALIZAR CADASTRO TRB.RURAL
01052;;1052;;;INES CORALESKI;INES CORALESKI;;;;CENTRO;0001;RO;Brasil;78960000;[CIVIL=CASADO(A)] DOMESTICA
01038;;;;;LUZIA MIGUEL PEREIRA **;LUZIA MIGUEL PEREIRA **;;;;BAIRRO DAS ROSAS;0001;RO;Brasil;78960000;OBSERVACAO ATUALIZAR CADASTRO TRAB.RURAL
01040;PF;16210956220;78173;;ERSON BATISTA DE FREITAS;ERSON BATISTA DE FREITAS;092217588;RODOVIA 31/KM.16/GB.8-C/LT.03;;ZONA RURAL;0613;RO;Brasil;78954000;OBS: ATUALIZAR CADASTRO TRAB.RURAL
01051;PF;45720479287;561639;;AUZEMIRA BARRETO MAGNHAGO;AUZEMIRA BARRETO MAGNHAGO;;RODOVIA 16;;ZONA RURAL;0613;RO;Brasil;78954000;[CIVIL=CASADO(A)] APOSENTADA
01036;PF;83824456249;882754;;CLEBERSON DARQUES BARBOSA;CLEBERSON DARQUES BARBOSA;;RODOVIA 37/KM.28/GB.12-E/LT.43;;ZONA RURAL;0613;RO;Brasil;78954000;OBS: ATUALIZAR CADASTRO ESTUDANTE
01056;PF;73959278268;791950;;EMERSON DE JESUS DOS SANTOS;EMERSON DE JESUS DOS SANTOS;04651078;AFONSO PENA;;CENTRO;0613;RO;Brasil;76928000;OBS: ATUALIZAR CADASTRO GERENTE
01026;PF;63243881234;651240;;CLAUDICIA SILVA AMORIM;CLAUDICIA SILVA AMORIM;092862117;RUA JASMO PEREIRA DE CASTRO;;CENTRO;0001;RO;Brasil;78960000;OBS: ATUALIZAR CADASTRO
03343;PF;01182929273;001033204;;ROSILENE MARIA DA SILVA;ROSILENE MARIA DA SILVA;;RUA LUIZ BORGES;CASA;CENTRO;0613;RO;Brasil;78954000;LIMITE DE R$ 800
03326;PF;03379584240;1758847;;ERICA OLIVEIRA BARROS CARVALHO;ERICA OLIVEIRA BARROS CARVALHO;;RUA CAMBE;;JK;6547;RO;Brasil;78960000;
01020;PJ;06272143000139;;;IGREJA EVANGELICA ASSEMBLEIA DE DEUS;IGREJA EVANGELICA ASSEMBLEIA DE DEUS;6934651096;DUQUE DE CAXIAS;;CENTRO;0613;RO;Brasil;76928000;AUTORIZADAS A COMPRAR LEILIANE AMBROSIO E FERNANDO CARVALHO DA SILVA
01011;PF;64815811253;733681;;LUCIMAR KRAUSE;LUCIMAR KRAUSE;;RODOVIA LH 31 KM 28 LT 79 GL 12 F;;ZONA RURAL;0613;RO;Brasil;76928000;AGENTE DE SAUDE
01031;PF;73684120200;000631587;;MARLY GONCALVES DE PAULA NETO **;MARLI GON_ALVES DE PAULA NETO **;;RODOVIA 24/KM.31/GB.12-E/LT.23;;ZONA RURAL;0613;RO;Brasil;78954000;OBS: ATUALIZAR CADASTRO DOMESTICA
01005;PF;63293277268;000641038;;FLAVIO ALEX ZOTESSO;FLAVIO ALEX ZOTESSO;992374936;LINHA 24/KM.37/LOTE 11 GB.12-E;;ZONA RURAL;0613;RO;Brasil;78954000;OBS: ATUALIZAR CADASTRO LAVRADOR
01027;PF;62520415215;639675;;ROSILDA ROBERTO;ROSILDA ROBERTO;;RUA ALAIDE ALCANTRA;;CENTRO;0613;RO;Brasil;76928000;OBS: ATUALIZAR CADASTRO DOMESTICA
01004;PF;19479190320;1164565;;FRANCISCO ALVES DE SOUZA;FRANCISCO ALVES DE SOUZA;034651038;GENIVALDO DE SOUZA N;;CENTRO;0613;RO;Brasil;76928000;OBS: ATUALIZAR CADASTRO TECNICO AGRICULA //BIOLOGO
01014;PF;72261650230;758395;;TARCILIA PIMENTEL MOREIRA NETA BARROS **;TARCILIA PIMENTEL MOREIRA NETA BARROS **;;TN6/GB.01/LT;;ZONA RURAL;0613;RO;Brasil;78954000;OBSERVACAO ATUALIZAR CADASTRO. LAVRADORA
01028;PF;65190505200;640098;;SANDRA ROSA NETO SCHEROCK;SANDRA ROSA NETO SCHEROCK;;DAS FLORES;;SANTIAGO;6547;RO;Brasil;78954000;[CIVIL=SOLTEIRO(A)] [OBS=ENTRA NA RUA DO MERCADO VITORIA, SOBE A RUA DE ASFALTO ENTRA NA SEGUNDA RUA A DIREITA. ADVOGADA] TRB.RURAL
01002;PF;67257003220;701468;;EDSON PEREIRA DA SILVA ** / LH. 24;EDSON PEREIRA DA SILVA **;;RODOVIA 31/KM.24/GB.12-E/LT.16;;ZONA RURAL;0613;RO;Brasil;78954000;[CIVIL=CASADO(A)] [OBS=ADVOGADA] LAVRADOR
01022;PF;31257801287;307803;;JOAO CARLOS GOMES DE OLIVEIRA **;JOAO CARLOS GOMES DE OLIVEIRA **;;RODOVIA 37/KM.20/GB.12-C/LT.40-A;;ZONA RURAL;0613;RO;Brasil;78954000;OBS: ATUALIZAR CADASTRO LAVRADOR
01013;PF;58169970687;4149752;;PAULO ROMUALDO DE OLIVEIRA;PAULO ROMUALDO DE OLIVEIRA;;RODOVIA 31/KM.28/GB.12-E/LT.28;;ZONA RURAL;0613;RO;Brasil;78954000;OBSERVACAO ATUALIZAR CADASTRO. TRAB.RURAL
01007;PF;79414486291;000758312;;MARISLETE SOARES ROSA;MARISLETE SOARES ROSA;6992527757;RODOVIA LINHA 31 KM 20 GLEBA 12D LOTE 17;;ZONA RURAL;0613;RO;Brasil;76928000;OBS: ATUALIZAR CADASTRO
01018;PF;61698440278;614511;;GILMAR MAZARIM;GILMAR MAZARIM;092830015;RODOVIA TN2/LT.620/GB.1;;ZONA RURAL;9653;RO;Brasil;78955000;OBS: ATUALIZAR CADASTRO AGRICULTOR
01030;;;;;JOSE BETIO;JOSE BETIO;;;;;0001;RO;Brasil;78960000;[CIVIL=SOLTEIRO(A)]
01021;;;;;DERALDO ALVES DE AGUIAR **;DERALDO ALVES DE AGUIAR **;;;;;0001;RO;Brasil;78960000;OBSERVACAO ATUALIZAR CADASTRO
01006;;;;;CLEONICE MIGUEL PEREIRA **;CLEONICE MIGUEL PEREIRA **;;;;;0001;RO;Brasil;78960000;[CIVIL=SOLTEIRO(A)]
01010;PF;74703137291;;;CARLOS DE ALMEIDA SILVA **;CARLOS DE ALMEIDA SILVA **;;RODOVIA 37/KM.20/GB.12-D/LT.43;;ZONA RURAL;0613;RO;Brasil;78954000;OBS: ATUALIZAR CADASTRO LAVRADOR
01001;;1001;;;ALDI NASCIMENTO BARBOSA **;ALDI NASCIMENTO BARBOSA **;;RODOVIA 31/KM.28;;ZONA RURAL;0613;RO;Brasil;76928000;[CIVIL=SOLTEIRO(A)]
01003;PF;72092912291;758476;;LUCIANO PEREIRA DE JESUS **;LUCIANO PEREIRA DE JESUS **;092517129;RODOVIA 37/KM.16/GB.12-B/LT.26;;ZONA RURAL;0613;RO;Brasil;78954000;CANCELO POR MOTIVO DE ATRASO TRB.RURAL
01034;PF;00239812298;209290001;;IVANETE SANTOS DA HORA;IVANETE SANTOS DA HORA;;RODOVIA 31/KM.16/GB. LT.05;;ZONA RURAL;0613;RO;Brasil;78954000;OBS: ATUALIZAR CADASTRO DO LAR
01015;PF;08489319200;;;JAIR CAMILO DE LIMA **;JAIR CAMILO DE LIMA **;;RODOVIA 22/KM.20/GB.4-C/LT.32;;ZONA RURAL;0613;RO;Brasil;78954000;OBSERVACAO ATUALIZAR CADASTRO TRAB.RURAL
01017;;;;;ATAIDES FERREIRA DA SILVA **;ATAIDES FERREIRA DA SILVA **;;LUIS BORGES;;CENTRO;0613;RO;Brasil;78954000;OBS: ATUALIZAR CADASTRO
01008;;;;;MARIA INES ORRIGO LIMA **;MARIA INES ORRIGO LIMA **;;RODOVIA 22/KM.20/GB.8-D/LT.13;;ZONA RURAL;0613;RO;Brasil;78954000;OBSERVACAO ATUALIZAR CADASTRO DO LAR
01009;;1009;;;ROSELI DA SILVA FORMAIO **;ROSELY FORMAIO **;04651096;RUA TANCREDO NEVES -N;;CENTRO;0613;RO;Brasil;78954000;[CIVIL=CASADO(A)] PROFESSORA
01029;PF;89781767200;;;OZIAS FERREIRA DA VEIGA;OZIAS FERREIRA DA VEIGA;092484281;RODOVIA 37/KM.28/GB.12-E/LT.38;;ZONA RURAL;0613;RO;Brasil;78954000;[CIVIL=SOLTEIRO(A)] [OBS=MOTIVO DE ATRASO] TRB.RURAL
01019;PF;77415604253;814424;;EMERSON OLIVEIRA BARBOSA;EMERSON OLIVEIRA BARBOSA;;RODOVIA TN.6/GB.1/LT.386;;ZONA RURAL;9653;RO;Brasil;78955000;[CIVIL=CASADO(A)] LAVRADOR
01023;;;;;JESUZ ISTEFANI DA SILVA;JESUZ ISTEFANI DA SILVA;;;;;0001;RO;Brasil;78960000;[CIVIL=SOLTEIRO(A)]
01033;PF;79949460204;818911;;LUCIENE NASCIMENTO DE MELO **;LUCIENE NASCIMENTO DE MELO **;;RODOVIA 28/KM.31/GB.;;ZONA RURAL;0613;RO;Brasil;78954000;OBSERVACAO ATUALIZAR CADASTRO LAVRADORA
01024;PF;27954704890;200031892;;JOSE MANOEL DE OLIVEIRA;JOSE MANOEL DE OLIVEIRA;;RODOVIA 36;;ZONA RURAL;0613;RO;Brasil;78954000;[CIVIL=SOLTEIRO(A)] TRB.RURAL
01016;PF;17377161604;309288;;OSVALDO PEREIRA PORTO;OSVALDO PEREIRA PORTO;099663016;RODOVIA A-5/KM.07/LT.31/GB.07;;ZONA RURAL;9653;RO;Brasil;78955500;OBSERVACAO ATUALIZAR CADASTRO. TRAB.RURAL
00970;PF;91726301249;030196;;JUCILETE DAS GRACAS GONCALVES;JUCILETE DAS GRACAS GONCALVES;;RODOVIA LH 20 KM 22 LT 17 A GB 8 D;CASA;ZONA RURAL;0613;RO;Brasil;76928000;
00971;PF;52494632234;448089;;DINALVA FREITAS VARGAS;DINALVA FREITAS VARGAS;092094742;RODOVIA 24/GB.08-D/LT.22;;ZONA RURAL;0613;RO;Brasil;78954000;[CIVIL=CASADO(A)] DOMESTICA
00991;PF;27739201200;280939;;GENALDO TEODORO CIRILO **;GENALDO TEODORO CIRILO **;;CENTRO;;ZONA RURAL;0613;RO;Brasil;78954000;[CIVIL=CASADO(A)] [OBS=(PROXIMO NATALICIO)] OBS: ATUALIZAR CADASTRO LAVRADOR
00986;PF;79013457215;819945;;RENE FELIX MOREIRA;RENE FELIX MOREIRA;;LINHA 31 KM 20 GLEBA 12C LOTE 28;;ZONA RURAL;0613;RO;Brasil;76928000;OBS: ATUALIZAR CADASTRO LAVRADOR
00967;PF;02955549240;499032;;ZELMA ROSA DA COSTA SILVA;ZELMA ROSA DA COSTA SILVA **;;LINHA 31 KM 24 LOTE 36 B4 GB 8D;CASA;ZONA RURAL;0613;RO;Brasil;76928000;
00998;PF;74613197287;759063;;JOSIANE DA SILVA;JOSIANE DA SILVA;;LINHA 24/KM.37/LT.25/GB.12-D.;;ZONA RURAL;0613;RO;Brasil;78954000;OBS: ATUALIZAR CADASTRO AGENTE COMUNITARIA DE SAUDE
00979;PF;49391232787;1828178;;VALDEMIR ALVES HERMOGENES;VALDEMIR ALVES HERMOGENES;69992875365;AFONSO PENA;;CENTRO;0613;RO;Brasil;76928000;AUTORIZADO COMPRA NA FICHA SOMENTE REGINA HERMOGENES.
00989;PF;42210976200;;;LEUZI NEVES DA SILVA;LEUZI NEVES DA SILVA;;RODOVIA LH 31 KM 24 LT 36 GL 8 D;;ZONA RURAL;0613;RO;Brasil;76928000;ATUALIZAR CADASTRO DO LAR
00976;PF;70987726234;;;KATIANE DE FREITAS ASCACIBAS;KATIANE DE FREITAS ASCACIBAS;;JASMO DE CASTRO;;CENTRO;0613;RO;Brasil;76928000;PROFESSORA
01000;;;;;ADRIEL RODRIGUES DE ALMEIDA;ADRIEL RODRIGUES DE ALMEIDA;6993037038;;;;0001;RO;Brasil;78960000;PEDIU P/ DESATIVAR A FICHA NO MOMENTO. NINGUEM AUTORIZADO
00980;PF;82757410253;974181;;ALEX AUGUSTO DEL VECCHIO;ALEX AUGUSTO DEL VECCHIO;6934651114;RODOVIA RUA DUQUE DE CAXIAS;;ZONA RURAL;0613;RO;Brasil;76928000;OBS: ATUALIZAR CADASTRO MECANICO
00981;PF;86504541272;;;DIONATA DE FRANCA TEIXEIRA **;DIONATA DE FRANCA TEIXEIRA **;092296872;RUA LUIZ BORGES -N;;CENTRO;0613;RO;Brasil;78954000;OBSERVACAO ATUALIZAR CADASTRO OFFICE BOY
00996;PF;74991574234;836485;;MARCELO CEZARIO DA SILVA;MARCELO CEZARIO DA SILVA;;MARGARIDA ALVES LH.C;;ZONA RURAL;0613;RO;Brasil;78954000;[CIVIL=CASADO(A)] [OBS=(GENRRO SAMOEL)] TRAB.RURAL
00999;PF;41881737268;436076;;EVA MARIA DA SILVA BRILHANTE;EVA MARIA DA SILVA BRILHANTE;;AFONSO PENA;;CENTRO;0613;RO;Brasil;76928000;OBS: ATUALIZAR CADASTRO TABELIAN
00990;PF;29033098253;381126;;SILVINA KRUGEL JORGE;SILVINA KRUGEL JORGE;;RODOVIA 31/KM.24/GB.8-D/LT.23;;ZONA RURAL;0613;RO;Brasil;78954000;OBSERVACAO ATUALIZAR CADASTRO. TRB.RURAL
00977;PF;25748513153;00001086460;;IZAURA CONCEICAO ASTOFE;IZAURA ASTOFE DE BARROS **;06992215718;AFONSO PENA;;CENTRO;0613;RO;Brasil;76928000;OBS: ATUALIZAR CADASTRO TRAB.SAUDE
00964;PF;19144091249;182912;;MAURO ALVES DOS SANTOS;MAURO ALVES DOS SANTOS;;RODOVIA 2 KM31 GB12A LT 18;;ZONA RURAL;0613;RO;Brasil;76928000;OBS: ATUALIZAR CADASTRO APOSENTADO
00997;;;;;IDENIR CAMILO DE OLIVEIRA KRAUSE **;IDENIR CAMILO DE OLIVEIRA KRAUSE **;;;;BAIRRO DAS ROSAS;0001;RO;Brasil;78960000;OBS: ATUALIZAR CADASTRO
00983;PF;45678570200;;;CIRILO MARTINS DE SOUZA **;CIRILO MARTINS DE SOUZA **;;;;;0001;RO;Brasil;78960000;OBS: ATUALIZAR CADASTRO
00994;PF;44378440920;14899718;;GESUINA CARDOSO ESCROFANI **;GESUINA CARDOSO ESCROFANI **;;;;;0001;RO;Brasil;78960000;OBS: ATUALIZAR CADASTRO APOSENTADA
00972;;972;;;GIDEVALDO SANTOS DE SOUZA **;GIDEVALDO SANTOS DE SOUZA **;;DANIEL HERINGER;;CENTRO;0613;RO;Brasil;78954000;[CIVIL=SOLTEIRO(A)] AJUDANTE GERAL
00973;;;;;GABRIEL EMIDIO DE ALMEIDA **;GABRIEL EMIDIO DE ALMEIDA **;;JASMO DE CASTRO;;CENTRO;0613;RO;Brasil;76928000;OBSERVACAO ATUALIZAR CADASTRO COMERCIANTE
00993;PF;91781396272;0918411947;;ROSILENE LOPES DE OLIVEIRA;ROSILENE LOPES DE OLIVEIRA;;RODOVIA 31/KM.28/GB.8-E/LT.24;;ZONA RURAL;0613;RO;Brasil;78954000;OBSERVACAO ATUALIZAR CADASTRO. DO LAR
00974;PF;17660319191;;;FRANCISCA CONCEICAO DE CASTRO;FRANCISCA CONCEICAO DE CASTRO;;RODOVIA 31/KM.32/GB.;;ZONA RURAL;0613;RO;Brasil;78954000;[CIVIL=SOLTEIRO(A)]
00984;PF;72687673234;;;LAURIDES MARIA PAULA DIAS;LAURIDES MARIA PAULA DIAS;;LH;;BAIRRO DAS ROSAS;0613;RO;Brasil;78954000;[CIVIL=CASADO(A)] DO LAR
00965;;;;;ZELIA ABIA **;ZELIA ABIA **;;AFONSO PENA;;CENTRO;0613;RO;Brasil;76928000;OBSERVACAO ATUALIZAR CADASTRO. VENDEDORA
00985;PF;84474017234;898642;;BRUNO RODRIGUES DA ROCHA;BRUNO RODRIGUES DA ROCHA;092832968;RODOVIA 37/KM.24/GB.12-E/LT.10;;ZONA RURAL;0613;RO;Brasil;78954000;OBS: ATUALIZAR CADASTRO TRAB.RURAL
00987;PF;33400997900;37211026;;BRASILINO FIRMINO DA SILVA;BRASILINO FIRMINO DA SILVA;034651039;JORGE TEIXEIRA;;BAIRRO DAS ROSAS;0613;RO;Brasil;78954000;FALECEU TRB.RURAL
00968;PF;28969391215;296216;;ZILMA INACIO TEIXEIRA **;ZILMA INACIO TEIXEIRA **;;RUA DUQUE DE CAXIAS;;CENTRO;0613;RO;Brasil;78954000;OBSERVACAO ATUALIZAR CADASTRO.
00975;;;;;ALEXSANDER ALVES RODRIGUES **;ALEXSANDER ALVES RODRIGUES **;;;;;0001;RO;Brasil;78960000;OBS: ATUALIZAR CADASTRO
00978;;978;;;ELDILENE ANDRADE DOS SANTOS;ELDILENE ANDRADE DOS SANTOS;;RUA JK-N;;BAIRRO DAS ROSAS;6552;RO;Brasil;78950000;[CIVIL=SOLTEIRO(A)] [OBS=FILHA TIU ADIZIO, 08 ANOS DE ATRAZO CANCELAMOS A FICHA, MAS NAO PAGOU.]
00995;PF;79650546200;;;PEDRO PAULO PEREIRA DE OLIVEIRA **;PEDRO PAULO PEREIRA DE OLIVEIRA **;;EM FRENTE LENA RAMOS;;CENTRO;0613;RO;Brasil;78954000;[CIVIL=SOLTEIRO(A)] CABELEIREIRO
00966;;;;;ZENAIDE DA SILVA DIAS **;ZENAIDE DA SILVA DIAS **;;RODOVIA C1/GB.3/LT.7;;ZONA RURAL;9653;RO;Brasil;78955000;OBSERVACAO ATUALIZAR CADASTRO. TRAB.RURAL
03324;PF;64022013249;561532;;ISAURA DE FATIMA DE OLIVEIRA;ISAURA DE FATIMA DE OLIVEIRA;;LINHA 32 LOTE 32 GLEBA 12F;;ZON RURAL;0613;RO;Brasil;76928000;
00950;PF;69466947249;000499022;;WALDILENE DE SOUZA NETO **;WALDILENE DE SOUZA NETO **;;LH 20 KM 31 GL12D LT 16;;ZONA RURAL;0613;RO;Brasil;78954000;PASSAR COMPRA SO QUANDO REGULARIZAR AS PROMISSORIAS VENCIDAS DO LAR
00961;PF;59709405268;575062;;ZILDA JACINTA DOS SANTOS;ZILDA JACINTA DOS SANTOS;092477235;LUIS BORGES;;CENTRO;0613;RO;Brasil;76928000;[CIVIL=VIUVO(A)] OBS: ATUALIZAR CADASTRO
00934;PF;64256421220;629318;;VALDEMAR GALDINO MACHADO **;VALDEMAR GALDINO MACHADO **;092836800;RODOVIA 31 KM20 LT22 GB12C;;ZONA RURAL;0613;RO;Brasil;76928000;obs R$ 400,00
00948;PF;45723770225;255024;;WOSHINGTON ROSA SANTOS **;WOSHINGTON ROSA SANTOS **;6993048189;RODOVIA LH 31 KM 20 LT 31 GL 12 C;;ZONA RURAL;0613;RO;Brasil;76928000;OBS: ATUALIZAR CADASTRO AGENTE DE PORTARIA VIGILANCIA
00939;PF;06800874272;133535;;VALDIVINO RODRIGUES DE SOUZA **;VALDIVINO RODRIGUES DE SOUZA **;992882809;RODOVIA 24;;ZONA RURAL;0613;RO;Brasil;78954000;LIMITE DE R$500,00
00959;PF;73502286272;758432;;ZELLIA GOMES LOUBACH **;ZELLIA GOMES LOUBACH **;6992790723;RODOVIA RUA DO CONTORNO;;CENTRO;0613;RO;Brasil;76928000;OBS: ATUALIZAR CADASTRO DO LAR
00931;PF;64837637272;607138;;VALDIR PEREIRA DE ASSIS;VALDIR PEREIRA DE ASSIS;;BELMIRO ARAUJO N;;CENTRO;0613;RO;Brasil;78954000;[CIVIL=SOLTEIRO(A)] [OBS=ESTA COM ADVOGADA CANCELAR QUANDO PAGAR] AJUDANTE GERAL
00960;;;;;ZORAIDE DA SILVA WATERKEMPER;ZORAIDE DA SILVA WATERKEMPER;092790184;RODOVIA 31/KM.20/LT.04/GB.08-B;;ZONA RURAL;0613;RO;Brasil;78954000;[CIVIL=CASADO(A)] DO LAR
00944;PF;73207268234;733679;;VALDIR JANUTH MILER **;VALDIR JANUTH MILER **;;RODOVIA KM.28/GB.9/LT.15-D;;ZONA RURAL;0613;RO;Brasil;78954000;OBS: ATUALIZAR CADASTRO LAVRADOR
00937;PF;67843514287;758377;;VALDINEI ROBERTO **;VALDINEI ROBERTO (¥) **;092637982;RODOVIA 37/KM.24/GB.12-E/LT.12;;ZONA RURAL;0613;RO;Brasil;78954000;OBS: ATUALIZAR CADASTRO LAVRADOR
00936;PF;92474780220;758128;;MARCILENE FAGUNDES DIAS BORGES;MARCILENE FAGUNDES DIAS BORGES;092511429;RODOVIA 31/KM.16/GB.12-B/LT.22;;ZONA RURAL;0613;RO;Brasil;78954000;[CIVIL=CASADO(A)] [OBS=MOTIVO DE ATRASO] DO LAR
00935;PF;58628657215;561341;;VALDEMAR TEIXEIRA BATISTA **;VALDEMAR TEIXEIRA BATISTA **;;RODOVIA 22/KM.16/GB.8-B/LT.21;;ZONA RURAL;0613;RO;Brasil;78954000;OBSERVACAO ATUALIZAR CADASTRO. TRB.RURAL
00957;;;;;ZENAIDE RIBEIRO DE ARAUJO;ZENAIDE RIBEIRO DE ARAUJO;092956978;GENIVALDO DE SOUZA;;CENTRO;0613;RO;Brasil;78954000;OBSERVACAO ATUALIZAR CADASTRO.
00958;PF;01732947740;6146621;;ZILDA ALVES DE OLIVEIRA;ZILDA ALVES DE OLIVEIRA;092664163;TEMISTOCLES CHAVIER BARBOSA;;ZONA RURAL;0613;RO;Brasil;76928000;OBS: ATUALIZAR CADASTRO APOSENTADA
00940;PF;23922052991;1190063;;VALDOMIRO CUSTODIO DE MELO **;VALDOMIRO CUSTODIO DE MELO **;;RODOVIA 16 KM 37 PROX AO FLAVINHO / SALV;;ZONA RURAL;0613;RO;Brasil;76928000;OBSERVACAO ATUALIZAR CADASTRO. PEDREIRO
00951;PF;11665322372;;;WESLEY ALEXANDRE DOS SANTOS **;WESLEY ALEXANDRE DOS SANTOS **;;RODOVIA 31/KM.12/GB.12-A/LT.17;;ZONA RURAL;0613;RO;Brasil;78954000;[CIVIL=SOLTEIRO(A)]
00952;PF;77208480206;807738;;WANDERSON PIRES DA LUZ;WANDERSON PIRES DA LUZ;04590026;RODOVIA 22/KM.16/GB.4-C/LT.9;;ZONA RURAL;0613;RO;Brasil;78954000;[CIVIL=SOLTEIRO(A)] [OBS=(VIZINHO IRMAO VALDIR)] ESTUDANTE
00962;PF;20343078287;631718;;ZAQUEO CUST¢DIO GONCALVES;ZAQUEO CUST¢DIO GONCALVES;;RODOVIA 32/LT.50.GB.12-F;;ZONA RURAL;0613;RO;Brasil;78954000;OBSERVACAO ATUALIZAR CADASTRO. LAVRADOR
00933;;;775681;;VALDEIR SOBRINHO DOS SANTOS **;VALDEIR SOBRINHO DOS SANTOS **;;RODOVIA TN6/KM.31/GB.1/LT.464;;ZONA RURAL;0613;RO;Brasil;78954000;OBSERVACAO ATUALIZAR CADASTRO. LAVRADOR
00943;PF;71433040263;760676;;GEOVANINA FERREIRA CANTON;GEOVANINA FERREIRA CANTON;099063563;AFONSO PENA;;CENTRO;0613;RO;Brasil;76928000;[CIVIL=CASADO(A)] PROFESSORA
00953;PF;80508243220;833861;;WYLLIAN ROSA GONCALVES **;WYLLIAN ROSA GON_ALVES **;;RODOVIA 22/KM.16/GB.8-B/LT.20;;ZONA RURAL;0613;RO;Brasil;78954000;OBSERVACAO ATUALIZAR CADASTRO. TRB.RURAL
00954;PF;77006348234;800817;;WANDERLEY DIAS DE SOUZA;WANDERLEY DIAS DE SOUZA;;AFONSO PENA(LATICINIO VITALI;;CENTRO;0613;RO;Brasil;78954000;ATUALIZAR CADASTRO. QUEIJEIRO
00945;PF;82504938268;;;VALDELEI DOS SANTOS **;VALDELEI DOS SANTOS **;;RODOVIA 37/KM.24/(ESCOLA PICAPAL AMARELO;;ZONA RURAL;0613;RO;Brasil;78954000;[OBS=(FILHO BIGODE)] OBSERVACAO ATUALIZAR CADASTRO. TRB.RURAL
00955;PF;77592379287;758632;;WILLIAN TIAZINO DA SILVA **;WILLIAN TIAZINO DA SILVA **;;RODOVIA 22/KM.16/GB.4-B/LT.28;;ZONA RURAL;0613;RO;Brasil;76928000;ATUALIZAR CADASTRO LAVRADOR
00946;;;;;VALDECI ANTONIO DE SOUZA **;VALDECI ANTONIO DE SOUZA **;;RODOVIA 37/KM.20/GB.12-C/LT.38;;ZONA RURAL;0613;RO;Brasil;78954000;OBSERVACAO ATUALIZAR CADASTRO.
00932;;;;;VALDIR VIEIRA DA SILVA **;VALDIR VIEIRA DA SILVA **;;;;BAIRRO DAS ROSAS;0001;RO;Brasil;78960000;OBSERVACAO ATUALIZAR CADASTRO.
00938;;;;;VALDENIR SIMONATO **;VALDENIR SIMONATO **;;;;BAIRRO DAS ROSAS;0001;RO;Brasil;78960000;OBSERVACAO ATUALIZAR CADASTRO. MECANICO
00930;;;;;VALDIR DA SILVA MEDEIROS **;VALDIR DA SILVA MEDEIROS **;;RODOVIA 37/KM.20/GB.12-D/LT.05;;ZONA RURAL;0613;RO;Brasil;78954000;OBSERVACAO ATUALIZAR CADASTRO. ESTUDANTE
00941;;;;;VALDELI DA SILVA ALVES **;VALDELI DA SILVA ALVES **;;RUA DH.ESQUINA COM NOVA ESPERAN_A;;CENTRO;0613;RO;Brasil;78954000;OBSERVACAO ATUALIZAR CADASTRO.
00942;PF;19154089204;99282;;VALDIR DE SOUZA **;VALDIR DE SOUZA **;6993070509;RODOVIA RUA JASMO DE CASTRO;;ZONA RURAL;0613;RO;Brasil;76928000;OBSERVACAO ATUALIZAR CADASTRO. LAVRADOR
00956;PF;84881739204;892813;;WELLINGTON BRUNO PINTO CARDOSO;WELLINGTON BRUNO PINTO CARDOSO;;DANIEL HERINGER;;CENTRO;0613;RO;Brasil;78954000;OBSERVACAO ATUALIZAR CADASTRO. ESTUDANTE
00947;PF;32705166220;497761;;WALTER PIRES DA LUZ;WALTER PIRES DA LUZ;;RUA LUIZ ALCANTARA;;GRILO;0613;RO;Brasil;78954000;OBSERVACAO ATUALIZAR CADASTRO. MOTORISTA
00908;PF;69085919215;499718;;VANIA MARA DOS SANTOS RODRIGUES **;VANIA MARA DOS SANTOS RODRIGUES **;092519578;RUA CUSTODIO VICTOR;;BAIRRO DAS ROSAS;0001;RO;Brasil;78960000;[CIVIL=CASADO(A)] FUNCIONARIA PUBLICA
00902;PF;45677271268;00000;;ANA RODRIGUES DE SOUZA;ANA RODRIGUES DE SOUZA;;RODOVIA RUA DANIEL HERINGER;;BAIRRO DAS ROSAS;0613;RO;Brasil;76928000;OBS: ATUALIZAR CADASTRO
00904;PF;73396095200;589716;;MARIA DO CARMO FERREIRA DA CRUZ;MARIA DO CARMO FERREIRA DA CRUZ;;LINHA 37/KM.24/GB.12-E/LT.12;;ZONA RURAL;0613;RO;Brasil;76928000;
00896;PF;19091796200;00000;;CLECI PIRES **;CLECI PIRES **;;RUA GENIVALDO DE SOUZA;;CENTRO;0613;RO;Brasil;78954000;[CIVIL=CASADO(A)]
00917;PF;60240733215;583737;;VALQUIRIA ROCHA MOREIRA;VALQUIRIA ROCHA MOREIRA;;RUA CURITIBA;;CENTRO;0613;RO;Brasil;78954000;
00909;PF;59335637220;571887;;VANUSA MOREIRA FIGUEREDO **;VANUSA MOREIRA FIGUEREDO **;;RUA VO LUIZA;;CENTRO;0613;RO;Brasil;78954000;OBSERVACAO ATUALIZAR CADASTRO. PROFESSORA
00929;PF;73748102291;758303;;VALDIRENE GONCALVES MARTINS CASTRO;VALDIRENE GONCALVES MARTINS CASTRO;;LH 31 KL 32 LOTE 54C GLEBA 12F;;ZONA RURAL;0613;RO;Brasil;78954000;OBS: ATUALIZAR CADASTRO
00927;PF;27016803287;285070;;VALDECY CEZARIO FRANCO;VALDECY CEZARIO FRANCO;;RUA ALAIDES ALCANTARA;;CENTRO;0613;RO;Brasil;78954000;[CIVIL=CASADO(A)] [OBS=(GENRRO ALICE MENDONGA)] PEDREIRO
00906;PF;40818799234;398761;;CLEUZA FREITAS CAIRES -NAO AUTORIZA;CLEUZA FREITAS CAIRES;69;RODOVIA 22/KM.28/GB.8-E/LT.78;;ZONA RURAL;0613;RO;Brasil;78954000;OBS: ATUALIZAR CADASTRO TRB.RURAL
00900;PF;83615067215;604218;;FRANCISCA NUNES MACHADO DA SILVA **;FRANCISCA NUNES MACHADO DA SILVA **;6993182750;VO LUIZA N;;CAIXA DAGUA;0613;RO;Brasil;76928000;LAVRADORA
00912;;;;;VANDERLI APARECIDA MORAIS DA SILVA **;VANDERLI APARECIDA MORAIS DA SILVA **;;AVENIDA AFONSO PENA -N;;CENTRO;0613;RO;Brasil;78954000;OBSERVACAO ATUALIZAR CADASTRO. DO LAR
00899;PF;77184416287;12416708;;VANDERLEY RODRIGUES DE SOUZA **;VANDERLEY RODRIGUES DE SOUZA **;;D DE CAXIAS S/N(GRILO;;CENTRO;0613;RO;Brasil;78954000;OBSERVACAO ATUALIZAR CADASTRO. VAQUEIRO
00910;PF;99197472700;343084;;VANILDA SOARES VIZINTIM DE MATOS;VANILDA SOARES VIZINTIM DE MATOS;092058264;RODOVIA 37/KM.32/GB.12-G/LT.22;;ZONA RURAL;0613;RO;Brasil;78954000;[CIVIL=CASADO(A)] PROFESSORA
00928;;;;;VALDIRENE PEREIRA DE LIMA **;VALDIRENE PEREIRA DE LIMA **;;RODOVIA 31/KM.28/GB. LT.57;;ZONA RURAL;0613;RO;Brasil;78954000;ATUALIZAR CADASTRO
00913;;913;;;VANIA R.WATERKEMPER **;VANIA R.WATERKEMPER **;;;;BAIRRO DAS ROSAS;0001;RO;Brasil;78960000;[CIVIL=OUTROS] [OBS=FALECIDA !!]
00914;;914;;;VIRGINIA ROCHA GONCALVES **;VIRGINIA ROCHA GON_ALVES **;;;;CENTRO;0001;RO;Brasil;78960000;[CIVIL=SOLTEIRO(A)] DO LAR
00915;;;;;VANUZA ALVES S.JORDAO **;VANUZA ALVES S.JORDAO **;;;;CENTRO;0001;RO;Brasil;78960000;OBSERVACAO ATUALIZAR CADASTRO. FUNCIONARIO PUBLICO
00901;PF;45677824291;499491;;JANEDE NEGRINI MERCANDELI;JANEDE NEGRINI MERCANDELI;092827556;RODOVIA 31/KM.24/GB.8-E/LT.03;;ZONA RURAL;0613;RO;Brasil;78954000;[CIVIL=CASADO(A)] DO LAR
00916;PF;74206079234;631897;;VANIA HONORIO DA SILVA **;VANIA HONORIO DA SILVA **;;RODOVIA 22/KM.20/GB.4-C/LT.32;;ZONA RURAL;0613;RO;Brasil;78954000;OBSERVACAO ATUALIZAR CADASTRO. DO LAR
00907;;;381121;;VILSON DE JESUS BARBOSA **;VILSON DE JESUS BARBOSA **;;RODOVIA /KM16/GB.8-B/LT.34;;ZONA RURAL;0613;RO;Brasil;78954000;OBSERVACAO ATUALIZAR CADASTRO. LAVRADOR
00897;PF;88002802268;079420;;GUIOMAR ANGELICA VIEIRA DE CARVALHO;GUIOMAR ANGELICA VIEIRA DE CARVALHO;;RUA VO LUIZA;;CENTRO;0613;RO;Brasil;78954000;[CIVIL=SOLTEIRO(A)] [OBS=MUITO ATRASO] SOLTEIRA
00898;PF;31585000272;322163;;ERNANDES TORRES DE PAULA;ERNANDES TORRES DE PAULA;099031030;RODOVIA 31/KM.16/GB.12-C/LT.16;;ZONA RURAL;0613;RO;Brasil;78954000;OBS: ATUALIZAR CADASTRO TRAB.RURAL
00911;PF;45678421204;66563;;JANDIRA PEREIRA PIOVEZAN;JANDIRA PEREIRA PIOVEZAN;;RODOVIA TN.10/LT.384;;ZONA RURAL;9653;RO;Brasil;78955000;OBSERVACAO ATUALIZAR CADASTRO TRB.RURAL
00920;;;;;VALMIR JUNIOR LEMOS DA SILVA **;VALMIR JUNIOR DA SILVA **;;RODOVIA 31/KM.28/(FUNDIARIA)LT.SH.PASCOA;;ZONA RURAL;0613;RO;Brasil;78954000;OBSERVACAO ATUALIZAR CADASTRO. LAVRADOR
00921;;;701504;;VIVIANE DA SILVA BRITO **;VIVIANE DA SILVA BRITO **;;RODOVIA 31/KM.16/GB.8-B/LT.13;;ZONA RURAL;0613;RO;Brasil;78954000;OBSERVACAO ATUALIZAR CADASTRO. AUCILIAR DE LABORATORIO
00903;;;;;MOISES MOREIRA DE MATOS **;MOISES MOREIRA DE MATOS **;092853093;RODOVIA 31/KM.28/GB.12/LT.61;;ZONA RURAL;0613;RO;Brasil;78954000;OBS: ATUALIZAR CADASTRO TRAB.RURAL
00923;PF;77445856234;758489;;VIVIANE AZEVEDO DOS SANTOS **;VIVIANE AZEDO DOS SANTOS **;;RODOVIA 32/KM.31/GB.12-C/LT.14;;ZONA RURAL;0613;RO;Brasil;78954000;OBSERVACAO ATUALIZAR CADASTRO. TRB.RURAL
00924;;;641205;;VANUZA OLIVEIRA LOBACK **;VANUZA OLIVEIRA LOBACK **;;CANAA;;CENTRO;0613;RO;Brasil;78954000;OBSERVACAO ATUALIZAR CADASTRO. DO LAR
00925;;;;;VANUZA DA SILVA ALCANTARA **;VANUZA DA SILVA ALCANTARA **;;RODOVIA 31/KM.28/GB.8-E/LT.32;;ZONA RURAL;0613;RO;Brasil;78954000;OBSERVACAO ATUALIZAR CADASTRO. DO LAR
00895;PF;81978022204;;;VANDERLEI DA SILVA PINTO;VANDERLEI DA SILVA PINTO;;RODOVIA 22/KM.16/GB.4-C/LT.1;;ZONA RURAL;0613;RO;Brasil;78954000;OBSERVACAO ATUALIZAR CADASTRO.
00926;PF;40932087272;603632;;VALMIR SEVERIANO PISSINATI **;VALMIR SEVERIANO PISSINATI **;;RODOVIA 31/KM.16/GB.4-B/LT.26;;ZONA RURAL;0613;RO;Brasil;78954000;OBSERVACAO ATUALIZAR CADASTRO. TRAB.RURAL
00918;;;;;VANDERLEI SATURNINO DE SOUZA **;VANDERLEI SATURNINO DE SOUZA **;;AFONSO PENA;;CENTRO;0613;RO;Brasil;76928000;OBSERVACAO ATUALIZAR CADASTRO.
00919;PF;65452143220;676510;;VANDERLEI BATISTA DE MORAIS **;VANDERLEI BATISTA DE MORAIS **;;RODOVIA 31/KM16/GB.8-C/LT.04;;ZONA RURAL;0613;RO;Brasil;78954000;OBSERVACAO ATUALIZAR CADASTRO. TRATORISTA
00891;PF;69085528291;733349;;TEREZA BARRETO SANTANA BUENO AIRES;TEREZA BARRETO SANTANA **;6992617675;RUA DAS PALMEIRAS;;SETOR 05;0613;RO;Brasil;76928000;
00875;PF;82400849234;6060006;;SUELY SOUZA LACERDA;SUELY SOUZA LACERDA;;LH 24 KM 31 LOTE 27 GL12F;;ZONA RURAL;0613;RO;Brasil;78954000;
00863;PF;61291293272;742798;;SIDNEY PEREIRA RODRIGUES **;SIDNEY PEREIRA RODRIGUES **;;RUA CANDIDO RONDON;;CENTRO;0001;RO;Brasil;78960000;
00872;PF;83292667291;629331;;SUELI DO CARMO RIBEIRO;SUELI DO CARMO RIBEIRO;;RUA SAO CURITIBA;CASA;SETOR 06;0613;RO;Brasil;76928000;
00882;PF;35167718287;151261;;TEREZINHA DE JESUS;TEREZINHA DE JESUS;;RUA BELMIRO ARAUJO;;CENTRO;0613;RO;Brasil;76928000;
00864;PF;62771507234;564191;;SILVANIA DE SOUZA MARTINS DUARTE **;SILVANIA DE SOUZA MARTINS DUARTE **;6992490966;LH 31 KM 20 LT20 GB12D;;ZONA RURAL;0613;RO;Brasil;76928000;OBS: ATUALIZAR CADASTRO PROFESSORA
00865;PF;69892261291;631507;;SILVANA MAGNAGO MAZARINE;SILVANA MAGNAGO MAZARINE;;LINHA 31 LT 21 GL 12 D;;ZONA RURAL;0613;RO;Brasil;76928000;
00876;PF;71539131220;758126;;ROSA MARIA DOS SANTOS DE ABREU;ROSA MARIA DOS SANTOS DE ABREU;;LINHA 20/KM.22/LT.23/GB.08-C;;ZONA RURAL;0613;RO;Brasil;78954000;OBS: ATUALIZAR CADASTRO LAVRADORA
00886;PF;36951641234;434709;;THEREZA BAZONI;THEREZA BAZONI;;AFONSO PENA;;CENTRO;0613;RO;Brasil;76928000;OBS: ATUALIZAR CADASTRO DO LAR
00879;PF;73905089220;742418;;SOLANGE ADRIANA ARAUJO;SOLANGE ADRIANA ARAUJO;;RODOVIA RUA CUSTODIO VITOR ESQUINA COM N;;ZONA RURAL;0613;RO;Brasil;76928000;OBS: ATUALIZAR CADASTRO
00874;PF;72804084272;448641;;SOLANGE FLORINDO BENEDITO DA SILVA **;SOLANGE FLORINDO BENEDITO DA SILVA **;;RODOVIA 31/KM.24/GB.8-B/LT.24;;ZONA RURAL;0613;RO;Brasil;78954000;CANCELADO MOTIVO DE ATRASO. COBRANCA SIDNEI LAVRADORA
00870;PF;17249422391;796984;;SONIVAL MOREIRA DOS ANJOS **;SONIVAL MOREIRA DOS ANJOS **;;RUA ALMIRANTE BARROSO -N;;CENTRO;0613;RO;Brasil;78954000;[CIVIL=SOLTEIRO(A)] TECNICO AGROPECUARIO
00890;;;;;TEREZINHA LOPES DA SILVA **;TEREZINHA LOPES DA SILVA **;034651076;RUA ALMIRANTE BARROSO -N;;CENTRO;0613;RO;Brasil;78954000;OBSERVACAO ATUALIZAR CADASTRO.
00877;;;;;SUELI DOS SANTOS SILVA;SUELI DOS SANTOS SILVA;;RUA JORGE TEIXEIRA -N;;CENTRO;0613;RO;Brasil;78954000;[CIVIL=CASADO(A)] FUNCIONARIA PUBLICA
00888;PF;90743431200;1135881;;TIAGO MORAIS VILELA **;TIAGO MORAIS VILELA **;;RUA JOSE MARTINS OLIVEIRA;;CENTRO;0613;RO;Brasil;78954000;OBSERVACAO ATUALIZAR CADASTRO.
00869;PF;63287056204;815197;;SOLANGE VAZ;SOLANGE VAZ;06992537546;RODOVIA 22/KM24/LT31/GB4E;;ZONA RURAL;0613;RO;Brasil;78954000;OBSERVACAO ATUALIZAR CADASTRO. LAVRADORA
00866;;;;;SINVAL PINTO DE OLIVEIRA **;SINVAL PINTO DE OLIVEIRA **;;;;;0001;RO;Brasil;78960000;[CIVIL=SOLTEIRO(A)] [OBS=CANCELADO POR MOTIVO DE ATRASO !!]
00880;PF;86997572200;;;SOLANGE OLIVEIRA DE ALMEIDA **;SOLANGE OLIVEIRA DE ALMEIDA **;;RODOVIA 37/KM.32/GB.12-G/LT.28;;ZONA RURAL;0613;RO;Brasil;78954000;OBSERVACAO ATUALIZAR CADASTRO. DO LAR
00892;PF;75412209220;795524;;UELITON ROSA SANTOS **;UELITON ROSA SANTOS **;;RODOVIA 31/KM.24/25;;CENTRO;0613;RO;Brasil;78954000;OBSERVACAO ATUALIZAR CADASTRO.
00883;PF;77032195253;804000;;TATIANE RODRIGUES DE SOUZA **;TATIANE RODRIGUES DE SOUZA **;093073420;RODOVIA 37/KM.24/GB.12-E/LT./18;;ZONA RURAL;0613;RO;Brasil;76928000;OBSERVACAO ATUALIZAR CADASTRO. TRB.RURAL
00893;PF;04216239773;583727;;UZIEL MIRANDA GENILHU **;UZIEL MIRANDA GENILHU **;092263307;RODOVIA 40/KM.36/GB.12/LT.2 (SITIO OURO;;ZONA RURAL;0613;RO;Brasil;78954000;OBSERVACAO ATUALIZAR CADASTRO. AGENTE COMUNITARIO
00884;PF;48561460253;501533;;TEREZINHA SIMONE AMORIM LIMA **;TEREZINHA SIMONE AMORIM LIMA **;;RODOVIA 37/KM.16/GB.12-C/LT.10;;ZONA RURAL;0613;RO;Brasil;78954000;OBSERVACAO ATUALIZAR CADASTRO.
00867;PF;81843615215;;;LAUDIANE MONTEIRO DA HORA **;LAUDIANE MONTEIRO DA HORA **;;RODOVIA 22/KM.16/GB.4-B/LT.28/29/30;;ZONA RURAL;0613;RO;Brasil;78954000;OBSERVACAO ATUALIZAR CADASTRO TRB.RURAL
00878;;;475707;;SHIRLEI DO CARMO SANTIAGO **;SHIRLEI DO CARMO SANTIAGO **;;RODOVIA 31/KM.16/GB.8-C/LT.5;;ZONA RURAL;0613;RO;Brasil;78954000;ATUALIZAR CADASTRO PROFESSORA
00873;;873;933414;;SONIA FATIMA DA SILVA **;SONIA FATIMA DA SILVA **;;;;;0001;RO;Brasil;78960000;[CIVIL=SOLTEIRO(A)] [OBS=(IRMAN DELCINO CANDIDO)] DO LAR
00885;;;;;TATIANE DA SILVA WATERKEMPER **;TATIANE DA SILVA WATERKEMPER **;;;;;0001;RO;Brasil;78960000;OBSERVACAO ATUALIZAR CADASTRO.
00861;;;;;SIMONE MARQUES **;SIMONE MARQUES **;;RODOVIA /KM.16;;ZONA RURAL;0613;RO;Brasil;78954000;OBSERVACAO ATUALIZAR CADASTRO.
00871;;;529318;;SONIA REGINA DE SOUZA **;SONIA REGINA DE SOUZA **;;RUA DUQUE DE CAXIAS;;CENTRO;0613;RO;Brasil;78954000;OBSERVACAO ATUALIZAR CADASTRO.
00881;;881;85178;;SUELI FRANCISCA ROSA VIANA DUARTE;SUELI FRANCISCA ROSA VIANA DUARTE;;RODOVIA 37/KM.24/GB.12-D/LT.33;;ZONA RURAL;0613;RO;Brasil;78954000;[CIVIL=CASADO(A)]
00862;;862;;;SIRLEI SOARES PIMENTEL;SIRLEI SOARES PIMENTEL;;RODOVIA 22/KM.28/GB.1/LT.501;;ZONA RURAL;0613;RO;Brasil;78954000;[CIVIL=CASADO(A)] DOMESTICA
00894;;;;;VALMA RUFINO GOMES **;VALMA RUFINO GOMES **;;AFONSO PENA;;CENTRO;0613;RO;Brasil;76928000;OBSERVACAO ATUALIZAR CADASTRO. PADEIRA
00887;;;;;TEREZINHA CARVALHO DE SOUZA **;TEREZINHA CARVALHO DE SOUZA **;;RODOVIA 24;;ZONA RURAL;0613;RO;Brasil;78954000;OBSERVACAO ATUALIZAR CADASTRO.
00868;;;;;SUZANA DUARTE **;SUZANA DUARTE **;;RUA TANCREDO NEVES;;CENTRO;0613;RO;Brasil;78954000;OBSERVACAO ATUALIZAR CADASTRO. PLANTA TOMATE
00860;PF;62743619287;499730;;SIDENI PEREIRA DE MORAIS;SIDENI PEREIRA DE MORAIS;;RUA VÓ LUIZA;CASA;CENTRO;0613;RO;Brasil;76928000;
00841;PF;80456065687;1131033;;SEBASTIAO GONCALVES DE ASSIS **;SEBASTIAO GOLCALVES DE ASSIS **;;LINHA 32/GB.12-F/LT.50;;ZONA RURAL;0613;RO;Brasil;78954000;
00843;PF;38665441204;631609;;SELEI MARIA BIANCHIN;SELEI MARIA BIANCHIN;;RUA DUQUE DE CAXIAS;CASA;CENTRO;0613;RO;Brasil;76928000;
00834;PF;35129859200;388761;;SEBASTIAO MILTON BARBOSA DOS SANTOS **;SEBASTIAO MILTON BARBOSA DOS SANTOS **;;LINHA 16 KM 31 LOTE 06 GLEBA 8C;;ZONA RURAL;0613;RO;Brasil;76928000;OBS: ATUALIZAR CADASTRO LAVRADOR
00835;PF;03097647775;1224541;;SEBASTIAO CARLOS DE JESUS SANTOS **;SEBASTIAO CARLOS DE JESUS SANTOS **;;LINHA 31/KM.16/GB.08-B/LT.24;;ZONA RURAL;0613;RO;Brasil;76928000;OBSERVACAO ATUALIZAR CADASTRO. TRAB.RURAL
00845;PF;11557324808;152229;;SIMIANA AUGUSTA DEL VECCHIU **;SIMIANA AUGUSTA DEL VECCHIU **;092954445;LINHA 31/KM.32/GB.12-F/LT.44;;ZONA RURAL;0613;RO;Brasil;76928000;OBS: ATUALIZAR CADASTRO
00856;PF;75784866249;10977010;;SIRLENE MARIA DE BARROS **;SIRLENE MARIA DE BARROS **;;RODOVIA T1, LOTE 18, GB 01;;ZONA RURAL;0613;RO;Brasil;78954000;OBSERVACAO ATUALIZAR CADASTRO.
00853;PF;67599958215;565358;;SIRLEY AMANCIO ROSA;SIRLEY AMANCIO ROSA;6992262662;RODOVIA RUA SAO JOSE OPERARIO;;ZONA RURAL;0613;RO;Brasil;76928000;[OBS=AUTORIZA A ESPOSA E O FILHO(SIDNEI)] LAVRADOR
00839;PF;77762070206;799815;;SERGIO MOREIRA DE OLIVEIRA **;SERGIO MOREIRA DE OLIVEIRA **;;RODOVIA TN06/GB.01/LT.462;;ZONA RURAL;0613;RO;Brasil;78954000;CANCELADO POR MOTIVO DE ATRASO COBRADOR NASMARON LAVRADOR
00851;PF;53265785220;000758472;;SIMONE MAGNAGO **;SIMONE MAGNAGO **;034615618;VENEZUELA, N;;JARDIM AEROPORTO;6552;RO;Brasil;78954000;OBSERVACAO ATUALIZAR CADASTRO.
00849;PF;23907991249;318702;;SIRLENE DA SILVA PAIVA;SIRLENE DA SILVA PAIVA;04132839;RUA MOISES RODRIGUES N;;NOVO HORIZONTE;9653;RO;Brasil;78955000;[CIVIL=CASADO(A)] DO LAR
00847;PF;72687703249;807468;;SIRLEIA TEIXEIRA SANTANA **;SIRLEIA TEIXEIRA SANTANA **;092233247;RODOVIA 31/KM.32/GB.12-F/LT.30;;ZONA RURAL;0613;RO;Brasil;78954000;[CIVIL=SOLTEIRO(A)] DO LAR
00850;PF;73703800259;893766;;SIDINEI FARIAS DOS SANTOS **;SIDINEI FARIAS DOS SANTOS **;;RUA VO LUIZA;;CENTRO;0613;RO;Brasil;78954000;[CIVIL=SOLTEIRO(A)] [OBS=ATRASO] TRB.RURAL
00828;PF;78912652249;;;SANDRA HELENA ROSA TEIXEIRA **;SANDRA HELENA ROSA TEIXEIRA **;;LUIZ BORGES;;CENTRO;0613;RO;Brasil;76928000;[CIVIL=SOLTEIRO(A)]
00848;;;;;SIRLENE RODRIGUES DE OLIVEIRA;SIRLENE RODRIGUES DE OLIVEIRA;092813342;RODOVIA 31/KM.32/(BR.);;ZONA RURAL;0613;RO;Brasil;78954000;OB: ATUALIZAR CADASTRO DO LAR
00829;PF;66395224204;695395;;SANDRA TEIXEIRA RUFINO **;SANDRA TEIXEIRA RUFINO **;;RODOVIA 37/KM.24/GB.12-E/LT.9;;ZONA RURAL;0613;RO;Brasil;78954000;OBS: ATUALIZAR CADASTRO LAVRADOR
00832;;;;;SENIR PEREIRA RODRIGUES **;SENIR PEREIRA RODRIGUES **;;;;BAIRRO DAS ROSAS;0001;RO;Brasil;78960000;OBSERVACAO ATUALIZAR CADASTRO.
00837;;;;;SERGIO BATISTA JORDAO **;SERGIO BATISTA JORDAO **;;;;BAIRRO DAS ROSAS;0001;RO;Brasil;78960000;OBSERVACAO ATUALIZAR CADASTRO.
00859;;;;;SIDINEIA BENFICA **;SIDINEIA BENFICA **;;;;;0001;RO;Brasil;78960000;OBSERVACAO ATUALIZAR CADASTRO. DO LAR
00833;;833;;;SEBASTIAO FERREIRA MARINHO **;SEBASTIAO FERREIRA MARINHO **;;RUA JOSE MARTINS OLIVEIRA;;CENTRO;0613;RO;Brasil;78954000;[CIVIL=CASADO(A)] [OBS=NEGATIVADO POR MOTIVO DE ATRASO.] TRAB.RURAL
00854;PF;89242718220;;;SIRLEI DA SILVA PINTO;SIRLEI DA SILVA PINTO **;6992789990;RODOVIA 22/KM.16/GB.8-B/LT.19;;ZONA RURAL;0613;RO;Brasil;78954000;OBSERVACAO ATUALIZAR CADASTRO.
00846;PF;83753265268;625071;;SIDNEY DE JESUS DA SILVA **;SIDNEY DE JESUS DA SILVA **;;LUIZ BORGES;;CENTRO;0613;RO;Brasil;76928000;[CIVIL=SOLTEIRO(A)] SERVISSOS GERAIS
00827;;;;;SALOME NONATO DA CUNHA **;SALOME NONATO DA CUNHA **;092103364;RODOVIA TN2/GB.G/LT.588;;ZONA RURAL;0613;RO;Brasil;78954000;OBSERVACAO ATUALIZAR CADASTRO. LAVRADOR
00857;PF;27199959249;;;SICERO NEGRINE;SICERO NEGRINE;;RODOVIA 24 KM 31;;ZONA RURAL;0613;RO;Brasil;78954000;OBSERVACAO ATUALIZAR CADASTRO. VEREADOR
00838;PF;63921707234;505987;;SEBASTIAO DA SILVA GOMES **;SEBASTIAO DA SILVA GOMES **;;RODOVIA 37/KM.24/GB.12-E/LT.14;;ZONA RURAL;0613;RO;Brasil;78954000;OBSERVACAO ATUALIZAR CADASTRO. TRAB.RURAL
00858;PF;61283274272;106738;;MARIA IZABEL DE SOUZA;MARIA IZABEL DE SOUZA;;RODOVIA 31/KM.16/GB.8-B/LT.33;;ZONA RURAL;0613;RO;Brasil;78954000;[CIVIL=CASADO(A)] [OBS=ROSILENE] [OBS=DUPLICATAS EXCLUIDAS POR MOTIVO DE FALECIMENTO] AGRICULTORA
00830;PF;28628020268;433690;;SAMOEL SANTANA CIRQUEIRA **;SAMOEL SANTANA CIRQUEIRA **;;RODOVIA TN10/LT.282/GB.01;;ZONA RURAL;9653;RO;Brasil;78955000;[CIVIL=SOLTEIRO(A)] TRAB.RURAL
00855;;;;;SINVAL GOMES DA SILVA **;SINVAL GOMES DA SILVA **;;;;;0001;RO;Brasil;78960000;OBSERVACAO ATUALIZAR CADASTRO.
00840;;;;;SELMA ROSA DA SILVA GON_ALVES **;SELMA ROSA DA SILVA GON_ALVES **;;RODOVIA TN10/GB.01/LT.41;;ZONA RURAL;0613;RO;Brasil;78954000;OBSERVACAO ATUALIZAR CADASTRO.
00831;PF;19158726268;235626;;SEBASTIAO QUARESMA DA SILVA **;SEBASTIAO QUARESMA DA SILVA **;;RODOVIA 31/KM.28/LT.28/GB.;;ZONA RURAL;0613;RO;Brasil;78954000;OBSERVACAO ATUALIZAR CADASTRO. TRAB.RURAL
00842;PF;42110106204;447375;;SEBASTIAO AMANCIO ROSA **;SEBASTIAO AMANCIO ROSA **;;RODOVIA 32/KM.28/GB.12-F;;ZONA RURAL;0613;RO;Brasil;78954000;OBSERVACAO ATUALIZAR CADASTRO. LAVRADOR
00844;PF;61691119253;626335;;SELMA REGINA SILVA ASSIS **;SELMA REGINA SILVA ASSIS **;;RODOVIA 37/KM.24/GB.12-E/LT.05;;ZONA RURAL;0613;RO;Brasil;78954000;OBSERVACAO ATUALIZAR CADASTRO. DOMESTICA
00836;PF;15212874220;521366;;SERGIO CORREIA **;SERGIO CORREIA **;;RODOVIA 31/KM.20/GB12-C/LT.37;;ZONA RURAL;0613;RO;Brasil;78954000;OBSERVACAO ATUALIZAR CADASTRO. AGRICULTOR
00822;PF;02615404407;1654843;;SANDELY SOARES DE SOUSA **;SANDELY SOARES DE SOUSA **;;AFONSO PENA;CASA;CENTRO;0613;RO;Brasil;76928000;
00821;PF;97225223291;1021406;;SANDRA DE SOUZA MICIAS;SANDRA DE SOUZA MICIAS;6993693997;LINHA 31 KM28 GB12E LT22;;ZONA RURAL;0613;RO;Brasil;76928000;[CIVIL=SOLTEIRO(A)] DO LAR
00813;PF;59754621268;574444;;ROSELENA SOARES ROSA;ROSELENA SOARES ROSA;69992013396;AVENIDA SANTINHA MONTOVANI;CASA;CENTRO;0613;RO;Brasil;76928000;
00794;PF;58526609220;433686;;LUZIA ROBERTO RAMOS;LUZIA ROBERTO RAMOS;992114685;LINHA 31 KM 20 GLEBA 8C LOTE 30;;ZONA RURAL;0613;RO;Brasil;78954000;OBS: ATUALIZAR CADASTRO DOMESTICA
00805;PF;66925134215;000693365;;ROSENILDA MARCONDES DE OLIVEIRA DUARTE;ROSENILDA MARCONDES DE OLIVEIRA DUARTE;69993003385;RODOVIA LH 31 KM 32 GB12F LT66;;ZONA RURAL;0613;RO;Brasil;76928000;PARA VENDER PARA BRUNO TEM QUE LIGAR PARA AUTORIZAR!!!
00806;PF;14382096812;000631894;;ROSEMEIRE VICTOR **;ROSEMEIRE VICTOR **;;RUA DANIEL HERINGER;CASA;CENTRO;0613;RO;Brasil;76928000;
00807;PF;62678930220;758391;;ROSILENE DE OLIVEIRA ABILIO;ROSILENE DE OLIVEIRA ABILIO;;LINHA 31 KM 24 LOTE 24 GL 12D;;ZONA RURAL;0613;RO;Brasil;76928000;
00797;PF;84136871287;000496470;;ROSANGELA APARECIDA DA SILVA **;ROSANGELA APARECIDA DA SILVA **;992285593;LINHA 31 KM 20 LOTE 15 GL 12D;;ZONA RURAL;0613;RO;Brasil;76928000;OBS: ATUALIZAR CADASTRO
00818;PF;69408211200;722364;;ROSILDA CUSTODIO DE SOLZA **;ROSILDA CUSTODIO DE SOLZA **;;LH 20 KM 22 LOTE 31;CASA;ZONA RURAL;0613;RO;Brasil;78954000;OBSERVACAO ATUALIZAR CADASTRO. DO LAR
00789;PF;82688354272;869865;;RONALDO WERNECR ROOS;RONALDO WERNECR ROOS;;LINHA 8 KM 31 LT 30 GL 8;;ZONA RURAL;0613;RO;Brasil;76928000;OBS: ATUALIZAR CADASTRO TRAB.RURAL
00799;PF;83573550215;758453;;ROSA AMELIA DA ROCHA NEGRINE **;ROSA AMELIA DA ROCHA NEGRINE **;;LINHA31/KM.24/GB.12-D/LT.26;;ZONA RURAL;0613;RO;Brasil;76928000;OBSERVACAO ATUALIZAR CADASTRO. TRAB.RURAL
00804;PF;76248542287;758375;;ROSENITA MACHADO DE OLIVEIRA;ROSENITA MACHADO DE OLIVEIRA;;JASMO DE CASTRO;;CENTRO;0613;RO;Brasil;76928000;[CIVIL=CASADO(A)] DO LAR
00795;;;;;ROSA MONICA G. GAIHAS **;ROSA MONICA G. GAIHAS **;092791002;;;CENTRO;0001;RO;Brasil;78960000;OBS: ATUALIZAR CADASTRO PROFESSORA
00803;PF;72804050297;758019;;ROSANA BARBOSA VALERIO;ROSANA BARBOSA VALERIO;;RODOVIA 31/KM.16/GB.8-B/LT.34;;ZONA RURAL;0613;RO;Brasil;78954000;OBSERVACAO ATUALIZAR CADASTRO. TRB.RURAL
00816;PF;63234475253;631489;;ROSENILDA APARECIDA DOS SANTOS **;ROSENILDA APARECIDA DOS SANTOS **;;RODOVIA 31/KM.24/GB.8-E/LT.12;;ZONA RURAL;0613;RO;Brasil;78954000;OBSERVACAO ATUALIZAR CADASTRO. TRAB.RURAL
00819;;819;;;ROSILENE DA SILVA NETO **;ROSILENE DA SILVA NETO **;;;;BAIRRO DAS ROSAS;0001;RO;Brasil;78960000;[CIVIL=SOLTEIRO(A)] [OBS=ATRASO]
00810;;810;;;ROSIMEIRE MARIA DA SILVA **;ROSIMEIRE MARIA DA SILVA **;;RODOVIA /KM.16/GB.12-B/LT.23;;ZONA RURAL;0613;RO;Brasil;78954000;[CIVIL=SOLTEIRO(A)] DOMESTICA
00820;;;758895;;ROSELAINE ROCHA GONCALVES RAMOS **;ROSELAINE ROCHA GONCALVES RAMOS **;034651105;JASMO DE CASTRO;;CENTRO;0613;RO;Brasil;76928000;[CIVIL=CASADO(A)] [OBS=CANCELADO POR MOTIVO DE ATRASO]
00790;PF;39075419287;;;RONILDES CARDOSO CRUZ;RONILDES CARDOSO CRUZ;;RUA DAS PALMEIRAS;;CENTRO;0613;RO;Brasil;76928000;[CIVIL=SOLTEIRO(A)] PROFESSORA
00811;PF;45678405268;499727;;ROSINEY OLIVEIRA LEITE **;ROSINEY OLIVEIRA LEITE **;092128149;LUIS BORGES;;ZONA RURAL;0613;RO;Brasil;78954000;[CIVIL=SOLTEIRO(A)]
00791;PF;93110952734;76252885;;ROGERIO RIBEIRO DA SILVA;ROGERIO RIBEIRO DA SILVA;092460781;RUA DUQUE DE CAXIAS;;CENTRO;0613;RO;Brasil;78954000;[CIVIL=SOLTEIRO(A)] [OBS=SCPC/SPC-SILMARA] POLICIAL
00812;PF;64708748272;660861;;IONICE RAMOS MUNIZ **;IONICE RAMOS MUNIZ **;;RODOVIA 31/KM.20/GB.8-C/LT.30;;ZONA RURAL;0613;RO;Brasil;76928000;OBS: ATUALIZAR CADASTRO TRAB.RURAL
00824;PF;66293910206;;;SAMUEL SILVA DA COSTA **;SAMUEL SILVA DA COSTA **;;AFONSO PENA;;CENTRO;0613;RO;Brasil;76928000;[CIVIL=CASADO(A)] COMERCIANTE
00815;PF;91428700200;;;CELESTINA ALVES DOS SANTOS **;CELESTINA ALVES DOS SANTOS **;;AFONSO PENA;;CENTRO;0613;RO;Brasil;76928000;OBS: ATUALIZAR CADASTRO TRAB.RURAL
00796;PF;92339905249;;;ROSANA RODRIGUES PEREIRA;ROSANA RODRIGUES PEREIRA;;RODOVIA 31/KM,12/GB,12-B/LT,13;;ZONA RURAL;0613;RO;Brasil;78954000;OBSERVACAO ATUALIZAR CADASTRO. TRAB.RURAL
00808;PF;61835560253;815075;;ROSENI ROSA DE MIRANDA **;ROSENI ROSA DE MIRANDA **;;RODOVIA 9/KM.20/GB.2/LT.16;;ZONA RURAL;0613;RO;Brasil;78954000;OBSERVACAO ATUALIZAR CADASTRO. DO LAR
00788;PF;42133408215;434044;;ROMILDO EGERTT **;ROMILDO EGERTT **;;RODOVIA 31/KM.28/GB.08-E/LT.21;;ZONA RURAL;0613;RO;Brasil;78954000;OBSERVACAO ATUALIZAR CADASTRO. LAVRADOR
00809;PF;82670897215;759350;;ROSEMIRA CAIRES SATURNINO **;ROSEMIRA CAIRES SATURNINO **;;RODOVIA 31/KM.24/GB.8-E/LT.9;;ZONA RURAL;0613;RO;Brasil;78954000;[CIVIL=SOLTEIRO(A)]
00801;;801;;;ROSALVO CAETANO DE SOUZA;ROSALVO CAETANO DE SOUZA;;RODOVIA 22/KM.20/GB. /LT.24;;ZONA RURAL;0613;RO;Brasil;78954000;[CIVIL=SOLTEIRO(A)]
00826;;;;;SANDRA REGINA BARROS **;SANDRA REGINA BARROS **;;;;BAIRRO DAS ROSAS;0001;RO;Brasil;78960000;OBSERVACAO ATUALIZAR CADASTRO.
00793;PF;71720723249;324306;;ROSANGELA ALVES DE OLIVEIRA;ROSANGELA ALVES DE OLIVEIRA;;EMBRATEL;;CENTRO;0613;RO;Brasil;76928000;[CIVIL=CASADO(A)] DO LAR
00825;PF;92571905791;850405;;SAMUEL KLITZKE **;SAMUEL KLITZKE **;;RODOVIA TN6/GB.1/LT.355;;ZONA RURAL;0613;RO;Brasil;78954000;OBSERVACAO ATUALIZAR CADASTRO. TRB.RURAL
00798;PF;08464081200;107544;;RAIMUNDO JOSE DE SOLZA **;RAIMUNDO JOSE DE SOLZA **;;RODOVIA 31/KM.28/GB.12-F/LT.59;;ZONA RURAL;0613;RO;Brasil;78954000;OBSERVACAO ATUALIZAR CADASTRO. TRAB.RURAL
00767;PF;40932575234;463373;;RUTH PEREIRA FERREIRA **;RUTH PEREIRA FERREIRA **;;RODOVIA 22/KM.24/GB.8-B/LT.19;;ZONA RURAL;0613;RO;Brasil;78954000;OBS: ATUALIZAR CADASTRO PROFESSORA
00770;PF;64383628249;603697;;RAQUEL ROSA DE ALCANTARA KRAUZE;RAQUEL ROSA DE ALCANTARA KRAUZE;092714229;RUA VO LUIZA;CASA;SETOR 06;0613;RO;Brasil;76928000;
00781;PF;63381753215;000496483;;RENILDA BENFICA **;RENILDA BENFICA **;;RUA BELMIRO ARAUJO;;CENTRO;0613;RO;Brasil;76928000;OBS: ATUALIZAR CADATRO
00772;PF;90477804268;946750;;RAQUEL FERREIRA DA VEIGA **;RAQUEL FERREIRA DA VEIGA **;;RODOVIA 37/KM.28/GB.12-E/LT.38;;ZONA RURAL;0613;RO;Brasil;78954000;
00753;PF;65446712234;754910;;PEDRO VIZINTINI SOARES;PEDRO VIZINTINI SOARES;981051848;RODOVIA 37/KM.32/GB.12-F/LT.12;;ZONA RURAL;0613;RO;Brasil;76928000;OBS: ATUALIZAR CADASTRO TRAB.RURAL
00763;PF;70360243215;0000000000000000000;;RAULENI DONIZETE CUSTODIO;RAULENI DONIZETE CUSTODIO;;RUA ALAIDE ALCANTARA;;CENTRO;0613;RO;Brasil;78954000;OBS: ATUALIZAR CADASTRO DO LAR
00774;PF;96023627234;001036621;;RAQUEL RUFINO LOPES **;RAQUEL RUFINO LOPES **;0992828746;RUA CURITIBA;;CENTRO;0613;RO;Brasil;78954000;OBS: ATUALIZAR CADASTRO
00776;PF;32612940600;55555555;;RAUL CELESTINO **;RAUL CELESTINO **;992392657;RODOVIA TN14 GB01 LT165;;ZONA RURAL;0613;RO;Brasil;78954000;OBSERVACAO ATUALIZAR CADASTRO.
00757;PF;87036894687;567757;;PAULO MACHADO;PAULO MACHADO;;LINHA LH 31 KM 20 LT 09C GL 8 D;;ZONA RURAL;0613;RO;Brasil;76928000;OBS: ATUALIZAR CADATRO LAVRADOR
00787;PF;32660294291;435806;;RONALDO ALVES FERREIRA;RONALDO ALVES FERREIRA;69993068455;RUA VO ALUIZA;;CENTRO;0613;RO;Brasil;78954000;
00759;PF;39058182215;395472;;RENILDA DE SOUZA SANTOS;RENILDA DE SOUZA SANTOS;69992931072;RODOVIA 31/KM.20/LT.32/GB.12 - C;;ZONA RURAL;0613;RO;Brasil;76928000;
00769;PF;59561025272;568613;;RITA DE CASSIA SILVA **;RITA DE CASSIA SILVA **;081669985;RUA NOVA ESPERANCA;;CENTRO;0613;RO;Brasil;78954000;
00779;PF;58941886287;000570017;;REGINALDO ALVES DE AMORIM;REGINALDO ALVES DE AMORIM;081592513;LINHA 20 KM 37 GB.12-C LT.38;;ZONA RURAL;0613;RO;Brasil;78954000;OBS: ATUALIZAR CADASTRO
00783;PF;67702350210;1537055;;ROGELIO TEIXEIRA;ROGELIO TEIXEIRA;6992476166;RODOVIA LH 31 KM 12 GLEBA 08A LOTE 28;;ZONA RURAL;0613;RO;Brasil;76928000;OBS: ATUALIZAR CADASTRO TRAB RURAL
00771;PF;75785013215;604258;;REGIANA NETO NAPOLIAO FERREIRA;REGIANA NETO NAPOLIAO;093127270;RODOVIA 31/KM.24/GB.12-E/LT.20;;ZONA RURAL;0613;RO;Brasil;78954000;OBSERVACAO ATUALIZAR CADASTRO. LAVRADORA
00765;PF;01391457102;15587797;;REINILDO PINTO FIGUEIRA;REINILDO PINTO FIGUEIRA;093104698;RIO BRANCO;;JARDIM DOS MIGRANTES;6547;RO;Brasil;78954000;[CIVIL=SOLTEIRO(A)] TRB.RURAL
00785;;;610409;;RONALDO DA SILVA FREIRE;RONALDO DA SILVA FREIRE;;RODOVIA 09/KM.24/GB.04-D/LT.21,22;;ZONA RURAL;0613;RO;Brasil;78954000;OBSERVACAO ATUALIZAR CADASTRO. PECUARIO
00778;PF;87588676787;754754;;RUI ALVES SOUZA;RUI ALVES SOUZA;092150658;RODOVIA 20/GB.08-C/LT.32;;ZONA RURAL;0613;RO;Brasil;78954000;OBSERVACAO ATUALIZAR CADASTRO. AGRICULTOR
00762;PF;13986635220;159756;;JURACY FRANCISCO DA SILVA;JURACY FRANCISCO DA SILVA;;RODOVIA 22/KM.20/GB.4-D/LT.5;;ZONA RURAL;0613;RO;Brasil;78954000;OBS: ATUALIZAR CADASTRO FUNC. PUBLICA
00764;;;;;RAULINO APARECIDO CUSTODIO **;RAULINO APARECIDO CUSTODIO **;;;;CENTRO;0001;RO;Brasil;78960000;OBSERVACAO ATUALIZAR CADASTRO. VIGILANTE
00786;;;;;ROMILDO MENDES DE CASTRO **;ROMILDO MENDES DE CASTRO **;;;;BAIRRO DAS ROSAS;0001;RO;Brasil;78960000;OBSERVACAO ATUALIZAR CADASTRO.
00780;;780;;;RUTT MARIA DE OLIVEIRA DOS SANTOS **;RUTT MARIA DE OLIVEIRA DOS SANTOS **;;RUA BELMIRO ARAUJO;;CENTRO;0613;RO;Brasil;78954000;[CIVIL=CASADO(A)] [OBS=CANCELADO POR MOTIVO DE ATRASO] DOMESTICA
00754;PF;82400890200;758137;;PAULO DE SOUZA PESSOA **;PAULO DE SOUZA PESSOA **;;RODOVIA 31/KM.16/GB.8-C/LT.7;;ZONA RURAL;0613;RO;Brasil;78954000;ATUALIZAR CADASTRO LAVRADOR
00784;PF;78096790153;445137;;ROMILDA CARNEIRO RIBEIRO;ROMILDA CARNEIRO RIBEIRO;;RODOVIA 22 KM20 LT 17 GB08D;;CENTRO;0613;RO;Brasil;76928000;OBSERVACAO ATUALIZAR CADASTRO. DO LAR
00756;PF;38700794287;;;PAULO FRANCISCO DE ARAUJO **;PAULO FRANCISCO DE ARAUJO **;092311307;RODOVIA 37/KM.24/GB.12-E/LT.16;;ZONA RURAL;0613;RO;Brasil;78954000;[CIVIL=SOLTEIRO(A)] [OBS=CONTA ADVOGADA - CANCELAR FICHA APOS PAGAMENTO]
00766;PF;81247133249;820510;;REGINALDO DE ARAUJO CUSTODIO;REGINALDO DE ARAUJO CUSTODIO;;RODOVIA /KM.16/GB.8-B/LT.25;;ZONA RURAL;0613;RO;Brasil;78954000;[CIVIL=SOLTEIRO(A)] [OBS=CANCELAR A FIXA QUANDO TERMINAR DE PAGAR/ATRASO/]
00777;;777;;;RUTE DUARTE O.ALVES **;RUTE DUARTE O.ALVES **;;RUA TANCREDO NEVES;;CENTRO;0613;RO;Brasil;78954000;[CIVIL=CASADO(A)]
00758;PF;69464979291;759100;;RUTE SOARES RODRIGUES **;RUTE SOARES RODRIGUES **;;RODOVIA TN6/GB.1/LT.404;;ZONA RURAL;0613;RO;Brasil;78954000;[CIVIL=SOLTEIRO(A)] [OBS=PEDIU P/ DEIXAR OBS. POIS FOI EMBORA E QUANDO VOLTAR REATIVA] OBSERVACAO ATUALIZAR CADASTRO. DO LAR
00768;;;480732;;RITA DE CASSIA DOMINGUES **;RITA DE CASSIA DOMINGUES **;;;;BAIRRO DAS ROSAS;0001;RO;Brasil;78960000;OBSERVACAO ATUALIZAR CADASTRO. FUNCIONARIA PUBLICA
00760;;;;;RITA BERNADO DE ARAUJO **;RITA BERNADO DE ARAUJO **;;RUA MORA COM ZENAIDE;;CENTRO;0613;RO;Brasil;78954000;OBSERVACAO ATUALIZAR CADASTRO.
00773;;773;;;RAQUEL MIRANDA DE FREITAS **;RAQUEL MIRANDA DE FREITAS **;;RODOVIA 15;;ZONA RURAL;0613;RO;Brasil;78954000;[CIVIL=CASADO(A)] [OBS=MOTIVO DE ATRASO]
00755;PF;34838619200;456563;;PAULINA ALVES RODRIGUES;PAULINA ALVES RODRIGUES;;RODOVIA 37/KM.24;;ZONA RURAL;0613;RO;Brasil;78954000;[CIVIL=CASADO(A)] [OBS=(FUNDIARIA GESO TOSTA)] TRB.RURAL
00775;PF;19165323220;;;REINALDO OLIVEIRA ALGUSTO **;REINALDO OLIVEIRA ALGUSTO **;;RODOVIA 22/KM.20/GB.08-C/LT.20;;ZONA RURAL;0613;RO;Brasil;78954000;OBSERVACAO ATUALIZAR CADASTRO. LAVRADOR
00750;PF;10315502240;77772;;PEDRINA MARIA RAMOS;PEDRINA MARIA RAMOS;;LINHA 20 KM 31 GLEBA 8C LOTE 30;;ZONA RURAL;0613;RO;Brasil;76928000;OBS: ATUALIZAR CADASTRO
00726;PF;31688179291;362414;;OSMAR VITOR **;OSMAR VITOR **;;LINHA 31 KM 20 LOTE 34 R GL 8 C;;ZONA RURAL;0613;RO;Brasil;78954000;OBSERVACAO ATUALIZAR CADASTRO. MOTORISTA
00749;PF;10288635272;137663;;PEDRO SERGIO GERONIMO **;PEDRO SERGIO GERONIMO **;;RUA JOSE MARTINS;;CENTRO;0613;RO;Brasil;76928000;OBS: ATUALIZAR CADSATRO AGRICULTOR
00729;PF;77695399272;000499030;;OSMAR ROSA DA COSTA **;OSMAR ROSA DA COSTA **;092215685;RODOVIA TN 14 LT202;;ZONA RURAL;9653;RO;Brasil;76920000;CANCELADO MOTIVO DE ATRASO. NASMARON
00730;;;;;OSCAR DA SILVA RAMOS **;OSCAR DA SILVA RAMOS **;;RODOVIA RUA DANIEL HERINGER;;CENTRO;0613;RO;Brasil;76928000;OBSERVACAO ATUALIZAR CADASTRO.
00736;PF;39064751234;758655;;PAULO FARIAS MOREIRA **;PAULO FARIAS MOREIRA **;;RODOVIA 31/KM.28/GB.12-F/LT.37;;ZONA RURAL;0613;RO;Brasil;78954000;OBS: ATUALIZAR CADASTRO TRAB.RURAL
00752;;;;;PAULO RABELO DOS SANTOS **;PAULO RABELO DOS SANTOS **;;RODOVIA LINHA 12 KM 31 LOTE 16 GLEBA 8B;;ZONA RURAL;0613;RO;Brasil;76928000;OBS: ATUALIZAR CADASTRO
00720;PF;63898101215;000480723;;ODENEIVA GODINHO MACHADO;ODENEIVA GODINHO **;092731908;LUIZ BORGES;;CENTRO;0613;RO;Brasil;76928000;OBS: ATUALIZAR CADASTRO FUNCIONARIA PUBLICA
00745;PF;75565188253;785436;;PATRICIA DA LUZ RODRIGUES **;PATRICIA DA LUZ RODRIGUES **;;AVENIDA AFONSO PENA-N;;ZONA RURAL;0613;RO;Brasil;78954000;OBSERVACAO ATUALIZAR CADASTRO.
00741;;;;;POLIANE SANTOS SOBRINHO **;POLIANE SANTOS SOBRINHO **;;RUA DUQUE DE CAXIAS-N;;CENTRO;0613;RO;Brasil;78954000;OBSERVACAO ATUALIZAR CADASTRO.
00734;PF;77099311204;806525;;POLIANE LOPES PATRICIA **;POLIANE LOPES PATRICIA **;;AVENIDA AFONSO PENA-N;;CENTRO;0613;RO;Brasil;78954000;OBSERVACAO ATUALIZAR CADASTRO. DO LAR
00740;PF;63279924200;606015;;PAULO MOREIRA DA SILVA;PAULO MOREIRA DA SILVA;092458146;RODOVIA LT 566 GB01;;ZONA RURAL;9653;RO;Brasil;76929000;OBSERVACAO ATUALIZAR CADASTRO.
00751;PF;77208145253;916248;;PAULO BISPO PEREIRA;PAULO BISPO PEREIRA;084315325;RODOVIA TN10/GB.1/LT.416;;ZONA RURAL;0613;RO;Brasil;76929000;OBSERVACAO ATUALIZAR CADASTRO.
00722;PF;66545285220;731292;;ODAIR JOSE DA SILVA;ODAIR JOSE DA SILVA;081438266;RODOVIA 37/KM.28/GB.12-F/LT.13;;ZONA RURAL;0613;RO;Brasil;76928000;[CIVIL=CASADO(A)] [OBS=ATRASO] LAVRADOR
00718;PF;79619843215;;;ONISIA DA SILVA GOMES;ONISIA DA SILVA GOMES;6981283345;RODOVIA LINHA 37 KM 24 LOTE 34 GLEBA 12D;;ZONA RURAL;0613;RO;Brasil;76928000;OBS: ATUALIZAR CADASTRO
00738;PF;83063439215;;;PEDRO RAMOS DA CRUZ **;PEDRO RAMOS DA CRUZ **;084363300;RODOVIA 31/KM.32/GB. /LT.;;ZONA RURAL;0613;RO;Brasil;78954000;[CIVIL=SOLTEIRO(A)] VAQUEIRO
00739;PF;48631604291;499704;;PAULO CARLOS;PAULO CARLOS;;RODOVIA 31/KM.28/GB.8-E/LT.34;;ZONA RURAL;0613;RO;Brasil;78954000;OBSERVACAO ATUALIZAR CADASTRO. TRB.RURAL
00742;;;;;PAULO SERGIO OLIVEIRA **;PAULO SERGIO OLIVEIRA **;;JASMO DE CASTRO;;CENTRO;0613;RO;Brasil;76928000;OBSERVACAO ATUALIZAR CADASTRO.
00743;PF;00000000000;;;POLIANE RODRIGUES DA ROCHA;POLIANE RODRIGUES DA ROCHA;;DAS PALMEIRAS;;ZONA RURAL;0613;RO;Brasil;78954000;[CIVIL=SOLTEIRO(A)] [OBS=A FICHA TA NO ARQUIVO SE A MESMA PRECISAR PODE REATIVAR ] OBSERVACAO ATUALIZAR CADASTRO. ESTUDANTE
00724;;;;;ORLANDO DIVINO BARBOSA **;ORLANDO DIVINO BARBOSA **;;RODOVIA 31/KM.16/GB.8-B/LT.34;;ZONA RURAL;0613;RO;Brasil;78954000;OBSERVACAO ATUALIZAR CADASTRO.
00746;PF;28610849287;;;PAULO RAMOS BARBOSA **;PAULO RAMOS BARBOSA **;;RODOVIA 31/KM.16/;;ZONA RURAL;0613;RO;Brasil;78954000;[CIVIL=SOLTEIRO(A)] [OBS=ADVOGADA] TRB.RURAL
00727;PF;37061429968;2182697;;OSIAS TEIXEIRA **;OSIAS TEIXEIRA **;;RODOVIA 22/KM.24/GB.8-D/LT.19;;ZONA RURAL;0613;RO;Brasil;78954000;[CIVIL=CASADO(A)] LAVRADOR
00737;PF;58839860215;553483;;PEDRO GOMES DOS SANTOS **;PEDRO GOMES DOS SANTOS **;;RODOVIA TN6/GB.1/LT.481;;ZONA RURAL;0613;RO;Brasil;78954000;OBSERVACAO ATUALIZAR CADASTRO. LAVRADOR
00748;PF;67018750253;406268;;PAULO SERGIO BANDEIRA PEREIRA **;PAULO SERGIO BANDEIRA PEREIRA **;092645958;RODOVIA 37/KM.16/GB.12-B/LT.27;;ZONA RURAL;0613;RO;Brasil;78954000;OBSERVACAO ATUALIZAR CADASTRO. TRAB.RURAL
00719;PF;28384717249;434527;;OLINDA NEIVA DE SOUZA;OLINDA NEIVA DE SOUZA;;RODOVIA 37/KM.32/GB.12-F/LT.20;;ZONA RURAL;0613;RO;Brasil;78954000;PEDIU P/ CANCELAR MOTIVO PQ FOI COBRANCA PARA ELA. TRAB.RURAL
00732;;732;;;OSMAR FAUSTINO FERREIRA **;OSMAR FAUSTINO FERREIRA **;;;;BAIRRO DAS ROSAS;0001;RO;Brasil;78960000;[CIVIL=SOLTEIRO(A)]
00735;;;;;PAULO CEZAR DE SOUZA FARIAS **;PAULO CEZAR DE SOUZA FARIAS **;;;;BAIRRO DAS ROSAS;0001;RO;Brasil;78960000;OBSERVACAO ATUALIZAR CADASTRO.
00728;PF;67230830249;662205;;ESEIAS GONCALVES DE BRITO;ESEIAS GONCALVES DE BRITO;;;;CENTRO;0001;RO;Brasil;78960000;[CIVIL=CASADO(A)]
00721;PF;76742776234;27759604;;OZENI ROSA DA IRINDADE **;OZENI ROSA DA IRINDADE **;;RODOVIA 22/KM.24/GB.8-D/LT.26;;ZONA RURAL;0613;RO;Brasil;78954000;OBSERVACAO ATUALIZAR CADASTRO. DO LAR
00723;;;567712;;ODAIR JOSE DOS SANTOS **;ODAIR JOSE DOS SANTOS **;;RODOVIA 31/KM.16/GB.8-C/LT.8;;ZONA RURAL;0613;RO;Brasil;78954000;OBSERVACAO ATUALIZAR CADASTRO. AGRICULTOR
00733;;;;;OSVALDO MARINHO DOS SANTOS **;OSVALDO MARINHO DOS SANTOS **;;RODOVIA 31/KM.12/GB.12-A/LT.17;;ZONA RURAL;0613;RO;Brasil;78954000;OBSERVACAO ATUALIZAR CADASTRO.
00744;;744;;;PEDRO LUIZ LIMA CAMPOS **;PEDRO LUIZ LIMA CAMPOS **;;RODOVIA 31/KM.24/GB.12-D/LT.24;;ZONA RURAL;0613;RO;Brasil;78954000;[CIVIL=SOLTEIRO(A)] LAVRADOR
00747;PF;67882099287;757994;;PEDRO OLIVEIRA **;PEDRO OLIVEIRA **;;RODOVIA 22/KM.16/GB.8-B/LT.31;;ZONA RURAL;0613;RO;Brasil;78954000;OBSERVACAO ATUALIZAR CADASTRO.
00713;PF;68957491287;973220;;ODAIR JOSE ORTEGA **;ODAIR JOSE ORTEGA **;;LINHA TN10/GB1/LT.384;;ZONA RURAL;0613;RO;Brasil;78954000;OBSERVACAO ATUALIZAR CADASTRO.
00703;PF;67483828234;495384;;NILDA MARIA;NILDA MARIA;;LINHA 24 KM 22 GL 04E LOTE 04;;ZONA RURAL;0613;RO;Brasil;76928000;OBS: ATUALIZAR CADASTRO DO LAR
00714;PF;03699706249;104045;;OLIVIA SILVA CARLETO;OLIVIA SILVA CARLETO;992103399;RODOVIA LH 20 KM 31LT 20 GL 12D;;CENTRO;0613;RO;Brasil;76928000;OBSERVACAO ATUALIZAR CADASTRO.
00705;PF;94545340253;631919;;NILZA LOPES DA SILVA DUARTE;NILZA LOPES DA SILVA DUARTE;6992134773;LINHA 31 KM 16 LOTE 36 GLEBA 8B;;ZONA RURAL;0613;RO;Brasil;76928000;OBS: ATUALIZAR CADASTRO DO LAR
00696;PF;47026022253;0000000000;;NILSON HELOY FERREIRA **;NILSON HELOY FERREIRA **;;RODOVIA 28/GB.12-F/LT.45;;ZONA RURAL;0613;RO;Brasil;78954000;OBS: ATUALIZAR CADASTRO
00707;PF;63227479249;603690;;OLGA SERZOSKI;OLGA SERZOSKI;;RUA VO LUIZA-N;;CENTRO;0613;RO;Brasil;78954000;OBS:ATUALIZAR CADASTRO
00688;PF;64826791291;604252;;NEUZA MADEIRO NETO DE OLIVEIRA **;NEUZA MADEIRO NETO DE OLIVEIRA **;;LINHA 20 KM 22 LOTE 27 GLEBA 4C;;ZONA RURAL;0613;RO;Brasil;76928000;REPARCELAMENTO TRAB.RURAL
00717;PF;01234567890;13661;;ORLANDO JORGE DA SILVA;ORLANDO JORGE DA SILVA **;6981108166;RODOVIA 37/KM.28/;;ZONA RURAL;0613;RO;Brasil;78954000;OBS: ATUALIZAR CADASTRO
00715;;;;;OCENI CANDIDO DA SILVA;OCENI CANDIDO DA SILVA;;RODOVIA RUA NOVA ESPERANCA;;CENTRO;0613;RO;Brasil;76928000;OBSERVACAO ATUALIZAR CADASTRO. SERVISSOS GERAIS
00693;PF;63184460282;604260;;NILZA MARIA BENFICA;NILZA MARIA BENFICA;092438815;RUA VO LUIZA N;;CENTRO;0613;RO;Brasil;78954000;OBS: ATUALIZAR CADASTRO AUXILIAR DE LABORATORIO
00706;PF;78135982291;16522909;;ODENIZE GOLDINHO MACHADO;ODENIZE GOLDINHO MACHADO;092743214;RODOVIA RUA CEARA;;CENTRO;9653;RO;Brasil;76920000;SERVENTE DE LIMPEZA NO TRIBUNAL DE JUSTISA DE OURO PRETO
00716;PF;82559384272;849958;;OTACILIO ARAUJO SANTOS NETO;OTACILIO ARAUJO SANTOS NETO;092247254;RODOVIA 31/KM.20/GB.12-C/LT.31;;ZONA RURAL;0613;RO;Brasil;78954000;OBS: ATUALIZAR CADASTRO TRB.RURAL
00699;PF;27186750206;270070;;NILSON FLORINDO BENEDITO;NILSON FLORINDO BENEDITO;6992411078;RODOVIA LH 31/KM.24/GB.08-D/LT.26;;ZONA RURAL;0613;RO;Brasil;76928000;CANCELADO MOTIVO DE ATRASO. COBRANCA NASMARON LAVRADOR
00694;;694;;;NILVA OLIVEIRA SOUZA;NILVA OLIVEIRA SOUZA;092325947;;;BAIRRO DAS ROSAS;0001;RO;Brasil;78960000;[CIVIL=CASADO(A)]
00686;PF;62733117220;66058;;NADIR PEREIRA FAGUNDES **;NADIR PEREIRA FAGUNDES **;;RODOVIA 31/KM.16/GB8B LT36;;ZONA RURAL;0613;RO;Brasil;76928000;OBSERVACAO ATUALIZAR CADASTRO.
00704;PF;38665620206;506962;;NIVALDO NASCIMENTO BARBOSA **;NIVALDO NASCIMENTO BARBOSA **;;RODOVIA TN10/GB.01/LT.294;;ZONA RURAL;9653;RO;Brasil;78955000;OBSERVACAO ATUALIZAR CADASTRO. LAVRADOR
00711;PF;27249760297;165973;;OZEIAS TEIXEIRA;OZEIAS TEIXEIRA;092839504;RODOVIA 31/KM.20/GB.12-C/LT.25;;ZONA RURAL;0613;RO;Brasil;76928000;OBS: ATUALIZAR CADASTRO AGRICULTOR
00700;PF;47663235991;14799278;;NILSON VITAL DE ARAUJO **;NILSON VITAL DE ARAUJO **;;RODOVIA 31/KM.24/GB.12-E/LT.16;;ZONA RURAL;0613;RO;Brasil;78954000;[CIVIL=CASADO(A)] LAVRADOR
00691;PF;38656000268;398550;;NILSON GALDINO MENDES **;NILSON GALDINO MENDES **;;RODOVIA 31/KM.22/GB.08-C/LT.14;;ZONA RURAL;0613;RO;Brasil;78954000;[CIVIL=CASADO(A)] VIGIA
00702;;;;;NILSON DE OLIVEIRA SOARES;NILSON DE OLIVEIRA SOARES;092520714;RODOVIA LH 31 KM 28 GB12E LT32;;ZONA RURAL;0613;RO;Brasil;76928000;OBS: ATUALIZAR CADASTRO
00692;PF;48619744291;502831;;NILSON FERREIRA;NILSON FERREIRA;081430107;RODOVIA 37/KM.28/GB.12-F/LT.29;;ZONA RURAL;0613;RO;Brasil;78954000;[CIVIL=CASADO(A)] LAVRADOR
00685;PF;70359504272;604207;;NELI DE FREITAS CAMPOS **;NELI DE FREITAS CAMPOS **;092309394;RODOVIA 1 KM20 LT16 GB12D;;ZONA RURAL;0613;RO;Brasil;78954000;OBS: ATUALIZAR CADASTRO TRAB.RURAL
00695;PF;59940921268;601982;;NILDO DE OLIVEIRA SOARES **;NILDO DE OLIVEIRA SOARES **;092354432;RODOVIA 28/KM.31/GB.12-F/LT.57;;ZONA RURAL;0613;RO;Brasil;78954000;OBSERVACAO ATUALIZAR CADASTRO. TRAB.RURAL
00689;;;;;NELITO ALVES TEIXEIRA **;NELITO ALVES TEIXEIRA **;092457407;RODOVIA 24/ GB.12-E/ LT. 37;;ZONA RURAL;0613;RO;Brasil;78954000;ATUALIZAR CADASTRO TRAB.RURAL
00712;;712;;;OMERINDA TEIXEIRA;OMERINDA TEIXEIRA;;;;BAIRRO DAS ROSAS;0001;RO;Brasil;78960000;[CIVIL=SOLTEIRO(A)]
00710;PF;79357695249;820272;;ODETE DOS SANTOS SCHULZ **;ODETE DOS SANTOS SCHULZ **;;RODOVIA 9/KM.28/GB.4-E/LT.15-A;;ZONA RURAL;0613;RO;Brasil;78954000;OBSERVACAO ATUALIZAR CADASTRO. TRB.RURAL
00690;;;;;NIVALDO RODRIGUES ROCHA;NIVALDO RODRIGUES ROCHA;00;RODOVIA 31/KM.28;;ZONA RURAL;0613;RO;Brasil;76928000;OBSERVACAO ATUALIZAR CADASTRO. TRAB.RURAL
00687;PF;52715086768;311652;;NADIR TEIXEIRA COSTA **;NADIR TEIXEIRA COSTA **;;RUA LUIZ BORGES;;ZONA RURAL;0613;RO;Brasil;78954000;OBSERVACAO ATUALIZAR CADASTRO. DO LAR
00697;;;;;NILZA ALCANTARA DE OLIVEIRA **;NILZA ALCANTARA DE OLIVEIRA **;092932501;RODOVIA 28;;ZONA RURAL;0613;RO;Brasil;78954000;OBSERVACAO ATUALIZAR CADASTRO.
00698;PF;81130210278;363008;;NILSON TEIXEIRA BATISTA **;NILSON TEIXEIRA BATISTA **;;RODOVIA 22/KM.16/GB.08-C/LT.18;;ZONA RURAL;0613;RO;Brasil;78954000;[CIVIL=SOLTEIRO(A)] [OBS=CONTA ADVOGADA - CANCELAR APOS PAGAMENTO] LAVRADOR
00709;;;;;ONOFRE OLIVEIRA **;ONOFRE OLIVEIRA **;;RODOVIA 20;;ZONA RURAL;0613;RO;Brasil;78954000;[CIVIL=CASADO(A)] OBS: MOTIVO FALECIMENTO
00708;PF;50243144687;;;OVADINO CASSEMIRO SOUZA **;OVADINO CASSEMIRO SOUZA **;092184558;RODOVIA TN2/GB.1/LT.587;;ZONA RURAL;9653;RO;Brasil;76929000;OBSERVACAO ATUALIZAR CADASTRO.
00701;;;3105990;;NIVALDA AZEVEDO DOS SANTOS **;NIVALDA AZEVEDO DOS SANTOS **;;RODOVIA 16/KM.37/GB.8-C/LT.14;;ZONA RURAL;0613;RO;Brasil;78954000;OBSERVACAO ATUALIZAR CADASTRO. DO LAR
00675;PF;45677891215;492973;;NEUZI DE SOUZA;NEUZI DE SOUZA;;RUA DAS PALMEIRAS;;CENTRO;0613;RO;Brasil;76928000;
00678;PF;42214530282;476025;;NEUZELENA MALFER;NEUZELENA MALFER;;LH 31 KM.16 GB.12-B LT.19;;ZONA RURAL;0613;RO;Brasil;78954000;LIMITE REDUZIDO PARA 500,00
03342;PF;00924438266;1124700;;LEANDRO PIRES DE LIMA;LEANDRO PIRES DE LIMA;;RUA ALAIDES ALCANTARA;;CENTRO;0613;RO;Brasil;78954000;LIMITE DE R$500,00
00654;PF;80982336268;969285;;ANA PAULA MATTOS LEITE;ANA PAULA MATTOS LEITE;;RUA EVANILDES RODRIGUES;CASA;PARK AMAZONAS;6552;RO;Brasil;76920000;
00660;PF;33802220110;257357;;MARIA ROSILDA RODRIGUES;MARIA ROSILDA RODRIGUES;;AVENIDA AFONSO PENA;;CENTRO;0613;RO;Brasil;76928000;
00671;PF;06817165253;181467;;NELSON MACIEL SOARES;NELSON MACIEL SOARES;;RUA DO CONTORNO;DO LADO DA IGREJA;ZONA URBANA;0613;RO;Brasil;76928000;OBSERVACAO ATUALIZAR CADASTRO. LAVRADOR
00672;PF;68610122204;000649310;;NEUZA SANTANA PAZ;NEUZA SANTANA PAZ;;RUA VO LUIZA;;CENTRO;0613;RO;Brasil;76928000;CLIENTE COM LIMITE DE COMPRA 500,00 .
00684;PF;61286125200;6100557;;NEUZA MARIA DA SILVA **;NEUZA MARIA DA SILVA **;;AV SANTINHA MONTOVANI;CASA;ZONA RURAL;0613;RO;Brasil;76928000;
00657;PF;45678073249;433664;;MARIA DA PENHA VARGAS;MARIA DA PENHA VARGAS;;RUA LEONEL STOF;;CENTRO;0613;RO;Brasil;76928000;OBS: ATUALIZAR CADASTRO
00677;PF;40633713104;347574;;NOEME CLEMENTINO DE AMORIM SILVA;NOEME CLEMENTINO DE AMORIM **;6992929915;RODOVIA NOVA ESPERANCA ESQUINA C/ ALMIER;;ZONA RURAL;0613;RO;Brasil;76928000;OBS: ATUALIZAR CADASTRO PROFESSORA
00676;PF;28623304268;283644;;NELCI ALVES SOTELI **;NELCI ALVES SOTELI **;092230574;RODOVIA MENEZES FILHO;;CENTRO;6547;RO;Brasil;78960000;OBS: ATUALIZAR CADASTRO PROFESSORA
00666;PF;09060995287;103937;;MARIA MARGARIDA BORGES;MARIA MARGARIDA BORGES;034651015;GENIVALDO DE SOUZA N;;CENTRO;0613;RO;Brasil;76928000;OBS: ATUALIZAR CADASTRO FUNC. PUBLICA
00661;PF;60945095287;448075;;MARIA HELENA CAIRES FLORINDO **;MARIA HELENA CAIRES FLORINDO **;092181070;RODOVIA 24 KM 31 GB 08 D LT 26;;ZONA RURAL;0613;RO;Brasil;76928000;OBSERVACAO ATUALIZAR CADASTRO AGENTE DE SAUDE
00656;PF;67293638272;707242;;MARIA DA PENHA ROSA / LH TN6;MARIA DA PENHA ROSA **//LH TN6;093234493;RODOVIA TN6/GB.BOM JESUS/LT.351;;ZONA RURAL;0613;RO;Brasil;78954000;ATUALIZAR CADASTRO TRAB.RURAL
00670;;;;;NEIDIANE MENEZES **;NEIDIANE MENEZES **;092746676;;;BAIRRO DAS ROSAS;0001;RO;Brasil;78960000;OBS: ATUALIZAR CADASTRO
00652;PF;66274141200;672369;;MARIA TEREZINHA DE JESUS DA SILVA;MARIA TEREZINHA DE JESUS DA SILVA;;LUIZ BORGES;;CENTRO;0613;RO;Brasil;76928000;[CIVIL=CASADO(A)]
00663;PF;75909820249;759365;;MARIA PAULA DE OLIVEIRA;MARIA PAULA DE OLIVEIRA;6981408109;RODOVIA LH 31 KM 24 LT 10 GB 8 E;;ZONA RURAL;0613;RO;Brasil;76928000;LAVRADORA
00664;PF;39046990249;434047;;MARIA MENDES DE ARAUJO **;MARIA MENDES DE ARAUJO **;;RODOVIA 31/KM.16/GB.8-C/LT.9;;ZONA RURAL;0613;RO;Brasil;78954000;OBSERVACAO ATUALIZAR CADASTRO TRB.RURAL
00662;PF;28623983220;;;MARIA TAVARES LOPES **;MARIA TAVARES LOPES **;099383801;;;ZONA RURAL;0001;RO;Brasil;78960000;OBSERVACAO ATUALIZAR CADASTRO
00655;;;;;MARIA DAS GRACAS SOUTO AGUIAR;MARIA DAS GRACAS SOUTO AGUIAR;;;;BAIRRO DAS ROSAS;0001;RO;Brasil;78960000;OBSERVACAO ATUALIZAR CADASTRO
00667;;;;;MARIA JOSE FREITAS CAIRES **;MARIA JOSE FREITAS CAIRES **;;;;CENTRO;0001;RO;Brasil;78960000;OBS: ATUALIZAR CADASTRO DO LAR
00680;;;;;NATALINA SILVA SOUZA **;NATALINA SILVA SOUZA **;;RODOVIA 31/KM.20/FAZENDA DANTA;;ZONA RURAL;0613;RO;Brasil;78954000;OBSERVACAO ATUALIZAR CADASTRO.
00665;PF;76063097287;;;MARIA DA PENHA DOS SANTOS **;MARIA DA PENHA DOS SANTOS **;;LUIZ BORGES;;CENTRO;0613;RO;Brasil;76928000;[CIVIL=CASADO(A)] [OBS=ATRASO]
00659;PF;73087386200;;;MARIA DAS GRACAS MENDES;MARIA DAS GRACAS MENDES;;RODOVIA 37/KM.32/GB.12-C/LT.30;;ZONA RURAL;0613;RO;Brasil;78954000;OBSERVACAO ATUALIZAR CADASTRO TRAB.RURAL
00669;PF;61704539234;681531;;NATANAEL DE OLIVEIRA **;NATANAEL DE OLIVEIRA **;;RUA VO LUIZA;;CENTRO;0613;RO;Brasil;78954000;OBSERVACAO ATUALIZAR CADASTRO. SERVI_O GERAL
00673;PF;47871091204;;;NAIR FREDERICO ROSA;NAIR FREDERICO ROSA;;RODOVIA TN6/GB.1/LT.459;;ZONA RURAL;9653;RO;Brasil;78955000;[CIVIL=SOLTEIRO(A)]
00668;;;;;NATANAEL VIDAL DOS SANTOS **;NATANAEL VIDAL DOS SANTOS **;;;;BAIRRO DAS ROSAS;0001;RO;Brasil;78960000;OBSERVACAO ATUALIZAR CADASTRO.
00653;;;;;MARIA HELENA TEIXEIRA DA SILVA **;MARIA HELENA TEIXEIRA DA SILVA **;;RODOVIA 31/KM.8/GB.12/(MIRANTE DA SERRA);;ZONA RURAL;6552;RO;Brasil;78954000;OBSERVACAO ATUALIZAR CADASTRO
00650;;;;;MARIA GOMES PEREIRA **;MARIA GOMES PEREIRA **;;RODOVIA 24;;ZONA RURAL;0613;RO;Brasil;78954000;OBSERVACAO ATUALIZAR CADASTRO
00681;;;774344;;NELBRA ALVES CARACOL **;NELBRA ALVES CARACOL **;;RUA SANTOS DUMONT.(CERAMICA;;CENTRO;0613;RO;Brasil;78954000;OBSERVACAO ATUALIZAR CADASTRO.
00682;;;;;NEUZENI GOMES ANTONIO **;NEUZENI GOMES ANTONIO **;;RODOVIA 31/KM.28/GB.12-E/LT.76;;ZONA RURAL;0613;RO;Brasil;78954000;OBSERVACAO ATUALIZAR CADASTRO.
00683;PF;70403767253;;;NEDINA FREITA DOS SANTOS MATOS **;NEDINA FREITA DOS SANTOS MATOS **;;RODOVIA 31/KM.12/GB.8-B/LT.3;;ZONA RURAL;0613;RO;Brasil;78954000;OBSERVACAO ATUALIZAR CADASTRO. DO LAR
00679;;;;;NAILDES ALVES DE SOUZA **;NAILDES ALVES DE SOUZA **;092552831;AVENIDA NOVA ESPERAN_A;;CENTRO;0613;RO;Brasil;78954000;
00633;PF;47026006215;433691;;MARIA IVA DA COSTA;MARIA IVA DA COSTA;093445658;LINHA 24 KM 22 GL 4 E LOTE 03;;ZONA RURAL;0001;RO;Brasil;78960000;NAO PASSAR ENQUANTO NAO QUITAR AS NOTAS EM ATRASO. OBS: ATUALIZAR CADASTRO DO LAR
00640;PF;23323396472;1684399;;MARIA SANTANA SOUZA BARROS **;MARIA SANTANA SOUZA BARROS **;;RUA LUIS BORGES;;CENTRO;0001;RO;Brasil;78960000;OBSERVACAO ATUALIZAR CADASTRO FUNC.PUBLICO
00630;PF;84734957215;1731960;;MARIA DA SILVA ALVES LACERDA;MARIA DA SILVA ALVES LACERDA;992059649;RODOVIA 31/KM.32/GB.12-G/LT.47;;ZONA RURAL;0613;RO;Brasil;78954000;
00622;PF;47026308220;433701;;MARIA FATIMA DE CASTRO;MARIA FATIMA DE CASTRO;092357504;AFONSO PENA;;CENTRO;0613;RO;Brasil;76928000;DEBITOS EM ATRASO!!!!
00643;PF;69030111291;0759069;;MARIA HELENA FARIAS DOS SANTOS **;MARIA HELENA FARIAS DOS SANTOS **;;RUA VO LUIZA;;CENTRO;0613;RO;Brasil;76928000;OBS: ATUALIZAR CADASTRO DO LAR
00616;PF;39057356287;376782;;MARIA DELFINO CEZAR;MARIA DELFINO CEZAR;;AVENIDA AFONSO PENA;;CENTRO;0613;RO;Brasil;76928000;OBS: ATUALIZAR CADASTRO VEREADORA
00626;PF;56696434291;56696434291;;MARIA LUCIA TELES DA SILVA COSTA **;MARIA LUCIA TELES DA SILVA COSTA **;;LH 31 KM28 LOTE 47 GB12F;CASA;ZONA RURAL;0613;RO;Brasil;76928000;
00627;PF;73420034253;000837407;;MARIA DO SOCORRO VITALINA GUERRA;MARIA DO SOCORRO VITALINA GUERRA;;LH 24 KM31 LOTE 34 GL8D;;ZONA RURAL;0613;RO;Brasil;76928000;ATUALIZAR CADASTRO.
00637;PF;99981351253;S/N;;MARIA SATURNINO FERREIRA RABELO;MARIA SATURNINO FERREIRA RABELO;6992159629;RODOVIA LINHA 31 KM 16 GLEBA 12D LOTE 23;;ZONA RURAL;0613;RO;Brasil;76928000;OBS: ATUALIZAR CADASTRO DO LAR
00647;PF;79681271220;818228;;MARIA NILZA DA SILVA FERREIRA **;MARIA NILZA DA SILVA FERREIRA **;;RODOVIA 9/KM.24/GB.4-E/LT.3;;ZONA RURAL;0613;RO;Brasil;78954000;
00618;PF;90597974420;4678369;;MARIA ELIZEI PEREIRA DE SOUZA;MARIA ELIZEI PEREIRA DE SOUZA OLIVEIRA;;RUA DAS PALMEIRAS;;CENTRO;0613;RO;Brasil;76928000;OBSERVACAO ATUALIZAR CADASTRO PROFESSORA
00619;PF;40927725215;000631915;;MARIA DUTRA DE MENEZES;MARIA DUTRA DE MENEZES;092354274;RUA ALMIRANTE BARROSO;;ZONA RURAL;0613;RO;Brasil;78954000;OBS: ATUALIZAR CADASTRO DO LAR
00628;PF;61020133287;305784;;MARIA SOARES ROSA **;MARIA SOARES ROSA **;092811643;RODOVIA LH 31/KM.20/GB12D/LT17;;ZONA RURAL;0613;RO;Brasil;76928000;OBS: ATUALIZAR CADASTRO LAVRADORA
00635;PF;56161298287;10627928;;MARIA IZABEL DE ASSIS CORDEIRO;MARIA IZABEL DE ASSIS CORDEIRO;;RODOVIA 31/KM.20/GB.8-D/LT.01;;ZONA RURAL;0613;RO;Brasil;76928000;OBS: ATUALIZAR CADASTRO LAVRADORA
00646;;;;;MARIA NEUZA MENDES DE CASTRO **;MARIA NEUZA MENDES DE CASTRO **;;RODOVIA LH20 KM 31 LT 21 GB 12D;;CENTRO;0613;RO;Brasil;76928000;OBS: ATUALIZAR CADASTRO LAVRADOR
00634;PF;66378389268;603687;;MARIA IEL DE ABREU CIQUEIRA;MARIA IEL DE ABREU CIQUEIRA;;TN10/GB.1/LT;;ZONA RURAL;0613;RO;Brasil;78954000;OBSERVACAO ATUALIZAR CADASTRO LAVRADORA
00639;PF;69252343253;631911;;MARIA SONIA QUEIROS;MARIA SONIA QUEIROS **;;MONTE CASTELO;;ZONA RURAL;0613;RO;Brasil;76928000;OBSERVACAO ATUALIZAR CADASTRO APOSENTADA
00629;PF;19164440249;137621;;MARIA DE LURDES DIAS MAZARIM;MARIA DE LURDES DIAS MAZARIM;092137290;RODOVIA TN.6/GB /LT.466;;ZONA RURAL;9653;RO;Brasil;78955000;OBS: ATUALIZAR CADASTRO
00624;PF;42231418215;;;MARIA ELIEUZA AMORIN CARDOSO;MARIA ELIEUZA AMORIN CARDOSO **;;RUA DANIEL HERINGER;;ZONA RURAL;0613;RO;Brasil;78954000;[CIVIL=CASADO(A)] AUXILIAR DE ENFERMAGEM
00636;PF;96666137272;;;MARIA SOARES MENDES **;MARIA SOARES MENDES **;;RODOVIA 31/KM12/GB.8-A/LT.35;;ZONA RURAL;0613;RO;Brasil;78954000;OBSERVACAO ATUALIZAR CADASTRO
00623;;;;;MARIA BARBOSA DA SILVA;MARIA BARBOSA DA SILVA;;RODOVIA 37/KM.24/GB.12-E/LT.8;;ZONA RURAL;0613;RO;Brasil;78954000;OBSERVACAO ATUALIZAR CADASTRO DO LAR
00632;;;;;MARIA DE LURDES PASSOS SALES **;MARIA DE LURDES PASSOS SALES **;;;;BAIRRO DAS ROSAS;0001;RO;Brasil;78960000;OBSERVACAO ATUALIZAR CADASTRO
00614;;;;;MARIA CONSOLACAO MAGNAGO;MARIA CONSOLACAO MAGNAGO;092790122;;;ZONA RURAL;0001;RO;Brasil;78960000;FALECIDA MANICURE
00617;;617;;;MARIA DE FATIMA PERINI GOMES;MARIA DE FATIMA PERINI GOMES;;;;BAIRRO DAS ROSAS;0001;RO;Brasil;78960000;[CIVIL=SOLTEIRO(A)]
00631;PF;23824883953;167943;;MARIA IONE ROSA **;MARIA IONE ROSA **;092460454;RODOVIA 22/KM.16/GB.8-B/LT.20;;ZONA RURAL;0613;RO;Brasil;78954000;OBSERVACAO ATUALIZAR CADASTRO TRB.RURAL
00641;PF;33600953915;059255475;;MARIA DE LOURDES FRANCENER;MARIA DE LOURDES FRANCENER;092546942;RODOVIA 32/KM.31/GB.12-F/LR.60;;ZONA RURAL;0613;RO;Brasil;78954000;OBSERVACAO ATUALIZAR CADASTRO TRAB.RURAL
00642;;;;;MARIA JOSE HONORIO **;MARIA JOSE HONORIO **;;RODOVIA 31/KM.20/GB.8-C/LT.31;;ZONA RURAL;0613;RO;Brasil;78954000;OBS: ATUALIZAR CADASTRO TRAB.RURAL
00644;PF;40816745234;399322;;MARIA DA GLORIA DO CARMO;MARIA DA GLORIA DO CARMO;;RODOVIA 31/KM.16/GB.8-B/LT.34;;ZONA RURAL;0613;RO;Brasil;78954000;OBSERVACAO ATUALIZAR CADASTRO TRAB.RURAL
00615;PF;01830118803;805213;;MARIA CACULA NASCIMENTO DOS SANTOS;MARIA CACULA NASCIMENTO DOS SANTOS;;RODOVIA 31/KM.16/GB.8-C/LT.8;;ZONA RURAL;0613;RO;Brasil;78954000;OBS: ATUALIZAR CADASTRO LAVRADORA
00638;;638;;;MARIA SELMA DE SOUZA **;MARIA SELMA DE SOUZA **;;RODOVIA 31/KM.28/GB.12-F/LT.72;;ZONA RURAL;0613;RO;Brasil;78954000;[CIVIL=CASADO(A)] DO LAR
00620;PF;75849968253;759092;;MARIA DA CONCEICAO DOS SANTOS NETO **;MARIA DA CONCEI_AO DOS SANTOS NETO **;;RODOVIA 31/KM.24/GB.12-D/LT.27;;ZONA RURAL;0613;RO;Brasil;78954000;[CIVIL=CASADO(A)] [OBS=CONTA ESTA EM ARQUIVO MORTO - POR MOTIVO DE NAO TER CONDICOES DE PAGAR] TRB.RURAL
00648;;;304037205;;MARIA PRUDENCIA DE JESUS FREITAS **;MARIA PRUDENCIA DE JESUS FREITAS **;;RODOVIA 37/KM.28/GB.23-E/LT.46;;ZONA RURAL;0613;RO;Brasil;78954000;OBSERVACAO ATUALIZAR CADASTRO TRAB.RURAL
00600;PF;76597946200;561593;;MARIA APARECIDA ROSA SILVA;MARIA APARECIDA ROSA SILVA;;RODOVIA 31 KM 28 GB.8-E LT31;;ZONA RURAL;0613;RO;Brasil;78954000;
00608;PF;58617124253;448644;;MARIA APARECIDA GOMES DA SILVA;MARIA APARECIDA GOMES DA SILVA;092393959;LINHA 22 KM 24 GB.4-D LT.31;;ZONA RURAL;0613;RO;Brasil;76928000;OBS: ATUALIZAR CADASTRO TRAB. RURAL
00609;PF;76869717249;787341;;MARIA APARECIDA ROSA;MARIA APARECIDA ROSA;;RODOVIA 31/KM.20/GB.12-D/LT.17;;ZONA RURAL;0613;RO;Brasil;78954000;[CIVIL=SOLTEIRO(A)] DO LAR
00604;PF;20466862253;238672;;MARIA AMELIA SILVA ARAUJO;MARIA AMELIA SILVA ARAUJO;992530321;LINHA 24 KM 37/GB.12-E/LT.16;;ZONA RURAL;0613;RO;Brasil;78954000;
00605;PF;38673304253;631715;;MARIA APARECIDA CATALUNA;MARIA APARECIDA CATALUNA;;RODOVIA RUA JOSE TEIXEIRA;;ZONA RURAL;0613;RO;Brasil;76928000;NÃO AUTORIZA NINGUEM A COMPRAR!! VENDER SOMENTE SE A TITULAR DA FICHA ASSINAR!!!
00595;PF;69252793291;720007;;MARINES CORALESKI;MARINES CORALESKI;093493885;RUA SANTOS DUMOM;;CENTRO;0613;RO;Brasil;76928000;DÉBITOS NA FICHA, NÃO VENDER NEM FAZER CONDICIONAL ENQUANTO NÃO ACERTAR
00606;PF;74984152249;604238;;MARIA APARECIDA SOBRINHO DOS SANTOS;MARIA APARECIDA SOBRINHO DOS SANTOS;;RUA AVO LUIZA;;CENTRO;0613;RO;Brasil;76928000;OBS: ATUALIZAR CADASTRO TRAB.RURAL
00596;PF;60206306253;495958;;MARILANDES HONORIO **;MARILANDES HONORIO **;;RUA DANIEL HERINGER;;CENTRO;0613;RO;Brasil;76928000;NÃO AUTORIZA NINGUEM A COMPRAR, EXCETO O GABRIEL
00597;PF;67535828272;758446;;MARIA APARECIDA RIBEIRO SANTIAGO;MARIA APARECIDA RIBEIRO SANTIAGO;;LINHA31/KM.16/GB.8-C/LT.12;;ZONA RURAL;0613;RO;Brasil;78954000;LAVRADORA
00599;PF;68656289268;000881652;;MARIA APARECIDA CARVALHO;MARIA APARECIDA CARVALHO;69992598571;CURITIBA;;CENTRO;0613;RO;Brasil;76928000;
00594;PF;75319381204;;;MARINETE SILVA AMORIM (¥);MARINETE SILVA AMORIM (¥);;RODOVIA 37/KM.20/GB.12-D/LT.;;ZONA RURAL;0613;RO;Brasil;78954000;OBS: ATUALIZAR CADASTRO DO LAR
00592;PF;57399379220;561208;;MARILENE BATHE NINKI;MARILENE BATHE NINKI;6992790185;RODOVIA LINHA 31 KM 24 LOTE 22 GLEBA 12D;;ZONA RURAL;0613;RO;Brasil;76928000;OBS: ATUALIZAR CADASTRO MERENDEIRA
00607;;;;;MARIA APARECIDA DOS SANTOS;MARIA APARECIDA DOS SANTOS;6992069379;DUQUE DE CAXIAS / N;;CENTRO;0613;RO;Brasil;76928000;OBS: ATUALIZAR CADASTRO
00611;PF;38715317234;382421;;MARIA DO CARMO OLIVEIRA SILVA;MARIA DO CARMO OLIVEIRA SILVA;;RODOVIA 9/KM.24/GB.4-E/LT.5;;ZONA RURAL;0613;RO;Brasil;78954000;[CIVIL=CASADO(A)] DO LAR
00587;PF;72871024200;;;MARIZA CARVALHO FERNANDES;MARIZA CARVALHO FERNANDES;092448503;RODOVIA 31/KM.20/GB.8-C/LT.30;;ZONA RURAL;0613;RO;Brasil;76928000;NAO VENDER PARA POLIANE. OBS: ATUALIZAR CADASTRO LAVRADORA
00590;PF;59202203253;593407;;MARINETE CORREIA SALOMAO **;MARINETE CORREIA SALOMAO **;;RODOVIA 37/KM.16/GB.12-B/LT.37;;ZONA RURAL;0613;RO;Brasil;78954000;OBS: ATUALIZAR CADASTRO AG.SAUDE
00603;PF;57409897287;000499472;;MARIA APARECIDA DE SOUZA LACERDA;MARIA APARECIDA DE SOUZA LACERDA;;RODOVIA 32;;ZONA RURAL;0613;RO;Brasil;78954000;[CIVIL=SOLTEIRO(A)] [OBS=A PROPIA PEDIU CANCELAMENTO P/ QUE OS FILHOS NAO POSSAM COMPRAR, MAS SE ALGUM DIA A PROPIA QUISER REATIVAR PODE SER REATIVADA] APOSENTADA
00593;PF;70100586287;626881;;SIRLEI DOS SANTOS FIGUEREDO;SIRLEI DOS SANTOS FIGUEREDO;;RODOVIA 20 KM 31 LT 03 GB 04 D;;ZONA RURAL;0613;RO;Brasil;78954000;[CIVIL=CASADO(A)] LAVRADORA
00579;PF;71715754204;756328;;MARILDA VERDAN DE PAIVA MOREIRA **;MARILDA VERDAN DE PAIVA MOREIRA **;092872685;RODOVIA TN6/LT.350;;ZONA RURAL;0613;RO;Brasil;76928000;OBS: ATUALIZAR CDASTRO CLIENTE SE MUDOU NAO VENDER PARA NINGUEM.
00613;PF;09059300297;138718;;MARIA CELIA BARBOSA DA SILVA;MARIA CELIA BARBOSA DA SILVA;;RODOVIA 22/KM.24/GB.8-E/LT.7;;ZONA RURAL;0613;RO;Brasil;78954000;OBSERVACAO ATUALIZAR CADASTRO TRAB.RURAL
00598;PF;62629280225;563518;;MARIA APARECIDA MATEUS FURTADO;MARIA APARECIDA MATEUS FURTADO;;RODOVIA 37/KM.16/GB.12-B/LT.32;;ZONA RURAL;0613;RO;Brasil;78954000;OBS: ATUALIZAR CADASTRO DO LAR
00602;;;788101;;MARIA APARECIDA DA SILVA FERRI;MARIA APARECIDA DA SILVA FERRI;;RODOVIA 37/KM.24/GB.12-E/LT.16;;ZONA RURAL;0613;RO;Brasil;78954000;OBS: ATUALIZAR CADASTRO DO LAR
00612;PF;48566144287;305571;;MARIA DAS DORES PASSOS LEITE;MARIA DAS DORES PASSOS LEITE;;RODOVIA 37/KM.16/GB.12-D/LT.28;;ZONA RURAL;0613;RO;Brasil;78954000;OBS: ATUALIZAR CADASTRO
00582;PF;76249638253;792288;;MARIO DA SILVA MESSIAS;MARIO DA SILVA MESSIAS;;RUA ALMIRANTE BARROSO;;CENTRO;0613;RO;Brasil;78954000;[CIVIL=SOLTEIRO(A)] [OBS=(BORRACHARIA)] [OBS=FICHA P/ ADVOGADA] FUNCINARIO PUBLICO
00584;PF;55171397104;947585;;MARILENE APARECIDA FERNANDES TASSINARI;MARILENE APARECIDA FERNANDES TASSINARI;093225577;RODOVIA 37/KM.16/GB.12-E/LT.03;;ZONA RURAL;0613;RO;Brasil;78954000;FALECIDA DO LAR
00589;;;;;MARINETE TINELI NEGRINE **;MARINETE TINELI NEGRINE **;;RODOVIA 31/KM.24/GB.12-D/LT.25;;ZONA RURAL;0613;RO;Brasil;78954000;OBS: ATUALIZAR CADASTRO
00586;;;;;MARILEIA CARDOSO CRUZ **;MARILEIA CARDOSO CRUZ **;;;;BAIRRO DAS ROSAS;0001;RO;Brasil;78960000;OBS: ATUALIZAR CADASTRO
00610;;;;;ELIS ELOY F.TOSTA **;ELIS ELOY F.TOSTA **;04651022;AFONSO PENA;;CENTRO;0613;RO;Brasil;76928000;OBS: ATUALIZAR CADASTRO COMERCIANTE
00601;PF;80157629287;757639;;MARIA ALICE PEREIRA RIBEIRO DE FREITAS;MARIA ALICE PEREIRA RIBEIRO DE FREITAS;;RODOVIA 31/KM.12/GB. /LT.;;ZONA RURAL;0613;RO;Brasil;78954000;OBS: ATUALIZAR CADASTRO DO LAR
00591;;;;;MARIO ALVES DA CUNHA **;MARIO ALVES DA CUNHA **;;RODOVIA 37/KM.28;;ZONA RURAL;0613;RO;Brasil;78954000;OBS: ATUALIZAR CADASTRO VEREADOR
00583;PF;18452165803;28355616;;MARINEIDE FELIPE NUNE DE SOUZA **;MARINEIDE FELIPE NUNE DE SOUZA **;;RODOVIA 24/GB.8-E/LT.10;;ZONA RURAL;0613;RO;Brasil;78954000;OBS: ATUALIZAR CADASTRO AGRICULTORA
00585;PF;75014742220;;;MARILENE LOPES DE FREITAS PIMENTEL;MARILENE LOPES DE FREITAS PIMENTEL;;RODOVIA 37/KM.28/GB.12-E/LT.09;;ZONA RURAL;0613;RO;Brasil;78954000;OBS: ATUALIZAR CADASTRO TRAB.RURAL
00581;PF;58301208287;557093;;MARIZA TEREZINHA ARAUJO **;MARIZA TEREZINHA ARAUJO **;6992353783;RODOVIA LINHA 31 KM 16 LOTE 30 GLEBA 8B;;BAIRRO DAS ROSAS;0613;RO;Brasil;76928000;
00551;PF;75424720200;605998;;MARLI CIRILO TEODORO **;MARLI CIRILO TEODORO **;6992576761;RODOVIA 31/KM.28/GB.8-E/LT.28;;ZONA RURAL;0613;RO;Brasil;78954000;OBS: ATUALIZAR CADASTRO
00574;PF;41894715268;436805;;MARCIA EVANGELISTA PETSCH;MARCIA EVANGELISTA PETSCH;;LINHA 20KM 09 LOTE 26 GL 4C;;ZONA RURAL;0613;RO;Brasil;78954000;VENDER SÓ DEPOIS QUE ACERTAR AS NOTINHAS EM ATRASO!!!
00559;PF;82426007249;448570;;MARLETE VIANA DA COSTA JESUS;MARLETE VIANA DA COSTA JESUS;6992429854;LH 24 KM 22 LT32 GB04D;;ZONA RURAL;0613;RO;Brasil;76928000;[CIVIL=CASADO(A)] [OBS=CITIO JOSE PINTO JESUS FILHO] LAVRADORA
00550;PF;42186420287;484184;;MARLLETE CIRILO TEODORO;MARLLETE CIRILO TEODORO;6992525080;RUA DANIEL HERINGER;;CENTRO;0613;RO;Brasil;78954000;OBS: ATUALIZR CADASTRO FUNCIONARIA PUBLICA
00553;PF;62731629215;434036;;MARLENE LOPES MOREIRA DE OLIVEIRA;MARLENE LOPES MOREIRA DE OLIVEIRA;;RUA LUIZ BORGES;;CENTRO;0613;RO;Brasil;76928000;OBS: ATUALIZAR CADASTRO FUNCIONARIA PUBLICO
00565;PF;64818322253;679241;;MARCIO PEREIRA DE OLIVEIRA //PRETO//;MARCIO PEREIRA DE OLIVEIRA //PRETO//;6992173973;RUA AFONSO PENA;CASA;ZONA RURAL;0613;RO;Brasil;76928000;OBS: ATUALIZAR CADASTRO AGRICULTOR
00556;PF;49854801268;489178;;MARLENE MARINHO DE OLIVEIRA SILVA;MARLENE MARINHO DE OLIVEIRA SILVA;6992830927;RUA ANGELA DE FATIMA;;CENTRO;0613;RO;Brasil;76928000;[CIVIL=CASADO(A)] FUNCIONARIA PUBLICA
00557;PF;59681454200;447183;;MARLENE JACONI FERRAZ;MARLENE JACONI FERRAZ;;LH TN32 GB 01 LT 547;;ZONA RURAL;0613;RO;Brasil;76928000;OBS: ATUALIZAR CADASTRO DO LAR
00577;PF;09460874746;1797086;;MARCO DIAS DE OLIVEIRA **;MARCO DIAS DE OLIVEIRA **;6999286924;LINHA TN4/KM.09/GB.01/LT.639;;ZONA RURAL;0613;RO;Brasil;78954000;OBS: ATUALIZAR CADASTRO LAVRADOR
00570;PF;88121275768;751963;;MARCOS MAZARIM **;MARCOS MAZARIM **;;LINHA TN06/GB.01/LT.503A;;ZONA RURAL;9653;RO;Brasil;78955000;[CIVIL=SOLTEIRO(A)] TRAB RURAL
00546;;;;;MARLENE DA SILVA NETO **;MARLENE DA SILVA NETO **;092271564;ALMIRANTE BARROSO N;;CENTRO;0613;RO;Brasil;78954000;OBS: ATUALIZAR CADASTRO
00548;PF;60702303291;548027;;MARLI DA SILVA MOREIRA;MARLI DA SILVA MOREIRA;6992520490;SAO JOSE OPERARIO;;CENTRO;0613;RO;Brasil;78954000;OBS: ATUALIZAR CADASTRO PROFESSORA
00543;PF;56529333215;806454;;MARTA RICARDO DA COSTA **;MARTA RICARDO DA COSTA **;092835806;RODOVIA 9/KM.20/GB.40/LT.4;;ZONA RURAL;0613;RO;Brasil;78954000;OBS: ATUALIZAR CADASTRO DO LAR
00544;;544;;;MARLY BARRETO SANTANA **;MARLY BARRETO SANTANA **;04651103;AFONSO PENA;;CENTRO;0613;RO;Brasil;76928000;[CIVIL=SOLTEIRO(A)] COMERCIANTE
00575;PF;67417990282;631725;;MARCIO DE OLIVEIRA //LH 28/37//;MARCIO DE OLIVEIRA //LH 28/37//;;RODOVIA 37/KM.28/GB.12-E/LT.51;;ZONA RURAL;0613;RO;Brasil;76928000;[CIVIL=CASADO(A)] LAVRADOR
00552;;;;;MARLENE LEAL ALVES;MARLENE LEAL ALVES OLIVEIRA;;;;BAIRRO DAS ROSAS;0001;RO;Brasil;78960000;[CIVIL=SOLTEIRO(A)]
00545;;545;;;MARGARIDA LINA **;MARGARIDA LINA **;;;;CENTRO;0001;RO;Brasil;78960000;[CIVIL=SOLTEIRO(A)] APOSENTADA
00571;PF;59295813200;362815;;MARCIA GOMES ARAUJO ROSA **;MARCIA GOMES ARAUJO ROSA **;092128966;RODOVIA 31/KM.16/GB.08-B/LT.34;;ZONA RURAL;0613;RO;Brasil;78954000;OBS: ATUALIZAR CADASTRO DO LAR
00573;PF;42113318253;362758;;MARCOS WAGNER PEDRO **;MARCOS WAGNER PEDRO **;034590027;RODOVIA 16/GB.04-C/LT.02;;ZONA RURAL;0613;RO;Brasil;78954000;OBS: ATUALIZAR CADASTRO
00547;;;;;MARGARIDA GALDINO VALERIO **;MARGARIDA GALDINO VALERIO **;;AFONSO PENA;;CENTRO;0613;RO;Brasil;76928000;OBS: ATUALIZAR CADASTRO DO LAR
00558;PF;58172556268;458634;;MARLUCIA DE SOUZA VALADAO;MARLUCIA DE SOUZA VALADAO;;RUA DO CONTORNO;;CENTRO;0613;RO;Brasil;78954000;OBS: ATUALIZAR CADASTRO
00549;;;;;MARTA ALVES DOS REIS **;MARTA ALVES DOS REIS **;;RUA TANCREDO NEVES;;CENTRO;0613;RO;Brasil;78954000;OBS: ATUALIZAR CADASTRO PROFESSORA
00569;PF;76913627220;;;MARCIO DE MATOS NINK **;MARCIO DE MATOS NINK **;;DO GRILO;;BAIRRO DAS ROSAS;0613;RO;Brasil;78954000;OBS: ATUALIZAR CADASTRO MECANICO
00566;PF;73654914268;611911;;MARCELO DE PAULA NASCIMENTO;MARCELO DE PAULA NASCIMENTO;;RODOVIA A-05;;ZONA RURAL;9653;RO;Brasil;76929000;[CIVIL=SOLTEIRO(A)] VAQUEIRO
00554;;;;;MARLY MAGALHAES GIL **;MARLY MAGALHAES GIL **;;;;BAIRRO DAS ROSAS;0001;RO;Brasil;78960000;OBS: ATUALIZAR CADASTRO
00560;PF;38561682934;243137;;MARLENE BARBOSA CASTRO;MARLENE BARBOSA CASTRO;;RODOVIA 31/KM.28/GB.12-F/LT.59;;ZONA RURAL;0613;RO;Brasil;78954000;[CIVIL=SOLTEIRO(A)] TRAB.RURAL
00572;PF;36931152220;384550;;MARCOS ANTONIO SALOMAO **;MARCOS ANTONIO SALOMAO **;;RODOVIA 37/KM.20/GB.12-C/LT.38;;ZONA RURAL;0613;RO;Brasil;78954000;OBS: ATUALIZAR CADASTRO LAVRADOR
00563;;;;;MARCILENE MERCKANDELLY (¥) **;MARCILENE MERCKANDELLY (¥) **;;RODOVIA 31/KM.16/LT.26;;ZONA RURAL;0613;RO;Brasil;78954000;OBS: ATUALIZAR CADASTRO
00555;PF;64825035272;000631492;;MARTA ELDA CARLOS;MARTA ELDA CARLOS;034561088;RUA TANCREDO NEVES;;CENTRO;0613;RO;Brasil;78954000;OBS: ATUALIZAR CADASTRO VENDEDORA
00576;PF;60204443253;813495;;MARCOS LUIZ DOS SANTOS **;MARCOS LUIZ DOS SANTOS **;;RODOVIA 31/KM.16/GB.08-C/LT.08;;ZONA RURAL;0613;RO;Brasil;78954000;OBS: ATUALIZAR CADASTRO TRAB.RURAL
00567;PF;64818284220;641039;;MARCIO LUIZ DA SILVA **;MARCIO LUIZ DA SILVA **;;RODOVIA 22/KM.16/GB.08-B/LT.21;;ZONA RURAL;0613;RO;Brasil;78954000;OBS: ATUALIZAR CADASTRO TRAB.RURAL
00568;PF;77942426220;814221;;MARCOS ANTONIO FERREIRA **;MARCOS ANTONIO FERREIRA **;;RODOVIA 31/KM.24/GB.08-D/LT.32;;ZONA RURAL;0613;RO;Brasil;78954000;OBS: ATUALIZAR CADASTRO
00564;PF;71117644200;758900;;MARCIO LUIZ DO NASCIMENTO **;MARCIO LUIZ DO NASCIMENTO **;;RODOVIA T1/GB.01/LT.440;;ZONA RURAL;9653;RO;Brasil;78955000;OBS: ATUALIZAR CADASTRO
00512;PF;82726787215;87988;;LUCIANA GABRIELA DE SOUZA;LUCIANA GABRIELA DE SOUZA;992356693;RODOVIA 32/KM.31/GB.12-F/LT.;;ZONA RURAL;0613;RO;Brasil;78954000;[CIVIL=CASADO(A)] LO LAR
00510;PF;75783916234;758485;;LUCICLEIA VENANCIO CORDEIRO SALOMAO;LUCICLEIA VENANCIO CORDEIRO SALOMAO;;RUA DUQUE DE CAXIAS;CASA;CENTRO;0613;RO;Brasil;76928000;
00520;PF;86237713204;00001006997;;MAQUISSUEL BERNARDO DE AGUIAR **;MAQUISSUEL BERNARDO DE AGUIAR **;;LINHA 24 KM 37 LOTE 37 GL 12D;;ZONA RURAL;0613;RO;Brasil;76928000;OBS: ATUALIZAR CADASTRO LAVRADOR
00511;PF;57972788200;434042;;LUCIA HELENA DA SILVA **;LUCIA HELENA DA SILVA **;092233411;RUA SAO JOSE OPERARIO;;CENTRO;0613;RO;Brasil;76928000;[CIVIL=SOLTEIRO(A)]
00514;PF;67286445200;639689;;LUCIENE GOLCALVES MAGESKI;LUCIENE GOLCALVES MAGESKI;;LH 31 KM 24 LOTE 24 GLEBA 12E;;ZONA RURAL;0613;RO;Brasil;76928000;OBS:ATUALIZAR CADASTRO
00516;PF;69281696215;000;;LUCIANA SANTOS LINDUARDO DOS REIS **;LUCIANA SANTOS LINDUARDO DOS REIS **;;RODOVIA 22/KM.24/GB.04-D/LT.01;;ZONA RURAL;0613;RO;Brasil;78954000;
00537;PF;64816737200;604256;;MAELY REGINA CARLOS **;MAELY REGINA CARLOS **;092077953;RUA TANCREDO NEVES;;CENTRO;0613;RO;Brasil;78954000;[CIVIL=SOLTEIRO(A)]
00508;PF;64024083287;0000000;;LUCIANO PRUDENTE CASTILHO;LUCIANO PRUDENTE CASTILHO;;MASTER;;CENTRO;0613;RO;Brasil;78954000;OBSERVACAO ATUALIZAR CADASTRO
00517;PF;52494594200;744635;;LUCIANE MARINHO DE OLIVEIRA VARGAS;LUCIANE MARINHO DE OLIVEIRA VARGAS **;;RODOVIA 24/KM.22/GB.08-D/LT.22;;ZONA RURAL;0613;RO;Brasil;76928000;OBS: ATUALIZAR CADASTRO
00526;PF;09549056287;434739;;MIGUEL RODRIGUES;MIGUEL RODRIGUES;092446500;JASMO DE CASTRO;;CENTRO;0613;RO;Brasil;76928000;CANCELADO MOTIVO DE ATRASO.
00540;PF;39625788115;098807;;MAURICIO DE MORAIS CARNEIRO **;MAURICIO DE MORAIS CARNEIRO **;092039526;RODOVIA 22/KM.20/GB.8-E/LT.;;ZONA RURAL;0613;RO;Brasil;78954000;OBS: ATUALIZAR CADASTRO LAVRADOR
00528;PF;76963217815;8470067;;MANOEL SOARES FERREIRA (¥);MANOEL SOARES FERREIRA (¥);092520329;RODOVIA 22/KM.24/GB.4-D/LT.32;;ZONA RURAL;0613;RO;Brasil;78954000;OBS: ATUALIZAR CADASTRO PECUARISTA
00530;;530;;;MILTON BRASILINO **;MILTON BRASILINO **;;;;BAIRRO DAS ROSAS;0001;RO;Brasil;78960000;[CIVIL=SOLTEIRO(A)]
00518;;518;;;MONICA AMORIM HERINGER **;MONICA AMORIM HERINGER **;092386648;;;CENTRO;0001;RO;Brasil;78960000;[CIVIL=SOLTEIRO(A)]
00541;PF;42220912272;494129;;MANOEL NOGUEIRA ORRIGO **;MANOEL NOGUEIRA ORRIGO **;;RODOVIA 9/KM.24/GB.4-D/LT.24;;ZONA RURAL;0613;RO;Brasil;78954000;OBS: ATUALIZAR CADASTRO LAVRADOR
00522;PF;88103374253;;;ROSANA QUINUPES BRASILINI;ROSANA QUINUPES BRASILINI;;RODOVIA TN-10/LT.290/GB.01;;ZONA RURAL;0613;RO;Brasil;78954000;OBSERVACAO ATUALIZAR CADASTRO. LAVRADORA
00523;PF;09098338771;714751;;MAICK PAULO LIMA **;MAICK PAULO LIMA **;;AFONSO PENA;;CENTRO;0613;RO;Brasil;76928000;[CIVIL=SOLTEIRO(A)] POLICIAL
00534;PF;31233643215;191633;;MANOEL BARBOSA;MANOEL BARBOSA;;RODOVIA 31/KM.16/GB.8-B/LT.34;;ZONA RURAL;0613;RO;Brasil;78954000;OBS: ATUALIZAR CADASTRO TRB.RURAL
00507;;;;;LUCILENE SOARES SOUZA **;LUCILENE SOARES SOUZA **;;LUIZ BORGES;;CENTRO;0613;RO;Brasil;76928000;OBSERVACAO ATUALIZAR CADASTRO
00538;PF;90743423291;;;MAURO SERGIO FERREIRA **;MAURO SERGIO FERREIRA **;092619920;NOVA ESPERANCA;;CENTRO;0613;RO;Brasil;76928000;[OBS=ADVOGADA] CANCELADO MOTIVO DE MUITO ATRASO. COBRANCA SIDNEI SERVI_OS EM GERAL
00509;PF;84128348287;000896138;;LUCIENE AMBROSIO DA SILVA **;LUCIENE AMBROSIO DA SILVA **;;RODOVIA 31 KM 24 GB 08-B-4 LT 36;;ZONA RURAL;0613;RO;Brasil;76928000;[CIVIL=CASADO(A)] [OBS=NORA DO SENHOR MOISES] LAVRADORA
00519;PF;66383919253;694282;;MOIZES ENDRINGER **;MOIZES ENDRINGER **;;AFONSO PENA;;CENTRO;0613;RO;Brasil;76928000;OBS: ATUALIZAR CADASTRO FRENTISTA
00542;PF;80768849268;833416;;MAXUEL FORTUNATO XAVIER;MAXUEL FORTUNATO XAVIER;;;;ZONA RURAL;0001;RO;Brasil;78960000;[CIVIL=SOLTEIRO(A)] CABELEIREIRO
00527;;527;;;MAXWELL COELHO DA FONSECA **;MAXWELL COELHO DA FONSECA **;;;;CENTRO;0001;RO;Brasil;78960000;[CIVIL=CASADO(A)] CABELEIREIRO
00521;;;;;MOACIR RODRIGUES VALENTIM **;MOACIR RODRIGUES VALENTIM **;;RODOVIA 31/KM.20/GB.12-D/LT.21;;ZONA RURAL;0613;RO;Brasil;78954000;OBS: ATUALIZAR CADASTRO
00531;;;;;MOISES RODRIGUES DA CRUS **;MOISES RODRIGUES DA CRUS **;;RODOVIA 31/KM.28/GB.12-F/LT.55;;ZONA RURAL;0613;RO;Brasil;78954000;OBS: ATUALIZAR CADASTRO AGRICULTOR
00532;PF;65836200734;984773;;MANOEL CIPRIANO FILHO **;MANOEL CIPRIANO FILHO **;;RUA SITIO SR.NENEN LH;;ZONA RURAL;0613;RO;Brasil;78954000;OBS: ATUALIZAR CADASTRO LAVRADOR
00513;PF;66944201291;;;LUCIA ALVES DE ANDRADE CAIRES **;LUCIA ALVES DE ANDRADE CAIRES **;;RODOVIA 28/ KM. 22;;ZONA RURAL;0613;RO;Brasil;78954000;[CIVIL=SOLTEIRO(A)] [OBS=MOTIVO DE ATRASO]
00533;PF;40922197253;603615;;MANOEL TIMOTIO DA SILVA **;MANOEL TIMOTIO DA SILVA **;;RODOVIA /KM.32/GB.12-F/LT.48;;ZONA RURAL;0613;RO;Brasil;78954000;OBS: ATUALIZAR CADASTRO LAVRADOR
00524;;;;;MAURO ALVES PESSOA **;MAURO ALVES PESSOA **;;RODOVIA 22/KM.16/GB.08-B;;ZONA RURAL;0613;RO;Brasil;78954000;OBS: ATUALIZAR CADASTRO VAQUEIRO
00515;;515;;;LUCINEIA DE SOUZA MARTINS;LUCINEIA DE SOUZA MARTINS;;RUA VO LUIZA;;CENTRO;0613;RO;Brasil;78954000;[CIVIL=SOLTEIRO(A)]
00525;PF;85940232272;;;MOACIR FELIX DE SOUZA **;MOACIR FELIX DE SOUZA **;;RODOVIA 31/KM.20/GB.12-C/LT.28;;ZONA RURAL;0613;RO;Brasil;78954000;OBS: ATUALIZAR CADASTRO TRAB.RURAL
00529;;;;;MATEUS RODRIGUES DA CRUS **;MATEUS RODRIGUES DA CRUS **;;RODOVIA 31/KM.28/;;ZONA RURAL;0613;RO;Brasil;78954000;OBS: ATUALIZAR CADASTRO
00480;PF;47854170215;431262;;LUZIA ALVERNAS DE LIMA **;LUZIA ALVERNAS DE LIMA **;;LINHA 31/KM.24/GB.08/LT.10;;ZONA RURAL;0613;RO;Brasil;78954000;OBSERVACAO ATUALIZAR CADASTRO TRAB.RURAL
00482;PF;45677956287;318846;;LUZIA VIEIRA DA SILVA;LUZIA VIEIRA DA SILVA;;RUA DUQUE DE CAXIAS;;CENTRO;0613;RO;Brasil;76928000;OBSERVACAO ATUALIZAR CADASTRO
00476;PF;88103838268;914982;;LILIAN RODRIGUES DE SOUZA;LILIA RODRIGUES DE SOUZA;;RUA MARECHAL DUTRA;;CENTRO;0613;RO;Brasil;76928000;OBSERVACAO ATUALIZAR CADASTRO COMERCIANTE
00496;PF;57885940225;1633088;;LUCIMAR DE CASTRO DUARTE;LUCIMAR DE CASTRO DUARTE;;JASMO DE CASTRO;;CENTRO;0613;RO;Brasil;76928000;OBS: ATUALIZAR CADASTRO
00477;PF;45678456253;45678456253;;LOIDE DE OLIVEIRA MULLER HENRIQUE;LOIDE DE OLIVEIRA**;;RUA LUIZ BORGES;CASA;CENTRO;0613;RO;Brasil;76928000;
00499;PF;78196442220;641076;;LUCIENE GOMES PEDREIRA;LUCIENE GOMES PEDREIRA;6993215636;RUA DANIEL HERINGER;;CENTRO;0613;RO;Brasil;76928000;FICHA REATIVADA NO DIA 18/12/2018 DO LAR
00498;PF;63266997204;1369668;;LUCIMAR DE SOUZA ABILIO TEIXEIRA;LUCIMAR DE SOUZA ABILIO TEIXEIRA;034651045;LUIZ BORGES;;CENTRO;0613;RO;Brasil;76928000;[CIVIL=CASADO(A)] AUXILIAR DE ENFERMAGEM
00481;PF;41906071268;00000434713;;VERA LUCIA DA SILVA OLIVEIRA;VERA LUCIA DA SILVA ABILIIO;6992322790;AVENIDA AFONSO PENA N;;CENTRO;0613;RO;Brasil;78954000;OBS: ATUALIZAR CADASTRO LAVRADORA
00478;PF;60258632291;;;LUIZ CARLOS NETO **;LUIZ CARLOS NETO **;;RUA CARLOS DUMONT ANDRADE-N;;ZONA RURAL;6547;RO;Brasil;78960000;OBSERVACAO ATUALIZAR CADASTRO
00487;PF;63267934249;000841059;;LURDES APARECIDA PIRES FEGUEREDO **;LURDES APARECIDA PIRES **;6992926848;RUA TANCREDO NEVES;;CENTRO;0613;RO;Brasil;78954000;DO LAR
00505;;;;;LUCINEIA TELES DA COSTA **;LUCINEIA TELES DA COSTA **;092720341;RODOVIA LINHA 31 KM 20 LOTE 22 GLEBA 12C;;BAIRRO DAS ROSAS;0613;RO;Brasil;76928000;CADASTRO CANCELADO POR MOTIVO DE ATRASO.
00473;;;;;LEONICE ALMEIDA BARBOSA;LEONICE ALMEIDA BARBOSA;092788475;;;CENTRO;0001;RO;Brasil;78960000;OBS: ATUALIZAR CADASTRO DO LAR
00490;PF;32550693272;331294;;LUIZ VIEIRA DE MATOS;LUIZ VIEIRA DE MATOS;6992763480;RODOVIA LINHA 31 KM 20 GLEBA 12 C OTE 22;;ZONA RURAL;0613;RO;Brasil;76928000;VAQUEIRO
00474;PF;87495198249;;;LEANDRO FREITAS DE LIMA **;LEANDRO FREITAS DE LIMA **;6992617441;;;CENTRO;0001;RO;Brasil;78960000;[CIVIL=SOLTEIRO(A)] [OBS=MOTIVO DE ATRASO] MECANICO
00495;;;;;LUCIMARA APARECIDA CORTES BARBOSA **;LUCIMARA APARECIDA CORTES BARBOSA **;;;;BAIRRO DAS ROSAS;0001;RO;Brasil;78960000;OBSERVACAO ATUALIZAR CADASTRO DO LAR
00506;PF;65298047149;;;LUCIA BORGES DOS SANTOS **;LUCIA BORGES DOS SANTOS **;092362283;;;CENTRO;0001;RO;Brasil;78960000;[OBSERVACAO ATUALIZAR CADASTRO
00488;;;;;LUZIA PEREIRA DE ALMEIDA **;LUZIA PEREIRA DE ALMEIDA **;092788478;;;BAIRRO DAS ROSAS;0001;RO;Brasil;78960000;CANCELADA MOTIVO DE ATRASO.
00500;PF;99650622268;;;LUCIANA OLIVEIRA BENFICA DE SOUZA **;LUCIANA OLIVEIRA BENFICA DE SOUZA **;;RUA ALAIDE ALCANTARA(TRAB.COM SIMINI;;GRILO;0613;RO;Brasil;78954000;[CIVIL=CASADO(A)]
00483;PF;71814965220;448385;;NAIR DE OLIVEIRA LIMA;NAIR DE OLIVEIRA LIMA;;RODOVIA 20/KM.22/GB.4-C/LT.32;;ZONA RURAL;0613;RO;Brasil;78954000;OBSERVACAO ATUALIZAR CADASTRO.
00493;PF;02288945737;631594;;LUZIANA HERMINIO VIEIRA MAGNHAGO;LUZIANA HERMINIO VIEIRA MAGNHAGO;;RODOVIA 31/KM.24/GB.12-B/LT.25;;ZONA RURAL;0613;RO;Brasil;78954000;[CIVIL=CASADO(A)] [OBS=ADVOGADA] LAVRADORA
00484;;;;;LUIZ DE JESUS MATOS **;LUIZ DE JESUS MATOS **;;RODOVIA 31/KM.12/GB.08-A;;ZONA RURAL;0613;RO;Brasil;78954000;OBSERVACAO ATUALIZAR CADASTRO
00494;PF;27663878892;30335452;;LUCILENE DO CARMO RIBEIRO SANTOS **;LUCILENE DO CARMO RIBEIRO SANTOS **;;RODOVIA 31/KM.16/GB.08-C/LT.12;;ZONA RURAL;0613;RO;Brasil;78954000;OBSERVACAO ATUALIZAR CADASTRO
00475;PF;38712024287;382885;;LEILA MOREIRA DUARTE (¥);LEILA MOREIRA DUARTE (¥);;RODOVIA 31/KM.32/GB.12-E/LT.68;;ZONA RURAL;0613;RO;Brasil;78954000;OBSERVACAO ATUALIZAR CADASTRO LAVRADOR
00485;PF;89702697204;567722;;LUIS TEIXEIRA BATISTA;LUIS TEIXEIRA BATISTA;;HOSPITAL ANTIGO;;GRILO;0613;RO;Brasil;78954000;[CIVIL=CASADO(A)] [OBS=ADVOGADA] TRAB.RURAL
00486;PF;72924039215;774150;;LUZIA DE OLIVEIRA SOARES **;LUZIA DE OLIVEIRA SOARES **;;RODOVIA 31/KM.28/GB.12-E/LT.32;;ZONA RURAL;0613;RO;Brasil;78954000;LAVRADORA
00497;PF;79355358253;786638;;LUCINETI PEREIRA DE JESUS;LUCINETI PEREIRA DE JESUS;069929168;RODOVIA 37/KM.16/GB.12-B/LT.28;;ZONA RURAL;0613;RO;Brasil;78954000;[CIVIL=SOLTEIRO(A)] TRAB RURAL
00489;PF;71454616253;;;LUZENILDA DA SILVA RAMOS **;LUZENILDA DA SILVA RAMOS **;092683379;RODOVIA 31/KM.20/GB.08-C/LT.30;;ZONA RURAL;0613;RO;Brasil;78954000;CANCELADO MOTIVO DE ATRASO.
00504;PF;98842013587;6061158;;LUCAS LIMA RODRIGUES **;LUCAS LIMA RODRIGUES **;;;;BAIRRO DAS ROSAS;0001;RO;Brasil;78960000;OBSERVACAO ATUALIZAR CADASTRO
00491;;;;;LUZIA MENDES DE CASTRO **;LUZIA MENDES DE CASTRO **;;RODOVIA 31/KM.24/LT.02;;ZONA RURAL;0613;RO;Brasil;78954000;OBSERVACAO ATUALIZAR CADASTRO TRAB.RURAL
00502;PF;73874175472;1335837;;LUCIA VICENTE FERREIRA **;LUCIA VICENTE FERREIRA **;;RUA NONA ESPERAN_A;;CENTRO;0613;RO;Brasil;78954000;OBSERVACAO ATUALIZAR CADASTRO ENFERMEIRA
00492;PF;31298117291;307797;;LUZIA DE JESUS MATOS RIBEIRO **;LUZIA DE JESUS MATOS RIBEIRO **;;RODOVIA 31/KM.12/GB.08-B/LT.3;;ZONA RURAL;0613;RO;Brasil;78954000;OBSERVACAO ATUALIZAR CADASTRO DO LAR
00503;PF;61551244268;573621;;LUCIA MASSUGUETO CAMILO **;LUCIA MASSUGUETO CAMILO **;;RODOVIA 31/KM.20;;ZONA RURAL;0613;RO;Brasil;78954000;OBSERVACAO ATUALIZAR CADASTRO DO LAR
00479;PF;72847581200;708710;;LUZIA RAMOS DE MATOS **;LUZIA RAMOS DE MATOS **;;RODOVIA /KM.24/GB.8-D/LT.26;;ZONA RURAL;0613;RO;Brasil;78954000;[CIVIL=CASADO(A)] TRAB RURAL
00448;PF;40969576234;453895;;JOSE VITAL DE ARAUJO NETO **;JOSE VITAL DE ARAUJO NETO **;;LINHA 31/KM.28/GB.12-E/LT.35;;ZONA RURAL;0613;RO;Brasil;78954000;OBS: ATUALIZAR CADASTRO LAVRADOR
00450;PF;95000968204;916143;;KESIA DE SOUZA MACHADO GONZAGA;KESIA DE SOUZA MACHADO GONZAGA;93862758;LH 22 KM 16 LT 04 GB 4C;;ZONA RURAL;0613;RO;Brasil;76928000;OBS: NAO AUTORIZA A NINGUEM COMPRAR
00460;PF;32704445249;378584;;LAURANI ANTONIA DO NASCIMENTO;LAURANI ANTONIA DO NASCIMENTO;;RODOVIA RUA NOVA ESPERANCA;;ZONA RURAL;0613;RO;Brasil;76928000;ATUALIZAR CADASTRO.
00462;PF;95507620253;00001083793;;LINDOMAR MOREIRA AGUILAR;LINDOMAR MOREIRA AGUILAR;69993754144;LINHA 24 KM 31 LOTE 17;;ZONA RURAL;0613;RO;Brasil;76928000;
00453;PF;64862429220;64862429220;;KESIA APARECIDA BORGES DOS SANTOS **;KESIA APARECIDA BORGES DOS SANTOS **;;RUA DUQUE DE CAXIAS;CASA;CENTRO;0613;RO;Brasil;76928000;LIMITE DE R$600,00
00456;PF;28367090225;284884;;LEDEIR ARAUJO **;LEDEIR ARAUJO **;;LH 24 KM 31 LT 8B GB 12D;;ZONA RURAL;0613;RO;Brasil;78954000;OBSERVACAO ATUALIZAR CADASTRO CARPINTEIRO
00449;PF;71888098287;793761;;KENISSON VAUZ DA SILVA;KENISSON VAUZ DA SILVA;;RODOVIA 31/KM.16/LT.19/GB.12-C;;ZONA RURAL;0613;RO;Brasil;78954000;ATUALIZAR CADASTRO
00471;PF;66259550278;750695;;LOURINVALDO JANUTH MILLER **;LOURINVALDO JANUTH MILLER **;;RODOVIA LINHA TN 14 GLEBA 01 LOTE 201;;ZONA RURAL;0613;RO;Brasil;76928000;OBS: ATUALIZAR CADASTRO LAVRADOR
00451;PF;76124029200;805432;;KATIA DA SILVA FERREIRA **;KATIA DA SILVA FERREIRA **;;RUA EMBRATEL-N;;ZONA RURAL;0613;RO;Brasil;78954000;[CIVIL=SOLTEIRO(A)] DO LAR
00470;PF;81012896234;0008213510;;LEOMAR BARBOSA DA SILVA **;LEOMAR BARBOSA DA SILVA **;;RODOVIA 37/KM.24/GB.12-E/LT.8;;ZONA RURAL;0613;RO;Brasil;78954000;[CIVIL=SOLTEIRO(A)] [OBS=NAO AUTORIZA A NINGUEM COMPRAR] OBS: ATUALIZAR CADASTRO LAVRADOR
00455;PF;35125500291;;;LENIS ARAUJO MORAIS **;LENIS ARAUJO MORAIS **;;RODOVIA 31/KM.16/GB. /LT.4;;ZONA RURAL;0613;RO;Brasil;78954000;OBS: ATUALIZAR CADASTRO
00461;PF;29038839200;336392;;LAURA GOMES PINTO DE OLIVEIRA;LAURA GOMES PINTO DE OLIVEIRA;092409154;RODOVIA 22/KM16/GB. /LT.31;;ZONA RURAL;0613;RO;Brasil;78954000;OBS: ATUALIZAR CADASTRO TRAB.RURAL
00463;PF;47105607220;198772;;LEDITE DA SILVA BRAZ **;LEDITE DA SILVA BRAZ **;093037843;RODOVIA 22/KM.24/GB.4-E/LT.9;;ZONA RURAL;0613;RO;Brasil;78954000;OBSERVACAO ATUALIZAR CADASTRO TRAB.RURAL
00443;PF;56231520234;;;JOSE ERALDO NOCERA **;JOSE ERALDO NOCERA **;;RODOVIA 31/KM.20/GB.4-C/LT.30;;ZONA RURAL;0613;RO;Brasil;78954000;OBS: ATUALIZAR CADASTRO LAVRADOR
00459;PF;79967230282;821895;;LEOMAR CROFCKE DE SOLZA;LEOMAR CROFCKE DE SOLZA;081274805;RODOVIA 22/KM.20/GB.4-D/LT.2;;ZONA RURAL;0613;RO;Brasil;78954000;OBSERVACAO ATUALIZAR CADASTRO AGRICULTOR
00440;PF;24214540263;;;JOSE DIONOR RODRIGUES SOARES **;JOSE DIONOR RODRIGUES SOARES **;;RODOVIA 22/KM.24/GB.4-E/LT.3;;ZONA RURAL;0613;RO;Brasil;78954000;OBSERVACAO ATUALIZAR CADASTRO LAVRADOR
00441;PF;05149790621;18473;;JOSE DE ALMEIDA AMANCIO **;JOSE DE ALMEIDA AMANCIO **;;RODOVIA 37/KM.28/GB.12-F/LT.36;;ZONA RURAL;0613;RO;Brasil;78954000;MOTIVO DE ATRASO.. COBRANCA LAVRADOR
00442;PF;16212428204;188493;;JOSE FAUSTINO GOMES **;JOSE FAUSTINO GOMES **;;RODOVIA 31/KM.16/GB.8-B/LT.32;;ZONA RURAL;0613;RO;Brasil;78954000;OBSERVACAO ATUALIZAR CADASTRO LAVRADOR
00444;;;;;JOSE ALVES DE SOUZA **;JOSE ALVES DE SOUZA **;;RODOVIA 31/KM.16/GB.8-B/LT.33;;ZONA RURAL;0613;RO;Brasil;78954000;[CIVIL=SOLTEIRO(A)] [OBS=ADVOGADA]
00466;;;;;LIOMAR PEREIRA DE CASTRO **;LIOMAR PEREIRA DE CASTRO **;;RUA TANCREDO NEVES;;CENTRO;0613;RO;Brasil;78954000;[CIVIL=CASADO(A)] TAXISTA
00437;;437;;;JOSE LIMAS (¥) **;JOSE LIMAS (¥) **;;RUA VO LUIZA;;CENTRO;0613;RO;Brasil;78954000;[CIVIL=SOLTEIRO(A)] APOSENTADO
00447;PF;24244155287;272046;;JOSE RODRIGUES DA SILVA **;JOSE RODRIGUES DA SILVA **;;LUIZ BORGES(PERTO ORELHAO;;CENTRO;0613;RO;Brasil;78954000;[CIVIL=CASADO(A)] [OBS=ADVOGADA] TRAB.RURAL
00438;;;;;JOSE INACIO DA SILVA **;JOSE INACIO DA SILVA **;;RODOVIA 31/KM.24/GB.12-E/LT.25;;ZONA RURAL;0613;RO;Brasil;78954000;OBSERVACAO ATUALIZAR CADASTRO [OBS=(PAI DO ZELAO)] TRAB.RURAL
00458;;;;;LEANDRO DOS SANTOS **;LEANDRO DOS SANTOS **;;AVENIDA AFONSO PENA;;ZONA RURAL;0613;RO;Brasil;78954000;[CIVIL=SOLTEIRO(A)]
00469;PF;35130407253;756338;;LEOMAR TEIXEIRA;LEOMAR TEIXEIRA;;RODOVIA TN.6/GB.1/LT.381;;ZONA RURAL;0613;RO;Brasil;78954000;[CIVIL=SOLTEIRO(A)]
00454;;;;;LIEUSON AFONSO MAGESKI **;LIEUSON AFONSO MAGESKI **;;;;CENTRO;0001;RO;Brasil;78960000;OBSERVACAO ATUALIZAR CADASTRO VIRGILANTE
00467;;;;;LEIA ELDA BARBOSA;LEIA ELDA BARBOSA **;;;;CENTRO;0001;RO;Brasil;78960000;OBSERVACAO ATUALIZAR CADASTRO PROFESSORA
00472;PF;73000299220;758441;;LENIRA DE JESUS ALCIDES MERCANDELY **;LENIRA DE JESUS ALCIDES MERCANDELY **;;RODOVIA TN.10/GB.1/LT.277;;ZONA RURAL;0613;RO;Brasil;78954000;OBSERVACAO ATUALIZAR CADASTRO TRAB.RURAL
00445;PF;68067275220;207750;;JOSE NETO MARTINS **;JOSE NETO MARTINS **;;RUA JORGE TEIXEIRA ESQUINA C/R:VO LUIZA;;CENTRO;0613;RO;Brasil;78954000;OBSERVACAO ATUALIZAR CADASTRO
00446;PF;45771634204;475700;;JOSE APARECIDO BARCELLO **;JOSE APARECIDO BARCELLO **;;RODOVIA 37/KM.24/GB.12-B/LT.32;;ZONA RURAL;0613;RO;Brasil;78954000;OBSERVACAO ATUALIZAR CADASTRO LAVRADOR
00457;PF;72852593220;771756;;LENILDA CABRAL FERREIRA **;LENILDA CABRAL FERREIRA **;093399268;RODOVIA 37/KM28/GB.12-E/LT.45;;ZONA RURAL;0613;RO;Brasil;78954000;OBSERVACAO ATUALIZAR CADASTRO AGRICULTOR
00468;PF;47846828215;504944;;LINDALVA PEREIRA DE LIMA **;LINDALVA PEREIRA DE LIMA **;;RODOVIA TN.10/LT.307;;ZONA RURAL;0613;RO;Brasil;78954000;OBSERVACAO ATUALIZAR CADASTRO TRAB.RURAL
00439;PF;09094865904;41112;;JOSE OSCAR DA COSTA;JOSE OSCAR DA COSTA;;RODOVIA /KM.24/GB.4-D/LT.26;;ZONA RURAL;0613;RO;Brasil;78954000;[CIVIL=SOLTEIRO(A)] LAVRADOR
00425;PF;69535116215;561640;;JOSE ILDO DE MELO GOMES;JOSE ILDO DE MELO GOMES;;LINHA 16 DA LINHA 31 LOTE 32 GB 8B;CASA;ZONA RURAL;0613;RO;Brasil;76928000;
00420;PF;42243378272;631499;;JOSE MARTINS DE OLIVEIRA;JOSE MARTINS DE OLIVEIRA **;;RODOVIA LINHA 31 KM 24 LOTE 22 GLEBA 12E;;ZONA RURAL;0613;RO;Brasil;76928000;
00430;PF;33665001900;192154;;JOSE PIMENTEL **;JOSE PIMENTEL **;;RODOVIA 37/KM.28/GB.12-E/LT.13;;ZONA RURAL;0613;RO;Brasil;78954000;NÃO AUTORIZA NINGUEM COMPRAR!!! LIBERAR VENDA SOMENTE COM A PRESENÇA E ASSINATURA DELE!!
00434;PF;69081263234;754931;;LUCILENE VIZINTIM FERREIRA **;LUCILENE VIZINTIM FERREIRA **;992229253;LINHA 37 KM32 LOTE 20 GL12F;;ZONA RURAL;0613;RO;Brasil;78954000;OBSERVACAO ATUALIZAR CADASTRO
00405;PF;86293702204;625015;;GEFISSON VIEIRA DE ARAUJO;GEFISSON VIEIRA DE ARAUJO;6992841874;LINHA 22 KM 20 GB 8 C LT 21;;ZONA RURAL;0613;RO;Brasil;76928000;MOTORISTA
00427;PF;58303227220;563510;;ROSANE CUSTODIO DE SOUZA;ROSANE CUSTODIO DE SOUZA;;RUA DANIEL HERINGER;;CENTRO;0613;RO;Brasil;78954000;OBS: ATUALIZAR CADASTRO DO LAR
00408;PF;53830547234;5882304;;JOSELIA LEAL SANTOS (N VENDER ADRIANA);JOSELIA LEAL SANTOS;092822193;RODOVIA TN10/GB.01/LT.275;;ZONA RURAL;0613;RO;Brasil;78954000;OBSERVACAO ATUALIZAR CADASTRO LAVRADORA
00428;PF;90528042220;758461;;JOSE LEONARDO FILHO;JOSE LEONARDO FILHO;;RUA JOSE MARTINS;;CENTRO;0613;RO;Brasil;76928000;[CIVIL=SOLTEIRO(A)] SERVISSOS GERAIS
00429;PF;45677530204;499028;;JOSE ROSA DA COSTA;JOSE ROSA DA COSTA;;RUA SANTINA MONTAVAN;;ZONA RURAL;0613;RO;Brasil;78954000;[CIVIL=SOLTEIRO(A)] FUNCIONARIO PUBLICO
00409;PF;08517061268;;;JOAQUIM LUCIANO PIO;JOAQUIM LUCIANO PIO;;RODOVIA LH 31 KM28 GB12E LT 31;;ZONA RURAL;0613;RO;Brasil;76928000;[CIVIL=SOLTEIRO(A)] LAVRADOR
00422;PF;81019238291;758479;;JOSE ROBERTO PINTO OLIVEIRA;JOSE ROBERTO PINTO OLIVEIRA;;RODOVIA 22/KM.16/GB.4-B/LT.7;;ZONA RURAL;0613;RO;Brasil;78954000;OBS: ATUALIZAR CADASTRO TRAB.RURAL
00407;PF;76053750263;546525;;JOSEMAR SANTOS MORAIS;JOSEMAR SANTOS MORAIS;;SANTOS DUMONT;;CENTRO;0613;RO;Brasil;76928000;VENDER P/ WILLIAN`S SOMENTE QUANDO PAGAR AS ATRASADAS. LAVRADOR
00403;PF;58136975272;555545;;JOAO ALVES RODRIGUES **;JOAO ALVES RODRIGUES **;092670682;RUA TANCREDO NEVES-N;;CENTRO;0613;RO;Brasil;78954000;ATUALIZAR CADASTRO
00406;;;914089;;JOSILENE BATISTA JORDAO **;JOSILENE BATISTA JORDAO **;;AVENIDA AFONSO PENA-N;;CENTRO;0613;RO;Brasil;78954000;OBS: ATUALIZAR CADASTRO
00421;PF;40925773204;;;AMILTON GOMES FERREIRA;AMILTON GOMES FERREIRA;034651080;RUA NOVA ESPERANCA N;;CENTRO;0613;RO;Brasil;76928000;OBS: ATUALIZAR CADASTRO FUNC. PUBLICO
00424;PF;35015098200;;;JOSE CARLOS DA SILVA **;JOSE CARLOS DA SILVA **;6992065580;DANIEL HERINGER;;CENTRO;0613;RO;Brasil;78954000;[CIVIL=CASADO(A)] OBS: ATUALIZAR CADASTRO GUARDA
00416;PF;69177694287;631580;;JOSE RAMOS DA CRUZ **;JOSE RAMOS DA CRUZ **;092183950;RODOVIA 32/KM.31/GB.12-F/LT.48;;ZONA RURAL;0613;RO;Brasil;78954000;OBS: ATUALIZAR CADASTRO LAVRADOR
00426;PF;70395748291;;;JOSE NILDO CAETANO DE ARAUJO **;JOSE NILDO CAETANO DE ARAUJO **;;RODOVIA 37/KM.24/GB.12-E/LT.16;;ZONA RURAL;0613;RO;Brasil;78954000;OBSERVACAO ATUALIZAR CADASTRO LAVRADOR
00401;PF;22147705268;255745;;JOAO MARIA GUEDES **;JOAO MARIA GUEDES **;;AVENIDA AFONFO PENA;;ZONA RURAL;0613;RO;Brasil;78954000;OBSERVACAO ATUALIZAR CADASTRO
00415;PF;29476151153;164392;;JOAO PASCOALIM DEODATO **;JOAO PASCOALIM DEODATO **;;RODOVIA 12/GB.08-A/LT.08-A;;ZONA RURAL;0613;RO;Brasil;78954000;OBSERVACAO ATUALIZAR CADASTRO
00411;PF;72092963287;992147;;JOVENAL NUNES FERNANDES **;JOVENAL NUNES FERNANDES **;;RODOVIA 28/GB.01/LT.626(ESC.CASTELO BRAN;;ZONA RURAL;0613;RO;Brasil;78954000;[CIVIL=SOLTEIRO(A)] [OBS=ADVOGADA] LAVRADOR
00412;PF;64568962234;759353;;JOEL CAETANO DA SILVA **;JOEL CAETANO DA SILVA **;;RODOVIA 31/KM.20/GB.08-C/LT.22;;ZONA RURAL;0613;RO;Brasil;78954000;OBSERVACAO ATUALIZAR CADASTRO TRAB.RURAL
00432;PF;41883632234;;;JOSE DE OLIVEIRA //ZECA;JOSE DE OLIVEIRA //ZECA;;-SE;;CENTRO;0613;RO;Brasil;78954000;[CIVIL=CASADO(A)] LAVRADOR
00404;PF;69281068249;759366;;JOCEMIRA CAETANO DA SILVA;JOCEMIRA CAETANO DA SILVA;;RODOVIA 22/KM.20/GB.8-C/LT.22;;ZONA RURAL;0613;RO;Brasil;78954000;[CIVIL=CASADO(A)] [OBS=ADVOGADA] DO LAR
00419;;;;;JOSE CARLOS BENEDITO **;JOSE CARLOS BENEDITO **;;RODOVIA 22/KM.24;;ZONA RURAL;0613;RO;Brasil;78954000;OBSERVACAO ATUALIZAR CADASTRO
00431;PF;57876150268;758451;;JOSE APARECIDO VIEIRA DOS SANTOS **;JOSE APARECIDO VIEIRA DOS SANTOS **;;RODOVIA /KM.16/GB.8-B/LT.8;;ZONA RURAL;0613;RO;Brasil;78954000;OBSERVACAO ATUALIZAR CADASTRO TRAB.RURAL
00413;PF;64226095220;603630;;JOEL COSTA **;JOEL COSTA **;;RODOVIA 28;;ZONA RURAL;0613;RO;Brasil;78954000;[CIVIL=SOLTEIRO(A)] VAQUEIRO
00423;PF;73883280259;;;JOSE ADAILTON DOS SANTOS **;JOSE ADAILTON DOS SANTOS **;;LUIZ BORGES;;CENTRO;0613;RO;Brasil;76928000;OBSERVACAO ATUALIZAR CADASTRO [OBS=(GENRO ANANIAS)]
00433;PF;32654618234;343607;;JOSE NILTON DE SOUZA **;JOSE NILTON DE SOUZA **;;RODOVIA TN.32/GB.1/LT.539;;ZONA RURAL;0613;RO;Brasil;78954000;OBSERVACAO ATUALIZAR CADASTRO TRB.RURAL
00414;;;;;JONAS LOPES DE FREITAS **;JONAS LOPES DE FREITAS **;;RODOVIA 37/(CERRA);;ZONA RURAL;0613;RO;Brasil;78954000;OBSERVACAO ATUALIZAR CADASTRO
00435;;;;;JOSE LOPES **;JOSE LOPES **;;RODOVIA 31/KM.;;ZONA RURAL;0613;RO;Brasil;78954000;OBSERVACAO ATUALIZAR CADASTRO
00436;PF;63690055253;691777;;JOSE ANGELO **;JOSE ANGELO **;;RODOVIA 31/KM.28/GB-12-F/LT.43;;ZONA RURAL;0613;RO;Brasil;78954000;OBSERVACAO ATUALIZAR CADASTRO LAVRADOR
00417;;;757996;;JOSE RABELO DOS SANTOS **;JOSE RABELO DOS SANTOS **;;RODOVIA 31/KM.12/GB.12-A/LT.17;;ZONA RURAL;0613;RO;Brasil;78954000;OBSERVACAO ATUALIZAR CADASTRO LAVRADOR
00400;PF;68517947215;452200;;JOANA SOUTO AGUIAR;JOANA SOUTO AGUIAR;;LINHA 37 KM 24 GLEBA 12D LOTE 39;;ZONA RURAL;0613;RO;Brasil;76928000;OBSERVACAO ATUALIZAR CADASTRO PROFESSORA
00371;PF;21552843653;10952534;;JANDIRA CLARA DE JESUS;JANDIRA CLARA DE JESUS;;RUA SANTOS DUMON;;CENTRO;0613;RO;Brasil;76928000;
00367;PF;35129611268;434724;;JURACI JOSE DOS SANTOS;JURACI JOSE DOS SANTOS;;RODOVIA LINHA 16 KM 31 GLEBA 8C LOTE 8;;ZONA RURAL;0613;RO;Brasil;76928000;OBS: ATUALIZAR CADASTRO
00379;PF;66157625287;000631514;;JULIA ALVES VIEIRA DE OLIVEIRA **;JULIA ALVES VIEIRA DE OLIVEIRA **;;LH 31 KM 20 LT 21 GB 12D;;ZONA RURAL;0613;RO;Brasil;76928000;OS FILHOS PEDIU PARA NAO VENDER DEVIDO PROBLEMAS DE SAUDE
00397;PF;47025662291;730455;;JOAQUIM GONCALVES;JOAQUIM GONCALVES;;RODOVIA TN10/LT421/GB01;;ZONA RURAL;9653;RO;Brasil;76929000;ATUALIZAR CADASTRO TRAB.RURAL
00396;PF;85709816272;759079;;JOSIANE FERREIRA DE ARAUJO **;JOSIANE FERREIRA DE ARAUJO **;092487030;RODOVIA LH TN6 LT 377 GB 1;;ZONA RURAL;0613;RO;Brasil;76928000;OBS: ATUALIZAR CADASTRO LAVRADORA
00388;PF;41882911253;534423;;JESUEL RUFINO;JESUEL RUFINO;;RODOVIA 37/KM.24/GB.12-E/LT.9;;ZONA RURAL;0613;RO;Brasil;78954000;FALECIDO LAVRADOR
00370;PF;73958280200;784900;;JHONATA LEAL RODRIGUES **;JHONATA LEAL RODRIGUES **;099578036;RODOVIA TN06/LT.512/GB.01;;ZONA RURAL;0613;RO;Brasil;78954000;[CIVIL=SOLTEIRO(A)] TRAB RURAL
00380;PF;19068271253;104019;;JAIR DIAS SOBRINHO **;JAIR DIAS SOBRINHO **;6992838626;RODOVIA 31/KM.28;;ZONA RURAL;0613;RO;Brasil;76928000;[CIVIL=CASADO(A)] [OBS=(LATICINIO FAVO DE MEL)] TRAB.RURAL
00386;PF;08453499705;10827100;;JEAN CARLOS CAMPOS LACERDA **;JEAN CARLOS CAMPOS LACERDA **;092211030;RUA DUQUE DE CAXIAS;;CENTRO;0613;RO;Brasil;78954000;OBS: ATUALIZAR CADASTRO COMERCIANTE
00372;;;;;JURACI MOREIRA TOSTA **;JURACI MOREIRA TOSTA **;;;;BAIRRO DAS ROSAS;0001;RO;Brasil;78960000;OBSERVACAO ATUALIZAR CADASTRO
00374;PF;61010758268;;;JUCIMAR PEREIRA SANTOS;JUCIMAR PEREIRA SANTOS;;;;BAIRRO DAS ROSAS;0001;RO;Brasil;78960000;[CIVIL=SOLTEIRO(A)] [OBS=ADVOGADA]
00381;PF;80917879287;758382;;JULIO CESAR DO NASCIMENTO **;JULIO CESAR DO NASCIMENTO **;;RODOVIA TN.04/LT.642/GB.01;;ZONA RURAL;0613;RO;Brasil;78954000;OBSERVACAO ATUALIZAR CADASTRO TRAB.RURAL
00391;PF;64364488291;641065;;JOAO BATISTA MERCANDELI **;JOAO BATISTA MERCANDELI **;;RODOVIA 31/KM.16/GB.8-B/LT.26;;ZONA RURAL;0613;RO;Brasil;78954000;OBSERVACAO ATUALIZAR CADASTRO LAVRADOR
00382;PF;63947234287;;;JULIO AVELAR DE SOUZA **;JULIO AVELAR DE SOUZA **;;RUA MC SUPERMERCADO;;BAIRRO DAS ROSAS;0613;RO;Brasil;78954000;[CIVIL=CASADO(A)] PM
00384;PF;90658221272;951344;;JUVENAL FERREIRA DA CRUZ **;JUVENAL FERREIRA DA CRUZ **;;RODOVIA 37/KM.24/GB.12-E/LT.12;;ZONA RURAL;0613;RO;Brasil;78954000;OBSERVACAO ATUALIZAR CADASTRO
00385;PF;80509495249;758298;;JUAREZ CAETANO DA SILVA;JUAREZ CAETANO DA SILVA;;RODOVIA 22/KM.20/GB.8-C/LT.22;;ZONA RURAL;0613;RO;Brasil;78954000;[CIVIL=SOLTEIRO(A)] [OBS=ADVOGADA] VAQUEIRO
00395;PF;29904226253;434749;;JOAO BATISTA NEGRINE MERCANDELI **;JOAO BATISTA NEGRINE MERCANDELI **;092686851;RODOVIA LINHA 16 KM 31 GLEBA 8B LOTE 30;;ZONA RURAL;0613;RO;Brasil;76928000;PRODUTOR
00376;;;;;JEAN DE SOUZA VALADAO **;JEAN DE SOUZA VALADAO **;;RODOVIA 31/KM.24/(R.ALAIDES ALCANTARA).;;ZONA RURAL;0613;RO;Brasil;78954000;OBSERVACAO ATUALIZAR CADASTRO
00377;;;707646;;JURANDIR JOSE DOS SANTOS **;JURANDIR JOSE DOS SANTOS **;;RODOVIA 16/LM.31/GB.08-C/LT.08;;ZONA RURAL;0613;RO;Brasil;78954000;OBSERVACAO ATUALIZAR CADASTRO LAVRADOR
00387;PF;44634978920;;;JURACI MIGUEL PEREIRA **;JURACI MIGUEL PEREIRA **;;RUA VO LUIZA;;CENTRO;0613;RO;Brasil;78954000;OBSERVACAO ATUALIZAR CADASTRO PEDREIRO
00368;PF;57870900206;503008;;JAIR DOS SANTOS;JAIR DOS SANTOS;;RODOVIA 31/KM.20/GB.12-C/LT.22;;ZONA RURAL;0613;RO;Brasil;78954000;OBSERVACAO ATUALIZAR CADASTRO TRAB.RURAL
00398;PF;73259675272;;;JORGINA MARIA DOS SANTOS BARROS **;JORGINA MARIA DOS SANTOS BARROS **;;RODOVIA 37/KM.32/GB.12-C/LT.28;;ZONA RURAL;0613;RO;Brasil;78954000;OBSERVACAO ATUALIZAR CADASTRO LAVRADOR
00383;;;;;JULIA MOREIRA TOSTA **;JULIA MOREIRA TOSTA **;;;;BAIRRO DAS ROSAS;0001;RO;Brasil;78960000;OBSERVACAO ATUALIZAR CADASTRO
00392;PF;32658010206;344926;;JOSEDEC GOMES **;JOSEDEC GOMES **;;RODOVIA 31/KM16/GB.8-B/LT.25;;ZONA RURAL;0613;RO;Brasil;78954000;OBSERVACAO ATUALIZAR CADASTRO LAVRADOR
00393;;;891111;;JOSEMAR CORREA SANTANA;JOSEMAR CORREA SANTANA;;RODOVIA 22/KM.16/GB.8-B/LT.19;;ZONA RURAL;0613;RO;Brasil;78954000;OBSERVACAO ATUALIZAR CADASTRO
00394;PF;73884502204;780533;;JOSUE PEREIRA DA ROCHA **;JOSUE PEREIRA DA ROCHA **;;RODOVIA 20/GB.8-C/LT.33;;ZONA RURAL;0613;RO;Brasil;78954000;OBSERVACAO ATUALIZAR CADASTRO
00375;PF;10288481291;107444;;JUARES NASCIMENTO BARBOSA **;JUARES NASCIMENTO BARBOSA **;;RODOVIA 36/KM.40/GB.01-A/LT.05;;ZONA RURAL;0613;RO;Brasil;78954000;OBSERVACAO ATUALIZAR CADASTRO AGRICULTOR
00378;;115629512;129456;;JEFERSON BARBOSA CORDEIRO;JEFERSON BARBOSA CORDEIRO;;RODOVIA 37/KM.28/GB.12-E/LT.50;;ZONA RURAL;0613;RO;Brasil;78954000;[CIVIL=SOLTEIRO(A)] LAVRADOR
00369;PF;78026431200;756191;;JUSARA CAETANO DA SILVA **;JUSARA CAETANO DA SILVA **;;RODOVIA 22/KM.20/GB.08-C/LT.22;;ZONA RURAL;0613;RO;Brasil;78954000;OBSERVACAO ATUALIZAR CADASTRO TRAB.RURAL
00389;;389;;;JAIME YUMSZ;JAIME YUMSZ;;RODOVIA TN.2/LT.554;;ZONA RURAL;0613;RO;Brasil;78954000;[CIVIL=SOLTEIRO(A)] [OBS=(GENRRO SR.GENTIL LH.32)]
00399;PF;33054525953;19887758;;JOAO VICENTE SILVA **;JOAO VICENTE SILVA **;;RODOVIA 31/KM.24/ LT 25 GB 12B;;ZONA RURAL;0613;RO;Brasil;78954000;OBSERVACAO ATUALIZAR CADASTRO
00366;PF;62893289215;573036;;JESSE PEDRO DE SOUZA **;JESSE PEDRO DE SOUZA **;;RODOVIA A-1/GB.01/LT.70;;ZONA RURAL;9653;RO;Brasil;78955000;OBSERVACAO ATUALIZAR CADASTRO COMERCIANTE
00365;PF;61874051291;620709;;JAQUELINE SOUZA LEITE;JAQUELINE SOUZA LEITE;092882346;RUA CUSTODIO VITOR;;CENTRO;0613;RO;Brasil;76928000;OBS: ATUALIZAR CADASTRO SECRETARIA
00358;PF;45677654272;45677654272;;IVONE LIMA FIGUEREDO;IVONE LIMA FIGUEREDO;;RUA RIO BRANCO;CASA;CENTRO;0613;RO;Brasil;76928000;
00350;PF;03582341747;1262701;;IVANETE LUCAS SOUZA CAVALCANTE **;IVANETE LUCAS SOUZA CAVALCANTE **;;RUA TRAVAIN;;SETOR INDUSTRIAL;0613;RO;Brasil;78954000;OBS: ATUALIZAR CADASTRO
00345;PF;69454078291;1605533;;IVAIDE ALVES DOS SANTOS;IVAIDE ALVES DOS SANTOS;;RODOVIA 31/KM.20/GB.8-C/LT.23;;ZONA RURAL;0613;RO;Brasil;78954000;
00336;PF;80147828287;773050;;IRACI BARROS DA SILVA;IRACI BARROS DA SILVA;;RUA TANCREDO NEVES;;ZONA RURAL;0613;RO;Brasil;76928000;OBS: ATUALIZAR CADASTRO
00357;PF;66244129253;448085;;IVANI VIEIRA DE ARAUJO;IVANI VIEIRA DE ARAUJO;;RODOVIA LH20 KM22 GB08 DLT16;;ZONA RURAL;0613;RO;Brasil;76928000;OBS> ATUALIZAR CADASTRO DO LAR
00338;PF;35125438200;758453;;IRENE RAMOS MUNIS **;IRENE RAMOS MUNIS **;;LINHA 31 KM 20 LOTE 24 GLEBA 8C;;ZONA RURAL;0613;RO;Brasil;78954000;OBS: ATUALIZAR CADASTRO LAVRADORA
00348;PF;77942493253;814226;;IVANILDO RODRIGUES DE MORAIS;IVANILDO RODRIGUES DE MORAIS;6992020466;RODOVIA LH 24 KM 31 LT 35 GB 8D;;ZONA RURAL;0613;RO;Brasil;76928000;LARA SAMILY NÃO ESTA AUTORIZADA A COMPRAR!!!!!
00349;PF;00556836227;000822174;;IVANI RODRIGUES DE MORAIS **;IVANI RODRIGUES DE MORAIS **;093058886;RODOVIA 31/KM.24/GB.8-D/LT.33;;ZONA RURAL;0613;RO;Brasil;78954000;FICHA REATIVADA (05/12/2025) AUTORIZADA SIDNEY. LIMITE REDUZIDO R$200,00
00353;PF;46930590215;433722;;IVALMIDE NEGRINE DA SILVA **;IVALMIDI NEGRINE DA SILVA **;;RODOVIA LINHA 31 KM 24 GLEBA 8E LOTE 4;;ZONA RURAL;0613;RO;Brasil;76928000;OBS: ATUALIZAR CADASTRO TRAB.RURAL
00354;PF;83239774291;0880495;;IVANETE NEGRINE GONCALVES FIGUEREDO;IVANETE NEGRINE GONCALVES FIGUEREDO;;RUA VO LUIZA;;CENTRO;0613;RO;Brasil;78954000;[CIVIL=SOLTEIRO(A)] [OBS=MOTIVO DE ATRASO] DO LAR
00332;PF;69809496249;757983;;ISAAC MOREIRA SANTOS **;ISAC MOREIRA SANTOS **;092518938;JOSE MARTINS;;CENTRO;0613;RO;Brasil;78954000;OBS: ATUALIZAR CADASTRO ENTREGADOR
00335;PF;47025530204;561548;;ILSON APARECIDO ELOY FERREIRA **;ILSON APARECIDO ELOY FERREIRA **;;RODOVIA 28/GB.12-F/LT.45;;ZONA RURAL;0613;RO;Brasil;78954000;OBS: ATUALIZAR CADASTRO
00342;PF;32702329268;38081926;;ISABEL ROSA DE JESUS MATOS **;ISABEL ROSA DE JESUS MATOS **;099966512;RODOVIA 31/KM.12/GB.8-B/LT.3;;ZONA RURAL;6552;RO;Brasil;78950000;OBS: ATUALIZAR CADASTRO DO LAR
00331;;;;;ISMERIO NETO **;ISMERIO NETO **;092532114;RODOVIA 31/KM24/GB.12-E/LT.20;;ZONA RURAL;0613;RO;Brasil;78954000;FALECEU
00356;PF;29582539291;;;IVALDO GOMES DA SILVA **;IVALDO GOMES DA SILVA **;;RUA TANCREDO NEVES;;CENTRO;0613;RO;Brasil;78954000;OBS: ATUALIZAR CADASTRO
00347;;;;;IVONE DE OLIVEIRA SILVA;IVONE DE OLIVEIRA SILVA;;RODOVIA 31/KM.20/GB.8-C/LT.24;;ZONA RURAL;0613;RO;Brasil;78954000;[CIVIL=SOLTEIRO(A)] LAVRADOR
00362;PF;73420115253;;;JUCINEIA MOREIRA TOSTA;JUCINEIA MOREIRA TOSTA;;RODOVIA 37/KM.28/GB.12-F/LT.29;;ZONA RURAL;0613;RO;Brasil;78954000;OBS: ATUALIZAR CADASTRO
00364;;;;;JUCENI TOSTA MOREIRA DA SILVA;JUCENI TOSTA MOREIRA DA SILVA;;RUA DUQUE DE CAXIAS;;CENTRO;0613;RO;Brasil;78954000;OBSERVACAO ATUALIZAR CADASTRO
00346;PF;62766040200;674310;;IVANETE TEIXEIRA BATISTA;IVANETE TEIXEIRA BATISTA **;;RODOVIA 22/KM.20/GB.8-C/LT.20;;ZONA RURAL;0613;RO;Brasil;78954000;ATUALIZAR CADASTRO TRAB.RURAL
00337;PF;81245246291;448080;;ILZA BENEDITA DA SILVA **;ILZA BENEDITA DA SILVA **;092735460;RODOVIA 31/KM.28/LT34 GB12ETRAVESSAO DA;;ZONA RURAL;0613;RO;Brasil;76928000;OBS: ATUALIZAR CADASTRO FICHA CANCELADA PORQUE CLIENTE MUDOU PARA OUTRA CIDADE DO LAR
00340;PF;35125357200;380424;;IZABEL LOPES DE ARAUJO **;IZABEL LOPES DE ARAUJO **;;RODOVIA 16/GB.8-B/LT.4;;ZONA RURAL;0613;RO;Brasil;78954000;[CIVIL=SOLTEIRO(A)] APOSENTADA
00360;PF;25913265840;305708;;JANE MARIA DE ARAUJO;JANE MARIA DE ARAUJO;;RODOVIA 37/KM.16/GB.12-B/LT.28;;ZONA RURAL;0613;RO;Brasil;78954000;[CIVIL=SOLTEIRO(A)] [OBS=FICHA P/ ADVOGADA]
00341;;;;;ILZENI ALVES DE SOUZA CUNHA **;ILZENI ALVES DE SOUZA CUNHA **;;RODOVIA 37/KM28/GB.12-F/LT.48;;ZONA RURAL;0613;RO;Brasil;78954000;OBS: ATUALIZAR CADASTRO
00361;PF;65857577772;557031;;JUDITE JOSE RODRIGUES **;JUDITE JOSE RODRIGUES **;092456502;RUA LUIZ ALCANTARA;;GRILO;0613;RO;Brasil;78954000;OBS: ATUALIZAR CADASTRO
00363;;363;;;JUCIRLENE PEREIRA SILVA **;JUCIRLENE PEREIRA SILVA **;;RODOVIA 31/KM.32/GB.12-F/LT.62;;ZONA RURAL;0613;RO;Brasil;78954000;[CIVIL=SOLTEIRO(A)] DO LAR
00359;;;;;IVONE MARIA CAPPATTO **;IVONE MARIA CAPPATTO **;;RUA DUQUE DE CAXIAS;;CENTRO;0613;RO;Brasil;78954000;[CIVIL=SOLTEIRO(A)] [OBS=ADVOGADA]
00333;;333;;;IRENE GRACIOLLE CARLETO **;IRENE GRACIOLLE CARLETO **;;;;BAIRRO DAS ROSAS;0001;RO;Brasil;78960000;[CIVIL=SOLTEIRO(A)]
00343;PF;76248550204;;;IVETE CARLETTO FRAN_A **;IVETE CARLETTO FRAN_A **;;;;;0001;RO;Brasil;78960000;[CIVIL=SOLTEIRO(A)]
00351;PF;64568229200;744371;;IVANILDA SANTOS FERREIRA **;IVANILDA SANTOS FERREIRA **;;RODOVIA 37/KM.20/GB.12-D/LT.4;;ZONA RURAL;0613;RO;Brasil;78954000;OBS: ATUALIZAR CADASTRO
00334;PF;40820475220;214980;;IDALINA DE ARAUJO ORTEGA **;IDALINA DE ARAUJO ORTEGA **;;RODOVIA TN.6/GB.1/LT.364;;ZONA RURAL;0613;RO;Brasil;78954000;OBS: ATUALIZAR CADASTRO LAVRADORA
00344;PF;40926753215;;;IVANETE RODRIGUES DE AGUIAR **;IVANETE RODRIGUES DE AGUIAR **;;RODOVIA 31/KM.19/GB.12-A/LT.21;;ZONA RURAL;0613;RO;Brasil;78954000;OBS: ATUALIZAR CADASTRO
00355;;;758021;;IVANEIDE ALVES DE SOUZA **;IVANEIDE ALVES DE SOUZA **;;RODOVIA 31/KM.16/GB.08-B/LT.33;;ZONA RURAL;0613;RO;Brasil;78954000;OBS: ATUALIZAR CADASTRO AGRICULTORA
00330;PF;35047828204;103897;;IRACILDA BATHE NINKI **;IRACILDA BATHE NINKI **;;RUA SANTOS DUMON;;CENTRO;0613;RO;Brasil;78954000;OBS: ATUALIZAR CADASTRO
00301;PF;31248420225;497645;;GERALDO CANDIDO DA SILVA **;GERALDO CANDIDO DA SILVA **;;RUA ALIDES FERNANDES;;CENTRO;0613;RO;Brasil;76928000;OBS: ATUALIZAR CADASTRO GERENTE
00322;PF;40932907253;000561676;;ILSON SOUZA LACERDA **;ILSON SOUZA LACERDA **;092184693;LINHA 20 KM 31 GB 12C LOTE 20;;ZONA RURAL;0613;RO;Brasil;76928000;OBS: ATUALIZAR CADASTRO
00306;PF;11353252272;107018;;GESSE CALISTO DE FRANCA **;GESSE CALISTO DE FRAN_A **;;RUA DUQUE DE CAXIAS;;CENTRO;0613;RO;Brasil;76928000;[CIVIL=SOLTEIRO(A)] [OBS=(AO LADO BARRIGA CHEIA)] OBS: ATUALIZAR CADASTRO PROFESSOR
00316;PF;00726272205;448634;;HELENA RAMOS SILVA MULLER;HELENA RAMOS SILVA MULLER;;LINHA 31 KM 24 GL 8D LOTE 25;;ZONA RURAL;0613;RO;Brasil;76928000;OBS: ATUALIZAR CADASTRO
00308;PF;81938802268;771735;;GEMIMA SILVA SANTOS;GEMIMA SILVA SANTOS;;RODOVIA MONTE CASTELO;;CENTRO;0613;RO;Brasil;76928000;ZALADORA
00328;PF;28620577204;197295;;IDENIR OLIVEIRA RODRIGUES **;IDENIR OLIVEIRA RODRIGUES **;;RUA DUQUE D CAXIAS;CASA;CENTRO;0613;RO;Brasil;76928000;
00299;PF;85325830678;2995176;;GESSI ANTONIO AVELINO **;GESSI ANTONIO AVELINO **;;RUA MONTE CASTELO;;CENTRO;0613;RO;Brasil;76928000;OBS: ATUAIZAR CADASTRO
00317;PF;16262387234;3751881;;HONORIM GONCALVES PEREIRA **;HONORIM GONCALVES PEREIRA **;6993306478;RODOVIA 31/KM.32/GB.12-G/LT.32;;ZONA RURAL;0613;RO;Brasil;78954000;OBS: ATUALIZAR CADASTRO AGRICULTOR
00305;PF;74592467272;799088;;GEOVAN ROBERTO RAMOS;GEOVAN ROBERTO RAMOS;;RUA BELMIRO ARAUJO -N;;CENTRO;0613;RO;Brasil;78954000;OBSERVACAO ATUALIZAR CADASTRO
00300;;300;788471;;GENIVALDO DE OLIVEIRA;GENIVALDO DE OLIVEIRA;;RUA JOSE MARIA PRETES-N;;CENTRO;9653;RO;Brasil;78955000;[CIVIL=SOLTEIRO(A)] [OBS=(GAGUIM DA RONDOBRAZ)] VAZEIRO
00320;PF;47025611204;499481;;HELENA RODRIGUES DA SILVA **;HELENA RODRIGUES DA SILVA **;093134370;RODOVIA 31/KM24/GB.8-E/LT.4;;ZONA RURAL;0613;RO;Brasil;78954000;[CIVIL=CASADO(A)] DO LAR
00324;PF;79927696272;830572;;ISMAEL ARAUJO LEITE **;ISMAEL ARAUJO LEITE **;092836498;RODOVIA 31/KM.28/;;ZONA RURAL;0613;RO;Brasil;78954000;PEDIU P/ CANCELAQR
00325;PF;79621252253;7588906;;IRACEMA DE SOUZA SILVA **;IRACEMA DE SOUZA SILVA **;6992827545;RODOVIA LINHA 20 KM 31 GLEBA 8C LOTE 24;;ZONA RURAL;0613;RO;Brasil;76928000;[CIVIL=CASADO(A)] LAVRADORA
00311;PF;58816518200;;;GENIVALDO SILVA SANTOS;GENIVALDO SILVA SANTOS;092152435;TRANQUEDO NEVES;;CENTRO;0613;RO;Brasil;76928000;[CIVIL=CASADO(A)]
00327;PF;45677840220;;;IRACI PEREIRA DE LIMA **;IRACI PEREIRA DE LIMA **;;RODOVIA 31/KM.28/GB.12-F/LT.57;;ZONA RURAL;0613;RO;Brasil;78954000;OBS: ATUALIZAR CADASTRO TRAB.RURAL
00329;;;;;IRENI PEREIRA DA ROCHA **;IRENI PEREIRA DA ROCHA **;;RODOVIA 31/KM.20/GB.8-C/LT.33;;ZONA RURAL;0613;RO;Brasil;78954000;OBS: ATUALIZAR CADASTRO
00295;;;;;GEMIMA BARBOSA DA SILVA;GEMIMA BARBOSA DA SILVA;;;;CENTRO;0001;RO;Brasil;78960000;[CIVIL=CASADO(A)] [OBS=FALECIDA] PROFESSORA
00310;;;;;GEANE APARECIDA BRAUM CORREIA;GEANE APARECIDA BRAUM CORREIA;092770297;RODOVIA 22/KM.16/GB.8-B/LT.19;;ZONA RURAL;0613;RO;Brasil;78954000;OBSERVACAO ATUALIZAR CADASTRO ESTUDANTE
00321;PF;79473563272;453930;;ISOLINA SCHWANS;ISOLINA SCHWANS;;RUA DUQUE DE CAXIAS;;CENTRO;0613;RO;Brasil;78954000;[CIVIL=CASADO(A)]
00302;PF;38713276204;1751749;;GERALDO BARBOSA SANTOS **;GERALDO BARBOSA SANTOS **;;RODOVIA 37/KM.24/FUNDIARIA KM.24 COM KM.;;ZONA RURAL;0613;RO;Brasil;78954000;[CIVIL=CASADO(A)] [OBS=CANCELADO POR MOTIVO DE ATRASO.] LAVRADOR
00312;PF;95214984120;1233199;;GERMANO DE SOUZA ANASTACIO;GERMANO DE SOUZA ANASTACIO;;RODOVIA 22/KM.20/GB.8-D/LT.12;;ZONA RURAL;0613;RO;Brasil;78954000;[CIVIL=CASADO(A)] VAQUEIRO
00303;;;;;GENILSON RIBEIRO ANDRADE **;GENILSON RIBEIRO ANDRADE **;;RODOVIA 37/KM.28/GB.12-F/LT.21;;ZONA RURAL;0613;RO;Brasil;78954000;FALECEU
00313;PF;31757669787;866384;;GESO TOSTA **;GESO TOSTA **;;RODOVIA 37/KM.28;;ZONA RURAL;0613;RO;Brasil;78954000;OBSERVACAO ATUALIZAR CADASTRO TRAB.RURAL
00304;;;;;GENITA VITOR DE OLIVEIRA **;GENITA VITOR DE OLIVEIRA **;;RODOVIA 31/KM.20;;ZONA RURAL;0613;RO;Brasil;78954000;OBS: ATUALIZAR CADASTRO
00314;;;;;HOSMARINO HENRIQUE **;HOSMARINO HENRIQUE **;;RODOVIA 37/KM.24;;ZONA RURAL;0613;RO;Brasil;78954000;OBS: ATUALIZAR CADASTRO
00326;PF;99791196249;;;ILCINEIA DA GAMA TINELLI;ILCINEIA DA GAMA TINELLI;093614373;RODOVIA 31/KM.24/GB.12-E/LT.24;;ZONA RURAL;0613;RO;Brasil;78954000;OBS: ATUALIZAR CADASTRO [OBS=PEDIU O CANCELAMENTO PRA NAO VENDER P/ NINGUEM] ESTUDANTE
00296;PF;11571241272;181572;;GERALDO DE SOUZA MENDONCA;GERALDO DE SOUZA MENDONCA;093423005;RODOVIA 31/KM.28/GB.12-E/LT.35;;ZONA RURAL;0613;RO;Brasil;78954000;[CIVIL=CASADO(A)] [OBS=SPC-SCPC-SILMARA] TRAB.RURAL
00298;;298;;;IVONE LOPES OLIVEIRA SILVA **;IVONE LOPES OLIVEIRA SILVA **;;JASMO DE CASTRO;;CENTRO;0613;RO;Brasil;76928000;[CIVIL=CASADO(A)] [OBS=MOTIVO DE ATRASO]
00318;;;;;HERIANE SULDINI DA SILVA **;HERIANE SULDINI DA SILVA **;;;;;0001;RO;Brasil;78960000;OBS: ATUALIZAR CADASTRO FUNCIONARI PUBLICA
00297;;;;;GERIEL ALMEIDA BARBOSA;GERIEL ALMEIDA BARBOSA;;BARROSO;;CENTRO;0613;RO;Brasil;78954000;OBSERVACAO ATUALIZAR CADASTRO SERVISSOS GERAIS
00319;PF;72945800225;788670;;HELIO FERREIRA DA SILVA **;HELIO FERREIRA DA SILVA **;;RODOVIA TN.6/GB.1/LT.351;;ZONA RURAL;9653;RO;Brasil;78955000;OBS: ATUALIZAR CADASTRO VAQUEIRO
00268;PF;47026693204;541056;;FABIO FERREIRA DE AGUIAR **;FABIO FERREIRA DE AGUIAR **;092447944;RODOVIA 31/KM.32/GB.1/LT.592A;;ZONA RURAL;9653;RO;Brasil;76929000;
03196;PF;02182814205;1514831;;NOEMI JUREMEIRA DE ARAUJO;NOEMI;;RUA DUQUE DE CAXIAS;;CENTRO;0613;RO;Brasil;78954000;CLIENTE DE URUPA
00294;PF;42220394204;466311;;GENI ROSA DE SOUZA;GENI ROSA DE SOUZA;;LH 28 KM 31 LT 20 GB 8E;;ZONA RURAL;0613;RO;Brasil;78954000;OBS: ATUALIZAR CADASTRO TRAB RURAL
00277;PF;80998640263;654895;;FLAVIO RONQUE GONZAGA;FLAVIO RONQUE GONZAGA;;LH 16, KM 09, LT 09 GB 4C;;ZONA RURAL;0613;RO;Brasil;78954000;
00266;PF;57758735215;540351;;FABIO RUFINO BORGES;FABIO RUFINO BORGES;;RODOVIA LH TN 10 LT 380 GL 01;;ZONA RURAL;9653;RO;Brasil;76929000;MOTORISTA
00275;PF;15061282892;305658;;FATIMA LUCAS DE SOUZA;FATIMA LUCAS DE S. CAVALCANTE;;RODOVIA 31/KM.16/GB.12-B/LT.25;;ZONA RURAL;0613;RO;Brasil;78954000;OBS: ATUALIZAR CADASTRO LAVRADOR
00289;PF;62641484234;11547278;;GUILHERME MATOS TABOSA;GUILHERME MATOS TABOSA;;TN10/GB.01/LT;;ZONA RURAL;0613;RO;Brasil;78954000;[CIVIL=SOLTEIRO(A)] [OBS=MOTIVO DE ATRASO] LAVRADOR
00274;PF;36933546268;384276;;FRANCISCO CHAGAS DOS SANTOS **;FRANCISCO CHAGAS DOS SANTOS **;;RODOVIA 31/KM.12/GB.12-A/LT.18;;ZONA RURAL;0613;RO;Brasil;78954000;OBSERVACAO ATUALIZAR CADASTRO LAVRADOR
00265;PF;65860624620;4693583;;FERNANDO GONCALVES RIBEIRO;FERNANDO GON_ALVES RIBEIRO;;RODOVIA 31/KM.24/GB.8-D/LT.32;;ZONA RURAL;0613;RO;Brasil;78954000;[CIVIL=SOLTEIRO(A)] [OBS=CLIENTE DISSE PARA NAO VENDER PRA NINGUEM] OBSERVACAO ATUALIZAR CADASTRO LAVRADOR
00290;PF;38664860220;534392;;GILMAR CUSTODIO DE SOUZA;GILMAR CUSTODIO DE SOUZA;092767192;RODOVIA LH 24 KM 31 LT 28 GL 8D;;ZONA RURAL;0613;RO;Brasil;76928000;OBS: ATUALIZAR CADASTRO LAVRADOR
00281;PF;74186973253;604224;;GILMAR BARBOSA DA SILVA **;GILMAR BARBOSA DA SILVA **;081377305;RODOVIA 37/KM.24/GB.12-E/LT.09;;ZONA RURAL;0613;RO;Brasil;78954000;OBS: ATUALIZAR CADASTRO LAVRADOR
00282;PF;76580989220;594182;;GUILSIMEIA JUSTINA SILVEIRA;GUILSIMEIA JUSTINA SILVEIRA;6992134954;RODOVIA LH 31 KM 24 GB 08E LT07;;ZONA RURAL;0613;RO;Brasil;76928000;DO LAR
00273;PF;69078246200;603672;;FABIO ZOTESSO **;FABIO ZOTESSO **;;RODOVIA 37/KM.24/GB.12-E/LT.11;;ZONA RURAL;0613;RO;Brasil;78954000;[CIVIL=SOLTEIRO(A)] [OBS=ADVOGADA] TRAB.RURAL
00264;;;;;FRANCISCA SOARES MENDES DA SILVA **;FRANCISCA SOARES MENDES **;;RODOVIA 31/KM.12/GB.8-A/LT.35;;ZONA RURAL;0613;RO;Brasil;78954000;OBSERVACAO ATUALIZAR CADASTRO DO LAR
00276;PF;77531787253;812177;;FLORISVALDO OLIVEIRA ALGUSTO;FLORISVALDO OLIVEIRA ALGUSTO;6992293314;RODOVIA RUA CUSTODIO VITOR ESQUINA COM N;;ZONA RURAL;0613;RO;Brasil;76928000;ATUALIZAR CADASTRO. CONVERSA REFERENTE ATRASO FRENTISTA DE POSTO
00267;PF;19063083220;186487;;FRANCISCO FERREIRA DOS SANTOS;FRANCISCO FERREIRA DOS SANTOS;093328472;RODOVIA 31/KM.16/GB.8-C/LT.22;;ZONA RURAL;0613;RO;Brasil;78954000;OBSERVACAO ATUALIZAR CADASTRO TRAB.RURAL
00272;;;759066;;FLAVIANE MARTINS DA SILVA **;FLAVIANE MARTINS DA SILVA **;;;;CENTRO;0001;RO;Brasil;78960000;OBSERVACAO ATUALIZAR CADASTRO
00280;PF;42801850934;305588;;GILDAZIO DE LIMA;GILDAZIO DE LIMA;092061508;RODOVIA 16/KM.31/GB.12-B/LT.29;;ZONA RURAL;0613;RO;Brasil;78954000;[CIVIL=CASADO(A)] [OBS=ATRASO] LAVRADOR
00262;PF;80511147287;11220312372;;ERICA PATRICIA PEREIRA DA SILVA **;ERICA PATRICIA PEREIRA DA SILVA **;;AVO LUIZA;;CENTRO;0613;RO;Brasil;76928000;[CIVIL=SOLTEIRO(A)] SECRETARIA
00292;PF;47845961272;;;GILVAM LIMA FIGUEREDO;GILVAM LIMA FIGUEREDO;;DANIEL HERINGER;;CENTRO;0613;RO;Brasil;78954000;[CIVIL=CASADO(A)] [OBS=MOTIVO DE ATRASO] FUNCIONARIO PUBLICO
00263;PF;67564909234;000823617;;FRANCISCO PEREIRA PIMENTEL FILHO **;FRANCISCO PEREIRA PIMENTEL FILHO **;;RODOVIA 37/KM.28/GB. /LT.13;;ZONA RURAL;0613;RO;Brasil;78954000;FICHA CANCELADA [OBS=ATRASO] LAVRADOR
00283;PF;56032226700;745371;;GUILHERME KILPPEL **;GUILHERME KILPPEL **;;RODOVIA 31/KM.28/GB.12-F/LT.23;;ZONA RURAL;0613;RO;Brasil;78954000;OBSERVACAO ATUALIZAR CADASTRO LAVRADOR
00285;;285;;;GISLAINE CARDOSO MILHER **;GISLAINE CARDOSO MILHER **;;RODOVIA 24/KM.22/GB.08-D/LT.25;;ZONA RURAL;0613;RO;Brasil;78954000;[CIVIL=SOLTEIRO(A)] ESTUDANTE
00286;PF;62214748253;303361505;;GILBERTO SANTIAGO DOS SANTOS **;GILBERTO SANTIAGO DOS SANTOS **;;RODOVIA 16/GB.08-C/LT.12(EM FRENTE A.EDI;;ZONA RURAL;0613;RO;Brasil;78954000;[CIVIL=SOLTEIRO(A)] [OBS=ADVOGADA] LAVRADOR
00278;PF;87739640263;;;FRANCIELE GLORIA ROCHA **;FRANCIELE GLORIA ROCHA **;;RODOVIA 37/KM.24/GB.12-E/LT.18;;ZONA RURAL;0613;RO;Brasil;78954000;[CIVIL=SOLTEIRO(A)] ESTUDANTE
00269;;;;;FABIANE MOREIRA DA SILVA SANTOS **;FABIANE MOREIRA DA SILVA SANTOS **;092130623;RODOVIA TN10/GB.01/LT.283;;ZONA RURAL;0613;RO;Brasil;78954000;FICHA CANCLEADA POR MOTIVO DE ATRASO. DO LAR
00279;PF;88002616200;889574;;FERNANDO CARMO DOS SANTOS;FERNANDO CARMO DOS SANTOS;;RODOVIA 16/KM.22/GB.04-C/LT.03;;ZONA RURAL;0613;RO;Brasil;78954000;[CIVIL=SOLTEIRO(A)]
00270;PF;65089375291;670483;;FERNANDO REZENDE SIQUEIRA **;FERNANDO REZENDE SIQUEIRA **;;RUA DUQUE DE CAXIAS;;CENTRO;0613;RO;Brasil;78954000;OBSERVACAO ATUALIZAR CADASTRO
00291;PF;09774642708;830467;;GILDO PEREIRA DIAS **;GILDO PEREIRA DIAS **;;RODOVIA TN04/KM.09/GB.01/LT.639;;ZONA RURAL;0613;RO;Brasil;78954000;OBSERVACAO ATUALIZAR CADASTRO TRAB.RURAL
00293;PF;56796854268;533016;;GERALDO GOMES FIGUEREDO **;GERALDO GOMES FIGUEREDO **;;RODOVIA 24/KM.22;;ZONA RURAL;0613;RO;Brasil;78954000;OBSERVACAO ATUALIZAR CADASTRO TRAB. RURAL
00284;PF;65640861215;631608;;GILMAR ANTONIO MARTINS **;GILMAR ANTONIO MARTINS **;;RUA ITABACARI;;ZONA RURAL;0613;RO;Brasil;78954000;OBSERVACAO ATUALIZAR CADASTRO COMERCIANTE
00287;PF;79055125253;819626;;GILSELHO FIALHO ELEOTERIO **;GILSELHO FIALHO ELEOTERIO **;;RODOVIA 28/KM.09/GB.04-E/LT.621;;ZONA RURAL;0613;RO;Brasil;78954000;OBSERVACAO ATUALIZAR CADASTRO VAQUEIRO
00288;;;;;GILSON PERON **;GILSON PERON **;;RODOVIA 28/KM.31;;ZONA RURAL;0613;RO;Brasil;78954000;OBSERVACAO ATUALIZAR CADASTRO
00259;PF;72095512200;758143;;ERENILDA ALMEIDA ANDRADE DA SILVA **;ERENILDA ALMEIDA ANDRADE DA SILVA **;;RODOVIA 31/KM.16/GB.12-C/LT.16;;ZONA RURAL;0613;RO;Brasil;78954000;
00258;PF;68752229220;1531887;;ERNANDES TEIXEIRA;ERNANDES TEIXEIRA;092735237;RODOVIA 37/KM.24/GB.12-E/LT.12;;ZONA RURAL;0613;RO;Brasil;78954000;OBS: ATUALIZAR CADASTRO PRODUTOR RURAL
00260;PF;73044091268;773071;;ERNANDES FRANCISCO QUEIROS **;ERNANDES FRANCISCO QUEIROS **;092813964;RODOVIA 31/KM.24/GB.12-E/LT.25;;ZONA RURAL;0613;RO;Brasil;78954000;[CIVIL=SOLTEIRO(A)] [OBS=CONTA NEGOCIADA,QUANDO TERMINAR DE PAGAR CANCELAR A FIXA] LAVRADOR
00261;PF;67499082253;620643;;ERIVAM EDINO DA SILVA **;ERIVAM EDINO DA SILVA **;;RODOVIA 37/KM24/GB.12-E/LT.5;;ZONA RURAL;0613;RO;Brasil;78954000;OBS: ATUALIZAR CADASTRO LAVRADOR
00254;PF;51943212287;631903;;ELIZANGELA TOLEDO DE SOUZA FAGUNDES;ELIZANGELA TOLEDO DE SOUZA FAGUNDES;92370750;LH31/KM.16/GB.8-B/LT.36;;ZONA RURAL;0613;RO;Brasil;76928000;
00255;PF;68740344215;;;ERIVELTO RODRIGUES DA SILVA;ERIVELTO RODRIGUES DA SILVA;;RODOVIA 31/KM.24/GB.08-E/LT.04;;ZONA RURAL;0613;RO;Brasil;78954000;OBS: ATUALIZAR CADASTRO AUXILIAR DE PRODU_AO
00256;PF;71361766620;6964883;;ERICA VANESSA DINIZ;ERICA VANESSA DINIZ;034651211;EMBRATEL;;CENTRO;0613;RO;Brasil;76928000;[CIVIL=CASADO(A)] COMERCIANTE
00257;PF;64909344268;447323;;ERCI BARBOSA DA SILVA;ERCI BARBOSA DA SILVA;6993245399;RODOVIA 37/KM.24/GB.12-E/LT.8;;ZONA RURAL;0613;RO;Brasil;78954000;OBS: ATUALIZAR CADASTRO DO LAR
03325;PF;65176812215;629315;;RITA AMANCIO VALADARES;RITA AMANCIO VALADARES;;RUA JOSE MARTINS DE OLIVEIRA;;CENTRO;0613;RO;Brasil;78954000;
00252;;;0007066725;;ELIUDES MONTEIRO WATERKEMPER **;ELIUDES MONTEIRO WATERKEMPER **;;RUA DUQUE DE CAXIAS N;;CENTRO;0613;RO;Brasil;78954000;OBS: ATUALIZAR CADASTRO FUNCIONARIA PUBLICA
00251;PF;39064964220;;;ELIZANGELA MAGALHAES GIL **;ELIZANGELA MAGALHAES GIL **;;;;CENTRO;0001;RO;Brasil;78960000;[CIVIL=SOLTEIRO(A)]
00253;PF;42133629220;;;ELIVANDA SILVA NAO AUTORIZA NINGUEM;ELIVANDA SILVA;;AFONSO PENA;;CENTRO;0613;RO;Brasil;76928000;OBS: ATUALIZAR CADASTRO
00248;PF;67808263249;757987;;ELISANGELA MARIA ELOY NETO;ELISANGELA MARIA ELOY NETO;;LINHA 31/KM.28/GB.8-E/LT.34;CASA;ZONA RURAL;0613;RO;Brasil;76928000;
03335;PF;82076839291;000666600;;IVANETE LOURENÇO;IVANETE LOURENÇO;;RUA VÓ LUIZA;;CENTRO;0613;RO;Brasil;78954000;
00250;PF;95888772291;948915;;ELISANGELA RODRIGUES FARAGE FERNANDE;ELISANGELA RODRIGUES FARAGE;;LINHA 20/ KM.22/ LT.16/ GB.08-D;;ZONA RURAL;0613;RO;Brasil;76928000;
00249;;;;;ELITA SOARES BALDOINO **;ELITA SOARES BALDOINO **;;RUA TANCREDO NEVES N;;CENTRO;0613;RO;Brasil;78954000;OBS: ATUALIZAR CADASTRO
00244;PF;06814662272;045379;;ELCI MARTINS DA SILVA **;ELCI MARTINS DA SILVA **;6992425243;RUA BELMIRO ARAUJO;;CENTRO;0613;RO;Brasil;76928000;APOSENTADA
00245;PF;72121190244;;;ELAINE CRISTINA PEREIRA MIRANDA **;ELAINE CRISTINA PEREIRA MIRANDA **;;RODOVIA 31/KM.28;;ZONA RURAL;0613;RO;Brasil;76928000;[CIVIL=SOLTEIRO(A)] [OBS=SPC/SPCA-SILMARA]
00247;PF;34909931287;563516;;ELIZEU OLIVEIRA ALCANTARA;ELIZEU OLIVEIRA ALCANTARA;092567054;RODOVIA 31/KM.28/GB.08-E/LT.32;;ZONA RURAL;0613;RO;Brasil;78954000;OBS: ATUALIZAR CADASTRO LAVRADOR
00246;;246;;;ELIO NASCIMENTO BARBOSA **;ELIO NASCIMENTO BARBOSA **;;RODOVIA 31/KM.28/LT.59/GB.12-F.;;ZONA RURAL;0613;RO;Brasil;78954000;[CIVIL=SOLTEIRO(A)]
03195;PF;88643760200;1010311;;ROBSON ALEXANDRE DO NASCIMEMTO;ROBSON;;RUA TIRADENTES AP(02);;CENTRO;0001;RO;Brasil;78960000;
00243;PF;48574023272;167206;;ELUIZA MARIA MATTOS **;ELUIZA MARIA MATTOS **;;RODOVIA 4 KM;;ZONA RURAL;0613;RO;Brasil;78954000;OBS: ATUALIZAR CADASTRO
00242;PF;58266445249;564702;;ELZA LUIZA PEREIRA **;ELZA LUIZA PEREIRA **;;RODOVIA 37/KM.20/GB.12-D/LT.3;;ZONA RURAL;0613;RO;Brasil;78954000;OBS: ATUALIZAR CADASTRO
00241;;;;;ELENIR CORDEIRO **;ELENIR CORDEIRO **;;RODOVIA 31/KM28/GB.8-E/LT.36;;ZONA RURAL;0613;RO;Brasil;78954000;OBS: ATUALIZAR CADASTRO FUNCIONARIO PUBLICO
00237;PF;28384458200;603608;;ELENA RAMOS DE OLIVEIRA **;ELENA RAMOS DE OLIVEIRA **;092451494;RUA SAO JOSE OPERARIO;;CENTRO;0613;RO;Brasil;78954000;[CIVIL=SOLTEIRO(A)] ALXILIAR DE ENFERMAGEM
00240;PF;73664758234;759654;;ELESSANDRO DO CARMO RIBEIRO **;ELESSANDRO DO CARMO RIBEIRO **;;RODOVIA 31/KM.16/GB.8-B/LT.11;;ZONA RURAL;0613;RO;Brasil;78954000;OBS: ATUALIZAR CADASTRO TRAB.RURAL
00238;PF;75730812272;561546;;ELZA MENDES NETO NEGRINE **;ELZA MENDES NETO NEGRINE **;092345871;RODOVIA LH31/KM.24/GB.12-E/LT.22;;CENTRO;0613;RO;Brasil;76928000;OBS: ATUALIZAR CADASTRO
00239;PF;45677700215;499168;;ELAINE VALDIVINO DE SOUZA **;ELAINE VALDIVINO DE SOUZA **;6992570164;RODOVIA LINHA 31 KM 16 GLEBA 8B LOTE 01;;ZONA RURAL;0613;RO;Brasil;76928000;[CIVIL=CASADO(A)] OBS: ATUALIZAR CADASTRO PROFESSORA
00236;PF;47025867268;00001025997;;ELENICE JUSTINA DA SILVA **;ELENICE JUSTINA DA SILVA **;;LINHA 31 KM 24 LT 06 GB 08 E;;ZONA RURAL;0613;RO;Brasil;76928000;OBS: ATUALIZAR CADASTRO
00235;PF;73044105234;774130;;ELIETE CORDEIRO NETO;ELIETE CORDEIRO NETO;093039708;JOSE MARTINS;;ZONA RURAL;0613;RO;Brasil;78954000;OB: LIMITADO KATIA RENEGOCIOU. NAO VENDER ATE QUITA AS PARCELAS FUNCIONARIA PUBLICA
00233;PF;72871032220;758015;;ELIENE PINTO DE OLIVEIRA;ELIENE PINTO DE OLIVEIRA;;RODOVIA 22/KM.16/GB.8-C/LT.18;;ZONA RURAL;0613;RO;Brasil;78954000;[CIVIL=CASADO(A)] LAVRADORA
00234;;234;;;ELIANE ALVES DOS SANTOS;ELIANE ALVES DOS SANTOS;;RODOVIA 31/KM.28/GB.;;ZONA RURAL;0613;RO;Brasil;78954000;[CIVIL=SOLTEIRO(A)]
00231;PF;35114673220;399112;;ELIANA DE FRANCA SOUZA;ELIANA DE FRANCA SOUZA;092558384;LH 31 KM 16 GB 08C LT7;;ZONA RURAL;0613;RO;Brasil;76928000;FALECIDA
00229;PF;35125322253;606005;;ELIANE LINA DE BRITO;ELIANE LINA DE BRITO;;RUA JOSE INS S/N (GRILO;;ZONA RURAL;0613;RO;Brasil;78954000;[CIVIL=SOLTEIRO(A)] FUNC.PUBLICO
00230;;;;;ELIAS BERNARDO SOUZA **;ELIAS BERNARDO SOUZA **;;;;CENTRO;0001;RO;Brasil;78960000;OBS: ATUALIZAR CADASTRO
00232;PF;73835358472;1063578;;ELIANE VENTURA **;ELIANE VENTURA **;034651073;LUIS BORGES;;CENTRO;0613;RO;Brasil;78954000;OBS: ATUALIZAR CADASTRO
00227;PF;65407040204;631597;;ELIANA FAUSTINA FERREIRA;ELIANA FAUSTINA FERREIRA;;RODOVIA LINHA 31 KM 16 LOTE 21 GLEBA 12C;;ZONA RURAL;0613;RO;Brasil;76928000;OBS: ATUALIZAR CADASTRO
00228;PF;82428069268;758631;;ELIANE CLALDINO LOPES MERCANDELI **;ELIANE CLALDINO LOPES MERCANDELI **;092558014;RODOVIA 31/KM.16/GB.8-B/LT.26;;ZONA RURAL;0613;RO;Brasil;78954000;OBS: ATUALIZAR CADASTRO TRAB.RURAL
00226;PF;66527899220;000758491;;ELIANO SOUZA DE FREITAS **;ELIANO SOUZA DE FREITAS **;;RODOVIA 37/KM.16/GB.12-B/LT.26;;ZONA RURAL;0613;RO;Brasil;78954000;OBS: ATUALIZAR CADASTRO LAVRADOR
00224;PF;81597886220;;;ELIENE AMBROSIO SILVA DZINDZIK **;ELIENE AMBROSIO SILVA DZINDZIK **;;RODOVIA 1/GB.1/LT.28;;ZONA RURAL;9653;RO;Brasil;78955000;OBS: ATUALIZAR CADASTRO LAVRADORA
00223;PF;58720570678;4093699;;ELIAS PEREIRA DUARTE;ELIAS PEREIRA DUARTE **;6992395599;LINHA TN 06 LT 451 GB 01;;ZONA RURAL;9653;RO;Brasil;76929000;OBS: ATUALIZAR CADASTRO
03194;PF;40928349268;000771406;;SIMONE RODRIGUES LIMA VIEIRA;SIMONE;;LINHA T19 LOTE 08 GLEBA 29;;ZONA RURAL;9653;RO;Brasil;78955000;
00222;PF;08493898287;102396;;ELIEZER BATISTA DA SILVA;ELIEZER BATISTA DA SILVA;6992581953;RODOVIA RUA 15 DE NOVEMBRO;;CENTRO;0613;RO;Brasil;76928000;"OBS; ATUALIZAR CADASTRO FUNCIONARIO PUBLICO"
00221;;;000757640;;ELIENE SOUZA DE FREITAS **;ELIENE SOUZA DE FREITAS **;;RODOVIA 37/KM.16/GB.12-B/LT.26;;ZONA RURAL;0613;RO;Brasil;78954000;OBS: ATUALIZAR CADASTRO
00220;PF;69434018234;744252;;ELIEL DA SILVA COSTA **;ELIEL DA SILVA COSTA **;04651013;AVENIDA AFON_O PENA;;CENTRO;0613;RO;Brasil;78954000;OBS: ATUALIZAR CADASTRO GERENTE
00217;;;;;EDNELSON DE SOUZA OLIVEIRA **;EDNELSON DE SOUZA OLIVEIRA **;;RODOVIA 28/KM.31/GB.12F/LT.75;;ZONA RURAL;0613;RO;Brasil;78954000;OBS: ATUALIZAR CADASTRO
00218;;;817479;;EDSON PEREIRA DE ANDRADE **;EDSON PEREIRA DE ANDRADE **;;RUA DUQUE DE CAXIAS(MATERIAL DE CONSTRU_;;CENTRO;0613;RO;Brasil;78954000;OBS: ATUALIZAR CADASTRO VAQUEIRO
00219;PF;77445937234;;;EDSON BARBOSA DA SILVA;EDSON BARBOSA DA SILVA;;RODOVIA 31/KM.16/GB.8-B/LT.31;;ZONA RURAL;0613;RO;Brasil;78954000;[CIVIL=SOLTEIRO(A)] TRAB.RURAL
00213;PF;60248270249;632086;;EDIJANDRO ETELVINO SIMOES **;EDIJANDRO ETELVINO SIMOES **;;RODOVIA LINHS 13 KM 23 LOTE 38 GLEBA 06;;ZONA RURAL;0617;RO;Brasil;76935000;
00216;PF;68353340291;707461;;EDILSON MOREIRA DOS SANTOS;EDILSON MOREIRA DOS SANTOS;;RODOVIA LH 22 KM 20 LT 32 GL 4 C;;ZONA RURAL;0613;RO;Brasil;76928000;OBS: ATUALIZAR CADASTRO LAVRADOR
00214;PF;76706583200;807765;;EDSON DIAS MAZARIM **;EDSON DIAS MAZARIM **;;RODOVIA TN-6/LT.496(COLEGIO IARA MARAL;;ZONA RURAL;0613;RO;Brasil;78954000;OBS: ATUALIZAR CADASTRO LAVRADOR
00215;PF;97896667720;870631;;EDIVALTER ALVES DE SOUZA **;EDVALTER ALVES DE SOUZA **;;RODOVIA 20/KM.09/GB.SETOR ITAPIZEMA 2/LT;;ZONA RURAL;0613;RO;Brasil;78954000;OBS: ATUALIZAR CADASTRO PECUARISTA
00210;;;;;EDLAINE RODRIGUES DE ALMEIDA **;EDLAINE RODRIGUES DE ALMEIDA **;;;;;0001;RO;Brasil;78960000;[CIVIL=SOLTEIRO(A)]
00209;;;;;EDVANE MARIA VINTINI SILVA **;EDVANE MARIA VINTINI SILVA **;;;;BAIRRO DAS ROSAS;0001;RO;Brasil;78960000;OBS: ATUALIZAR CADASTRO
00211;PF;11576057291;181956;;EDSON ANTONIO MARTINS **;EDSON ANTONIO MARTINS **;;RODOVIA 32/GB.12F/LT.54;;ZONA RURAL;0613;RO;Brasil;78954000;OBS: ATUALIZAR CADASTRO LAVRADOR
00212;PF;75158337268;759096;;EDVALDO RODRIGUES DE ALMEIDA **;EDVALDO RODRIGUES DE ALMEIDA **;;JASMO DE CASTRO;;CENTRO;0613;RO;Brasil;76928000;OBS: ATUALIZAR CADASTRO CAIXA
00208;PF;86997556272;000915592;;EDILAINE TEIXEIRA DE OLIVEIRA **;EDILAINE TEIXEIRA DE OLIVEIRA **;992923281;LINHA 31KM 28 LT 45 GB 12 F;;ZONA RURAL;0613;RO;Brasil;76928000;OBS: ATUALIZAR CADASTRO
00204;PF;71581820291;000754213;;EDNEIA FLORINDO BENEDITO GONCALVES **;EDNEIA FLORINDO BENEDITO GONCALVES **;6992211828;ANTONIO MERONHO N;;CENTRO;6547;RO;Brasil;78954000;RENEGOCIACAO SIDNEY CANCELADO COBRANCA SIDNEY
00206;PF;73238040278;8220821;;EDERSON ALVES DE SOUZA **;EDERSON ALVES DE SOUZA **;;RODOVIA TN6/GB.1/LT.481;;ZONA RURAL;9653;RO;Brasil;78955000;[CIVIL=SOLTEIRO(A)] LAVRADOR
00205;;205;;;EDNA MERCANDELLI **;EDNA MERCANDELLI **;;RODOVIA 31/KM.16/GB.8-B/LT.28;;ZONA RURAL;0613;RO;Brasil;78954000;[CIVIL=SOLTEIRO(A)] [OBS=MOTIVO DE ATRASO]
00203;PF;86219235215;902039;;EDINELMA DA SILVA;EDNELMA DA SILVA;6992854449;RUA SANTOS DRUMO;;CENTRO;0613;RO;Brasil;76928000;OBS: ATUALIZAR CADASTRO FUNCIONARIA PUBLICA
00198;PF;60691000263;522496;;EDNA MARQUES DE OLIVEIRA NUNES **;EDNA MARQUES DE OLIVEIRA NUNES **;;LINHA 37/KM.24/GB.12-D/LT.44;;ZONA RURAL;0613;RO;Brasil;76928000;OBS: ATUALIZAR CADASTRO LAVRADORA
00199;;;;;EDNA NASCIMENTO DE OLIVEIRA **;EDNA NASCIMENTO DE OLIVEIRA **;;;;CENTRO;0001;RO;Brasil;78960000;[CIVIL=CASADO(A)] [OBS=MOTIVO ATRASO]
00202;PF;80294278249;;;EDNEY CLEITON NUNES;EDNEY CLEITON NUNES;0699263981;OLAVO PIRES;;CENTRO;9653;RO;Brasil;76929000;[CIVIL=CASADO(A)] FUNCIONARIO CICOOB
00195;PF;69451265287;754972;;EUNICE BRAGA DE SOUZA;EUNICE BRAGA DE SOUZA **;;RODOVIA 31/KM.16/GB.12-C/LT.17;;ZONA RURAL;0613;RO;Brasil;78954000;OBS:ATUALIZAR CADASTRO AGENTE COMUNITARIA DE SAUDE
00197;PF;95429646253;1048721;;EDEOVANI SOARES;EDEOVANI SOARES;092928462;ECA DE QUEIROES;;JARDIM AEROPORTO I;6552;RO;Brasil;78950000;[CIVIL=SOLTEIRO(A)]
00194;PF;68364369253;606003;;EUZENI LIMA DE JESUS CRIZPIM **;EUZENI LIMA DE JESUS CRIZPIM **;;RUA VO LUIZA;;CENTRO;0613;RO;Brasil;78954000;OBS: ATUALIZAR CADASTRO DO LAR
00196;PF;81270615220;886441;;EDNA FLAVIA BORGES DIAS;EDNA FLAVIA BORGES DIAS;;RODOVIA 37/KM.16/GB.12-C/LT.8;;ZONA RURAL;0613;RO;Brasil;78954000;[CIVIL=CASADO(A)] [OBS=ADVOGADA] OBS: QUITADA DIA 13/03/2019 FICHA CANCELADA POR MOTIVO DE ATRASO. (COBRADO POR SIDINEI). DO LAR
00192;PF;38910764287;406925;;EUDINEIA APARECIDA DE OLIVEIRA;EUDINEIA APARECIDA DE OLIVEIRA;;RODOVIA 31/KM.16/GB.8-C/LT.15;;ZONA RURAL;0613;RO;Brasil;78954000;TRAB.RURAL
00190;;;;;ENILSA ALVES RIBEIRO DOS ANJOS;ENILSA ALVES RIBEIRO DOS ANJOS;092327151;RODOVIA 31 KM:28 GB:12F LT:61;;CENTRO;0613;RO;Brasil;78954000;OBS: FALECIDA. DO LAR
00193;;;;;EMILIA VALERIA MIGUEL SIMONATO **;EMILIA VALERIA MIGUEL SIMONATO **;04651048;RODOVIA 31/KM.28/GB. /LT. .;;ZONA RURAL;0613;RO;Brasil;78954000;OBS: ATUALIZAR CADASTRO DO LAR
00191;PF;18888232249;;;EUNICE DA SILVA GOMES;EUNICE DA SILVA GOMES **;093215636;RUA TANCREDO NEVES-N;;CENTRO;0613;RO;Brasil;78954000;OBS: ATUALIZAR CADASTRO FUNCIONARIA PUBLICA
00185;PF;46930620220;499490;;EULALIA RODRIGUES DA SILVA;EULALIA RODRIGUES DA SILVA;;SANTOS DUMON;;CENTRO;0613;RO;Brasil;76928000;
00186;PF;34836624215;434050;;ESTER SILVA SIQUEIRA **;ESTER SILVA SIQUEIRA **;092196682;RODOVIA LINHA 20 KM 31 GLEBA 12C LOTE 31;;ZONA RURAL;0613;RO;Brasil;76928000;OBS: ATUALIZAR CADASTRO TRB.RURAL
00187;;;;;EMIR TEIXEIRA AGUIAR **;EMIR TEIXEIRA AGUIAR **;;RODOVIA 31/KM.28/(LOTE PASQUAL);;ZONA RURAL;0613;RO;Brasil;78954000;OBS: ATUALIZAR CADASTRO DO LAR.
00188;PF;79472133215;;;ERONALDO JOSE DOS SANTOS **;ERONALDO JOSE DOS SANTOS **;092250559;RODOVIA 31/KM.16/GB.8-C/LT.8;;ZONA RURAL;0613;RO;Brasil;78954000;OBS: ATUALIZAR CADASTRO
00182;PF;67528392200;661032;;EUDES DA SILVA CUSTODIO;EUDES DA SILVA CUSTODIO;092131727;RODOVIA 31/KM.16/GB.8-B/LT.25;;ZONA RURAL;0613;RO;Brasil;78954000;OBS: ATUALIZAR CADASTRO AGRICULTOR
00181;PF;99181517734;872114;;ETELVINA MARQUES GOUVEA;ETELVINA MARQUES GOUVEA;992263228;RUA SAO JOSE OPERARIO;CASA;SETOR 06;0613;RO;Brasil;76928000;
00184;PF;66706882291;;;EUCLIDES MIGUEL PEREIRA **;EUCLIDES MIGUEL PEREIRA **;;RODOVIA TEMISTOCLIS XAVIER BARBOSA;;CENTRO;0613;RO;Brasil;76928000;OBS: ATUALIZAR CADASTRO PEDREIRO
00183;PF;69848815287;758424;;ENI TEIXEIRA GAVA;ENI TEIXEIRA GAVA;;RODOVIA LH 16 KM 37 LT 20 GB 12B;;ZONA RURAL;0613;RO;Brasil;76928000;OBS: ATUALIZAR CADASTRO
00179;PF;96240431249;000759355;;EVANI SATURNINO DE SOUZA;EVANI SATURNINO DE SOUZA;;LINHA 24 KM 31 LOTE 29 GL 08 B;;ZONA RURAL;0001;RO;Brasil;78960000;LIMITE R$500,00 DOCUMENTO EM ATRASO!!!
00177;PF;38595737215;428384;;ENIO DA SILVA CUSTODIO **;ENIO DA SILVA CUSTODIO **;;RODOVIA 31/KM.16/GB.8-B/LT.25;;ZONA RURAL;0613;RO;Brasil;78954000;[CIVIL=CASADO(A)] LAVRADOR
00178;;;;;EVETO CALETO **;EVETO CALETO **;;;;;0001;RO;Brasil;78960000;OBS: ATUALIZAR CADASTRO
00180;PF;13955730263;00065018;;EZEQUIEL ANTONIO DO NASCIMENTO **;EZEQUIEL ANTONIO DO NASCIMENTO **;;RODOVIA 31/KM.16/GB.12-B/LT.21;;ZONA RURAL;0613;RO;Brasil;78954000;OBS: ATUALIZAR CADASTRO AGRICULTOR
03193;PF;89207513234;894996;;EDIVANIA SIMONE ALVES DA SILVA;EDIVANIA SIMONE ALVES DA SILVA;;RUA VALNEIR NUNES;;ALTO ALEGRE;9653;RO;Brasil;78929000;
00176;;176;;;ENESTINA PEREIRA DE OLIVEIRA;ENESTINA PEREIRA DE OLIVEIRA;;RUA VO LUIZA-N;;CENTRO;0613;RO;Brasil;78954000;[CIVIL=SOLTEIRO(A)]
00175;;175;;;DILVA PEREIRA NEVES **;DILVA PEREIRA NEVES **;;RODOVIA 22/KM.24/(MAE DO RUFINO);;ZONA RURAL;0613;RO;Brasil;78954000;[CIVIL=SOLTEIRO(A)] TRAB.RURAL
00174;PF;42109027215;;;DORINHA GOMES DA COSTA **;DORINHA GOMES DA COSTA **;;RUA LUIZ BORGES-N;;CENTRO;0613;RO;Brasil;78954000;OBSERVACAO ATUALIZAR CADASTRO PROFESSORA
00170;PF;65426142220;604247;;DIONIS ROSA NAPOLEAO **;DIONIS ROSA NAPOLEAO **;;LINHA 31 KM 24 LOTE 24 GL 12D;;ZONA RURAL;0001;RO;Brasil;76928000;[CIVIL=SOLTEIRO(A)]
00169;PF;81070942200;000641025;;DORALICE SANTOS SILVA;DORALICE SANTOS SILVA;;RODOVIA RUA BELMIRO ARAUJO;CASA;CENTRO;0613;RO;Brasil;76928000;LIGAR PEDINDO AUTORIZAÇÃO!!
00172;PF;70117748668;4432377;;DIRLENE MARIA TOLENTINO CAIXETA;DIRLENE MARIA TOLENTINO CAIXETA;034651078;RODOVIA 31 KM 24 LT 35 GB 8D;;TEIXEIROPOLIS;0613;RO;Brasil;78954000;[CIVIL=CASADO(A)] COMERCIANTE
00171;PF;71102604291;758649;;DONARIA VIZINTINI SOARES PONTES **;DONARIA VIZINTINI SOARES PONTES **;;PARA BURITIS;;ZONA RURAL;0616;RO;Brasil;78954000;OBS: ATUALIZAR CADASTRO TRAB.RURAL
00167;PF;30029562287;;;DOLORES LIMA FIGUEREDO LOPES **;DOLORES LIMA FIGUEREDO LOPES **;;RUA VO LUIZA N;;CENTRO;0613;RO;Brasil;78954000;[CIVIL=CASADO(A)]
00168;PF;42107571287;;;DIVINO RAMOS DA CRUZ **;DIVINO RAMOS DA CRUZ **;06992746665;RODOVIA 31/KM.32/GB.12-F/LT.48;;CENTRO;0613;RO;Brasil;78954000;OBS: ATUALIZAR CADASTRO TRAB.RURAL
00166;PF;42112397249;455450;;DILZA FERREIRA DOS SANTOS **;DILZA FERREIRA DOS SANTOS **;;;;CENTRO;0001;RO;Brasil;78960000;OBSERVACAO ATUALIZAR CADASTRO
00165;;;;;DEIZE RAQUEL ROZA **;DEIZE RAQUEL ROZA **;;RODOVIA 31/KM.16/GB.8-C/LT.4;;ZONA RURAL;0613;RO;Brasil;78954000;OBSERVACAO ATUALIZAR CADASTRO
00161;PF;85516201268;896979;;DEIVID JUNIOR SILVA ALMEIDA;DEIVID JUNIOR SILVA ALMEIDA;993652560;LINHA TN2 LOTE 585 KL 15;CASA;ZONA RURAL;0613;RO;Brasil;78954000;NAO ALTORIZA NINGUEM A COMPRAR
00163;PF;38594927215;561550;;DEJANIRA LEITE DE OLIVEIRA;DEJANIRA LEITE DE OLIVEIRA;6992336092;RODOVIA LH 31 KM 24 LOTE 24 GLEBA 12E;;ZONA RURAL;0613;RO;Brasil;76928000;REPARCELAMENTO DE NOTAS CATIANE APOSENTADA
00164;PF;12776963149;2441514;;DEVANIR SIMONATO **;DEVANIR SIMONATO **;092014698;LINHA 31/KM.32/BR. LOTE 45 GL 12G;;ZONA RURAL;0613;RO;Brasil;78954000;OBS: ATUALIZAR CADASTRO TRAB.RURAL
00162;PF;34908803234;356031;;DERSON ALVES DE SOLZA **;DERSON ALVES DE SOLZA **;;AVENIDA AFONSO PENA (AO LADO SILVIO MOTO;;CENTRO;0613;RO;Brasil;78954000;OBSERVACAO ATUALIZAR CADASTRO OPERADOR DE MAQUINAS PESADA
00158;PF;32656246253;356218107;;DELI SEVERINO DOS SANTOS **;DELI SEVERINO DOS SANTOS **;092982885;RUA VO LUIZA N;;CENTRO;0613;RO;Brasil;78954000;OBSERVACAO ATUALIZAR CADASTRO LAVRADOR
00157;;157;;;DENI GOMES DA SILVA **;DENI GOMES DA SILVA **;;RUA BEUMIRO ARAUJO N;;CENTRO;0613;RO;Brasil;78954000;[CIVIL=CASADO(A)] DU LAR
00159;PF;70387230220;797337;;DERLI CONSTANTINO TEIXEIRA **;DERLI CONSTANTINO TEIXEIRA **;;RODOVIA 22/KM.24/GB.8-D/LT.19;;ZONA RURAL;0613;RO;Brasil;78954000;OBSERVACAO ATUALIZAR CADASTRO AGRICULTORA
00160;;;;;DERCI MIGUEL PEREIRA **;DERCI MIGUEL PEREIRA **;;RODOVIA 31/KM.20/GB. /LT.;;ZONA RURAL;0613;RO;Brasil;78954000;OBSERVACAO ATUALIZAR CADASTRO TRAB.RURAL
00155;PF;69419680282;676465;;DERLI MIGUEL PEREIRA **;DERLI MIGUEL PEREIRA **;092187792;LH 31 KM 20 LOTE 28 B GLEBA 12 C;CASA;CENTRO;0613;RO;Brasil;78954000;OBSERVACAO ATUALIZAR CADASTRO
00156;PF;90763165204;;;DEVACI APARECIDO SANTOS **;DEVACI APARECIDO SANTOS **;;RODOVIA 22/KM.24/GB.8-E/LT.15;;ZONA RURAL;0613;RO;Brasil;76928000;OBSERVACAO ATUALIZAR CADASTRO VAQUEIRO
00154;;;;;DERSUELIA LACERDA **;DERSUELIA LACERDA **;092500520;RUA SANTOS DUMONT N;;CENTRO;0613;RO;Brasil;78954000;OBSERVACAO ATUALIZAR CADASTRO
00153;PF;79351646734;402145;;DELCINO CANDIDO DA SILVA **;DELCINO CANDIDO DA SILVA **;092820442;RUA TANCREDO NEVES-N;;CENTRO;0613;RO;Brasil;78954000;[CIVIL=CASADO(A)] MOTORISTA
00150;PF;67556035204;629341;;DALVERINA MARTINS FERREIRA;DALVERINA MARTINS FERREIRA;;LINHA 28 KM 31/GB.12-F/LT.29;;ZONA RURAL;0613;RO;Brasil;76928000;
00148;PF;65978285268;629328;;DANIEL ALVES TEIXEIRA;DANIEL ALVES TEIXEIRA;;RODOVIA 37/KM.24/GB.12-E/LT.15;;ZONA RURAL;0613;RO;Brasil;76928000;
00152;PF;56207026268;448401;;DALVINA FERREIRA;DALVINA FERREIRA;081659156;RODOVIA 31/KM.24/GB.8-E/LT.10;;ZONA RURAL;0613;RO;Brasil;78954000;OBS: ATUALIZAR CADASTRO APOSENTADA
00149;;;573902;;DARCI ALVES TOLEDO **;DARCI ALVES TOLEDO **;;RODOVIA TN2/GB.1/LT.549;;ZONA RURAL;0613;RO;Brasil;78954000;[CIVIL=SOLTEIRO(A)] [OBS=(ALEMAOZIM)] TRAB.RURAL
00146;PF;70387079220;758650;;DALVA DE SOUZA PONTES VIZITINI **;DALVA DE SOUZA PONTES VIZITINI **;;RODOVIA 37/KM.32/GB. /LT.18;;ZONA RURAL;0613;RO;Brasil;76928000;
00147;PF;67625517268;;;DANIEL RIBEIRO DA SILVA **;DANIEL RIBEIRO DA SILVA **;;;;BAIRRO DAS ROSAS;0001;RO;Brasil;78960000;[CIVIL=CASADO(A)] [OBS=MUDOU] PEDREIRO
00145;;;;;DALZIRA TOLEDO DA SILVA **;DALZIRA TOLEDO DA SILVA **;092471057;RODOVIA 32;;ZONA RURAL;0613;RO;Brasil;78954000;OBSERVACAO ATUALIZAR CADASTRO
00144;PF;24214914287;;;DARLI RODRIGUES LIMA **;DARLI RODRIGUES LIMA **;;;;CENTRO;0001;RO;Brasil;78960000;OBSERVACAO ATUALIZAR CADASTRO TAXISTA
00140;PF;65461231268;69024254;;CLAUDEMIR CICERO VIEIRA **;CLAUDEMIR CICERO VIEIRA **;04615245;RUA EPITACIO PESSOA.N;;CENTRO;0613;RO;Brasil;78954000;OBS: ATUALIZAR CADASTRO ESTUDANTE
00143;PF;57913668768;;;DANIEL RAMOS **;DANIEL RAMOS **;034651154;RUA VO LUIZA-N;;CENTRO;0613;RO;Brasil;78954000;NAO VENDER P/ O GENRO ISAIAS OBS: ATUALIZAR CADASTRO
00139;PF;81731582234;;;CLAUDINEI MIGUEL PEREIRA;CLAUDINEI MIGUEL PEREIRA;092851799;RUA VO LUIZA;;CENTRO;0613;RO;Brasil;78954000;[CIVIL=SOLTEIRO(A)] SERVISSOS DIVERSSOS
00142;PF;92498787291;9352074;;CLAUDINEI LEMOS DA SILVA **;CLAUDINEI LEMOS DA SILVA **;;RODOVIA 31/KM.32;;ZONA RURAL;0613;RO;Brasil;78954000;OBS: ATUALIZAR CADASTRO CABELEIREIRO
00136;PF;87615746272;503002;;CLEUZA BARBOSA DOS SANTOS;CLEUZA BARBOSA SANTOS;;RODOVIA 31 KM 16 LT 06 GB 8-C;CASA;ZONA RURAL;0613;RO;Brasil;76928000;
00137;PF;32654782204;000000;;CLAUDIA MARIA LUZ COELHO;CLAUDIA MARIA LUZ COELHO;;AVENIDA AFONSO PENA N;;CENTRO;0613;RO;Brasil;78954000;OBS: ATUALIZAR CADASTRO PROFESSORA
00138;PF;40816770263;40816770263;;CLARICE APARECIDA BARBOSA **;CLARICE APARECIDA BARBOSA **;;LINHA TN14 LOTE 202;CASA;ZONA RURAL;9653;RO;Brasil;76929000;
00135;PF;71230041249;745634;;CLAUDECIR NUNES SANTOS;CLAUDECIR NUNES SANTOS **(SPC);;RUA BELMIRO ARAUJO;;CENTRO;0613;RO;Brasil;78954000;[CIVIL=CASADO(A)] AUXILIAR QUEIJEIRO
00134;PF;69076510253;000882360;;CLEIDE ALVES DE ANDRADE MATOS;CLEIDE ALVES DE ANDRADE MATOS;;LINHA 37/KM.24/GB.12-D/LT38;;ZONA RURAL;0613;RO;Brasil;78954000;NAO VENDER ATE REGULARIZAR AS PROMISSORIAS EM ATRASO..
00133;PF;73001341220;758384;;CLAUDINEIA DE ARAUJO ORTEGA BARROS;CLAUDINEIA DE ARAUJO ORTEGA BARROS;6992457455;RODOVIA LINHA TN 06 LOTE 373 GLEBA 01;;ZONA RURAL;0613;RO;Brasil;78954000;OBS: ATUALIZAR CADASTRO LAVRADOR
00132;PF;85028304653;192976;;CLEONEIDE MARIA DOS SANTOS **;CLEONEIDE MARIA DOS SANTOS **;;RODOVIA 9/KM.20/GB.4-C/LT.25;;ZONA RURAL;0613;RO;Brasil;78954000;OBS: ATUALIZAR CADASTRO TRAB.RURAL
00131;PF;73481114249;;;CLOVES DE ALMEIDA SILVA **;CLOVES DE ALMEIDA SILVA **;;RODOVIA 37/KM.20/GB.12-D/LT.43;;ZONA RURAL;0613;RO;Brasil;78954000;[CIVIL=SOLTEIRO(A)] [OBS=ADVOGADA] TRAB.RURAL
00130;PF;73100595220;000944239;;CLAUDIA ARAUJO ORTEGA FURTADO (SOLUTION);CLAUDIA ARAUJO ORTEGA FURTADA **;092493540;RODOVIA 20/ KM.22;;ZONA RURAL;0613;RO;Brasil;78954000;[CIVIL=CASADO(A)] COBRANÇA SETOR JURIDICO
00129;PF;73340847215;;;CLAUDENIR MIGUEL VALERIO;CLAUDENIR MIGUEL VALERIO;;RUA TANCREDO NEVES N;;CENTRO;0613;RO;Brasil;78954000;OBS: ATUALIZAR CADASTRO MECANICO
00127;PF;91428718249;6060085;;CLAUDIA PEREIRA DA SILVA;CLAUDIA PEREIRA DA SILVA;;RODOVIA 31/KM.28/(SITIO SENHOR NENEN);;ZONA RURAL;0613;RO;Brasil;78954000;[CIVIL=CASADO(A)] [OBS=ADVOGADA] DO LAR
00128;PF;87193876287;;;CLEIDE MIGUEL PEREIRA;CLEIDE MIGUEL PEREIRA;;RUA VO LUIZA;;CENTRO;0613;RO;Brasil;78954000;OBS: ATUALIZAR CADASTRO DO LAR
00123;PF;58264850278;361187;;CLAUDETE DIAS DA SILVA SOUZA;CLAUDETE DIAS DA SILVA SOUZA;;RUA JASME DE CASTRO;CASA;CENTRO;0613;RO;Brasil;76928000;
00125;;;;;CLEUSDETE FREITAS CAIRES KRAUZE **;CLEUSDETE F.KRAUZE **;;RODOVIA 22/KM.28/GB.8-E/LT.19;;ZONA RURAL;0613;RO;Brasil;78954000;[CIVIL=SOLTEIRO(A)]
00124;PF;71749748215;;;CLEIDE CORREIA DA ROCHA LIMA **;CLEIDE CORREIA DA ROCHA LIMA **;;RODOVIA 31/KM.20/GB.8-C/LT.33;;ZONA RURAL;0613;RO;Brasil;78954000;OBS: ATUALIZAR CADASTRO TRAB.RURAL
00126;PF;59535679287;577164;;CLEIDE MANASSES;CLEIDE MANASSES;;RODOVIA 9/KM.20/GB.4-C/LT.29;;ZONA RURAL;0613;RO;Brasil;78954000;[CIVIL=CASADO(A)]
00119;;;;;CREUSENI DE OLIVEIRA **;CREUSENI DE OLIVEIRA **;;RUA VO LUIZA N;;CENTRO;0613;RO;Brasil;78954000;OBS: ATUALIZAR CADASTRO DU LAR
00120;;;;;CELIA BISPO ARAGAO;CELIA BISPO ARAGAO;;RODOVIA 24/KM.31/GB.12/LT.24(FUNDIARIA);;ZONA RURAL;0613;RO;Brasil;78954000;OBS: ATUALIZAR CADASTRO
00122;PF;82753261253;;;CLAUDEMIR RABELO DOS SANTOS;CLAUDEMIR RABELO DOS SANTOS;;RODOVIA 31/KM.12/GB.12-A/LT.17;;ZONA RURAL;0613;RO;Brasil;78954000;"OBS; ATUALIZAR CADASTRO TRAB.RURAL"
00121;PF;79046576272;199714;;CAETANO TABOSA ROCHA;CAETANO TABOSA ROCHA;099744583;RODOVIA TN10/GB.01/LT.418;;ZONA RURAL;9653;RO;Brasil;78955000;[CIVIL=SOLTEIRO(A)] AGRICULTOR
00116;;;;;CIZINA ROCHA BARBOSA;CIZINA ROCHA BARBOSA;092548329;;;BAIRRO DAS ROSAS;0001;RO;Brasil;78960000;NAO VENDER PARA NINGUEM OBS: ATUALIZAR CADASTRO
00118;PF;61129305287;433661;;CASSIA BORGES DOS SANTOS **;CASSIA BORGES DOS SANTOS **;;RODOVIA 31/KM.16/GB.12-C/LT.20;;ZONA RURAL;0613;RO;Brasil;78954000;OBS: ATUALIZAR CADASTRO TRAB.RURAL
00115;;;;;CELIO ROBERTO CARVALHO DOS SANTOS **;CELIO ROBERTO CARVALHO DOS SANTOS **;;;;CENTRO;0001;RO;Brasil;78960000;OBS: ATUALIZAR CADASTRO
00117;;117;;;CONCEICAO SATURNINO DE ARAUJO **;CONCEICAO SATURNINO DE ARAUJO **;;RODOVIA 16/KM.31/GB.12-B/LT.23;;ZONA RURAL;0613;RO;Brasil;78954000;[CIVIL=CASADO(A)] [OBS=MOTIVO ATRASO] DU LAR
00111;PF;45678049291;495377;;CATARINA CASTRO HONORIO/NAO VENDER SEM A;CATARINA CASTRO HONORIO;6992047020;DANIEL HERINGER;;CENTRO;0613;RO;Brasil;78954000;NAO AUTORIZA NINGUEM A COMPRAR, EXCETO O GABRIEL
00112;PF;67525270244;603662;;CICERA DEODATO MENEZES;CICERA DEODATO MENEZES;;LH 16 KM 31 LOTE 21 GLEBA12 B;;ZONA RURAL;0613;RO;Brasil;76928000;[CIVIL=CASADO(A)] LAVRADORA
00113;PF;73298441287;785919;;CICERO GONCALVES BISPO;CICERO GONCALVES BISPO;;RODOVIA LH 31 /KM.16/GB.8 B /LT.22;;ZONA RURAL;0613;RO;Brasil;76928000;LAVRADOR.
00114;PF;35129891287;503007;;MARIA JOSE LOPES;MARIA JOSE LOPES;;RODOVIA 31/KM.16/LT.05/GB.08-C;;ZONA RURAL;0613;RO;Brasil;78954000;OBS: ATUALIZAR CADASTRO LAVRADORA
00107;PF;67494005234;603627;;CALCIENE GOMES DE MELO;CALCIENE GOMES DE MELO;;LINHA 31 KM 24 GL 8 D LT 36;;ZONA RURAL;0613;RO;Brasil;76928000;OBS: ATUALIZAR CADASTRO LAVRADORA
00109;PF;47025336220;700584;;CELSO ROBERTO;CELSO ROBERTO;;LINHA 37 KM 28 GB 12E LT 40E;;ZONA RURAL;0613;RO;Brasil;78954000;OBS: ATUALIZAR CADASTRO 110
00108;PF;28378180204;;;CREUZA CELESTINO CAETANO;CREUZA CELESTINO CAETANO;;AFONSO PENA;;CENTRO;0613;RO;Brasil;76928000;OBS: ATUALIZAR CADASTRO
00110;PF;32553080204;;;CELSON FERNANDES DA SILVA **;CELSON FERNANDES DA SILVA **;;RODOVIA 31/KM.20/GB.8-C/LT.31;;ZONA RURAL;0613;RO;Brasil;78954000;OBS: ATUALIZAR CADASTRO TRAB. RURAL
00105;PF;31210198215;002303;;CASSIANO DOS SANTOS CARVALHO **;CASSIANO DOS SANTOS CARVALHO **;;LINHA 31 KM 24 GL 8D LOTE 34;;ZONA RURAL;0613;RO;Brasil;78954000;
00103;PF;40827895291;3501319;;CARMINDO INACIO DA COSTA **;CARMINDO INACIO DA COSTA **;;RODOVIA 31/KM.32/LT.561;;ZONA RURAL;0613;RO;Brasil;78954000;OBS: ATUALIZAR CADASTRO LAVRADOR
00104;PF;58304924234;552171;;ZELIA DE FATIMA CORALESKI;ZELIA DE FATIMA CORALESKI;04651120;SAO CURITIBA;;CENTRO;0613;RO;Brasil;76928000;[CIVIL=SOLTEIRO(A)] [OBS=FICHA P/ADVOGADA] SEGURAN_A
00106;;;531782;;CRISTINA DE FRANCA ALVES **;CRISTINA DE FRAN_A ALVES **;;RODOVIA 31/KM.16/GB.8-B/LT.36;;ZONA RURAL;0613;RO;Brasil;78954000;OBS: ATUALIZAR CADASTRO VENDEDORA
00101;PF;94182515749;3795309;;CENI DA SILVA CORA **;CENI DA SILVA CORA **;;RODOVIA 31/KM.24/GB.8E/LT.07;;ZONA RURAL;0613;RO;Brasil;78954000;OBS: ATUALIZAR CADASTRO TRAB.RURAL
00100;;;;;CICERA NOGUEIRA BARBOSA;CICERA NOGUEIRA BARBOSA;;RODOVIA 31/KM.28/GB.12-F/LT.59;;ZONA RURAL;0613;RO;Brasil;78954000;"OBS; ATUALIZAR CADASTRO LAVRADOR"
00102;;102;;;CONCEICAO APARECIDA CAIRES **;CONCEI_AO APARECIDA CAIRES **;;RODOVIA /KM.24/GB.8-E/LT.9;;ZONA RURAL;0613;RO;Brasil;78954000;[CIVIL=SOLTEIRO(A)] [OBS=ESTA CLIENTE ESTA CANCELADA POR MOTIVO DE COMPRA DE UMA DE SUAS FILHA IVONE EM SEU NOME. ONDE A MESMA ALEGA NAO TER AUTORIZADO A VENDA E A COMPRADORA IVONE MUDOU PARA PORTO VELHO E NAO TEMOS ENDERECO NEM DOCUMENTOS DELA. A SRA CONCEICAO APARECIDA CAIRES FOI COBRADA, POREM NOS TRATOU COM MUITA IGNORANCIA, ESSE MOTIVO ESTARA SUA FICHA CANCELADA E AS PENDENCIAS APARAGA DO SISTEMA !] TRAB.RURAL
00099;PF;78414709249;815021;;CIRLEI ETELVINO SIMOES SILVA **;CIRLEI ETELVINO SIMOES SILVA **;;RODOVIA 31/KM.12/GB.8-A/LT.28;;ZONA RURAL;0613;RO;Brasil;78954000;OBS: ATUALIZAR CADASTRO TRAB.RURAL
00098;PF;21988803268;3832989;;BELMIR ANTONIO CIESLAK;BELMIR ANTONIO CIESLAK;;LH 32 KM 37 GB 12G;;ZONA RURAL;0613;RO;Brasil;78954000;OBS: ATUALIZAR CADASTRO TRAB.RURAL
00095;PF;00335790674;;;ALEXANDRINA NUNES DA CUNHA **;ALEXANDRINA NUNES DA CUNHA **;;;;ZONA RURAL;0001;RO;Brasil;78960000;FALECIDA FUNCIONARIA PUBLICA
00096;PF;69594619287;;;ALICE MENDONCA F.CEZAR **;ALICE MENDON_A F.CEZAR **;;;;CENTRO;0001;RO;Brasil;78960000;[CIVIL=SOLTEIRO(A)] APOSENTADA
00094;PF;88289290225;934925;;ALEXANDRE JOSE RODRIGUES **;ALEXANDRE JOSE RODRIGUES **;;RUA LUIS ALCANTARA-N;;GRILO;0613;RO;Brasil;78954000;OBS: ATUALIZAR CADASTRO SERVISSOS DIVERSSOS
00090;PF;69430845268;000787145;;ALEXANDRE FERREIRA DA CRUZ;ALEXANDRE FERREIRA DA CRUZ;981618146;LINHA 37/KM.24/GB.12-E/LT.12;;ZONA RURAL;0613;RO;Brasil;78954000;OBS: ATUALIZAR CADASTRO LAVRADOR
00092;PF;28358953291;217875;;ALDAIR CUSTODIO DIAS;ALDAIR CUSTODIO DIAS;;RODOVIA 31/KM.28/LT.36 -BR.;;ZONA RURAL;0613;RO;Brasil;76928000;
00089;PF;72303778204;564240;;ALZIRA DE LIMA SILVA **;ALZIRA DE LIMA SILVA **;093396205;LINHA 31/KM.32 GL 12F LOTE 48;;ZONA RURAL;0613;RO;Brasil;78954000;ATUALIZAR CADASTRO
00091;PF;89885228268;;;ALESSANDRA FERREIRA DE ALMEIDA **;ALESSANDRA FERREIRA DE ALMEIDA **;;RUA BELMIRO ARAUJO;;CENTRO;0613;RO;Brasil;78954000;OBS: ATUALIZAR CADASTRO
00086;PF;80998712272;835833;;ALVARO JULIO PINTO ROSA **;ALVARO JULIO PINTO ROSA **;;LH 16 KM 31 LT 14 GB 8C;;ZONA RURAL;0613;RO;Brasil;78954000;
00088;PF;00173743242;448383;;APARECIDA ALVES PESSOA **;APARECIDA ALVES PESSOA **;;RODOVIA 16/KM.31/GB.8-B/LT.22;;ZONA RURAL;0613;RO;Brasil;78954000;OBS: ATUALIZAR CADASTRO DOMESTICA
00085;;;;;APARECIDA GREGORIO **;APARECIDA GREGORIO **;;RUA TANCREDO NEVES;;CENTRO;0613;RO;Brasil;78954000;OBS: ATUALIZAR CADASTRO DU LAR
00087;PF;38923432253;690258;;ALOIR ROCHA DE MORAIS;ALOIR ROCHA DE MORAIS;;SAO CURITIBA;;GRILO;0613;RO;Brasil;78954000;[CIVIL=SOLTEIRO(A)] TRAB, RURAL
00080;PF;61678600253;633432;;APARECIDA SOARES DE OLIVEIRA;APARECIDA SOARES DE OLIVEIRA **;;RUA CANDIDO RONDON;;CENTRO;0613;RO;Brasil;76928000;OBS: PROFESSORA
00081;PF;30037549200;277469;;APARECIDO AUGUSTO CAETANO **;APARECIDO AUGUSTO CAETANO **;;RODOVIA 20/KM.22/GB.4-D/LT.32;;ZONA RURAL;0613;RO;Brasil;78954000;ATUALIZAR CADASTRO TRAB. RURAL
00082;PF;79637906720;776739;;ALTELINO TEIXEIRA **;ALTELINO TEIXEIRA **;6992853519;RODOVIA 24/KM.37/GB.12-E/LT.12;;ZONA RURAL;0613;RO;Brasil;78954000;MOTIVO DE ATRASO. COBRADOR NASMARON TRAB. RURAL
00084;PF;73730351249;;;ALEXANDRE HONORIO SILVA **;ALEXANDRE HONORIO SILVA **;;RODOVIA 20/KM.31/GB.12-D/LT.21;;ZONA RURAL;0613;RO;Brasil;78954000;OBS: ATUALIZAR CADASTRO SERVISSOS DIVERSSOS
00076;PF;65667654253;81892350;;ALESANDRA COELHO CASTILHO;ALESANDRA COELHO CASTILHO;694651195;RODOVIA LINHA 31 KM 24;;CENTRO;0613;RO;Brasil;76928000;COMERCIANTE
00079;PF;40915867249;510954;;APARECIDO NUNES DA FONSECA **;APARECIDO NUNES DA FONSECA **;;;;BAIRRO DAS ROSAS;0001;RO;Brasil;78960000;OBS: ATUALIZAR CADASTRO TRAB.IDARON
00074;PF;19155050204;;;AUDI NASCIMENTO BARBOSA **;AUDI NASCIMENTO BARBOSA **;;RODOVIA 31/KM.28/ (ESQUINA);;ZONA RURAL;0613;RO;Brasil;78954000;OBS: ATUALIZAR CADASTRO
00075;;;;;APARECIDA MARIANA SCROFONI **;APARECIDA MARIANA SCROFONI **;034651169;;;ZONA RURAL;0613;RO;Brasil;78954000;OBS: ATUALIZAR CADASTRO COMERCIANTE
00070;PF;48561517204;0000;;ARILSON MARCELINO DIAS **;ARILSON MARCELINO DIAS **;093058882;RODOVIA 31/KM.16/GB.8-B/LT.31;;ZONA RURAL;0613;RO;Brasil;78954000;[CIVIL=CASADO(A)]
00072;PF;75963043204;631733;;ARLETE MARIA DE OLIVEIRA MERCANDELLI **;ARLETE MARIA DE OLIVEIRA MERCANDELLI **;;LINHA 31/KM.16/GB.8-B/LT.28;;ZONA RURAL;0613;RO;Brasil;76928000;
00071;PF;51277050953;38690817;;ARTEMIO CORALESKI;ARTEMIO CORALESKI **;;RUA CUSTODIO VITOR;;SETOR 08;0613;RO;Brasil;76928000;[CIVIL=CASADO(A)] MOTORISTA
00073;PF;62691201287;;;AZORA ALCANTARA DE OLIVEIRA **;AZORA ALCANTARA DE OLIVEIRA **;034651090;RUA JASMO DE CASTRO-N;;CENTRO;0613;RO;Brasil;78954000;OBS: ATUALIZAR CADASTRO DO LAR
00069;PF;11402806272;156304;;ARISTIDES NINK **;ARISTIDES NINK **;;RODOVIA RUA JASMO DE CASTRO;;BAIRRO DAS ROSAS;0613;RO;Brasil;76928000;OBS: ATUALIZAR CADASTRO MOTORISTA
00066;PF;71580026249;787051;;ARLEI DE ARAUJO OLIVEIRA RAMOS **;ARLEI DE ARAUJO OLIVEIRA RAMOS **;;P/ BURITIS;;CENTRO;0613;RO;Brasil;78954000;[CIVIL=SOLTEIRO(A)] DO LAR
00067;PF;70949190268;749531;;ACRIZIO NEGRINE *;ACRIZIO NEGRINE *;;RODOVIA 31/KM.24/GB.12-D/LT.25;;ZONA RURAL;0613;RO;Brasil;78954000;OBS: ATUALIZAR CADASTRO LAVRADOR
00068;PF;07021785860;287588;;AECIO MOTA DOS SANTOS;AECIO MOTA DOS SANTOS;;RUA DUQUE DE CAXIAS N;;CENTRO;0613;RO;Brasil;78954000;[CIVIL=SOLTEIRO(A)] [OBS= ] GERENTE
00062;PF;38924960210;434727;;AMOZ BARBOSA;AMOZ BARBOSA;;LH 16 KM 22;;ZONA RURAL;0613;RO;Brasil;76928000;
00063;PF;31208487272;359914;;AIRTON ILARIO DE MIRANDA **;AIRTON ILARIO DE MIRANDA **;092788919;RODOVIA TN10/GB.1/LT.382;;ZONA RURAL;9653;RO;Brasil;76929000;OBS: ATUALIZAR CADATRO LAVRADOR
00064;PF;66520886220;433708;;AMARILDO LOPES FREITAS **;AMARILDO LOPES FREITAS **;;RODOVIA 37/KM.28/GB.12-E/LT.13;;ZONA RURAL;0613;RO;Brasil;78954000;OBS: ATUALIZAR CADASTRO TRAB. RURAL
00065;;;380775;;AGENOR PEREIRA DOS SANTOS **;AGENOR PEREIRA DOS SANTOS **;;RODOVIA 31/KM.16;;ZONA RURAL;0613;RO;Brasil;78954000;OBS: ATUALIZAR CADASTRO TRAB.RURAL
00059;PF;76248445249;000758486;;AVANILZA PEREIRA DAMACENA;AVANILZA PEREIRA DAMACENA;6992122044;RODOVIA 31/KM.16/GB.12-B/LT.20;;ZONA RURAL;0613;RO;Brasil;78954000;
00060;PF;07916493268;90005;;AUGUSTINHA EVARISTO SILVERIO;AUGUSTINHA EVARISTO SILVERIO;;RODOVIA 37/KM.32/LT.28/GB.12-F;;ZONA RURAL;0613;RO;Brasil;78954000;OBS: ATUALIZAR CADASTRO PROFESSORA
00061;;61;;;ABIMAILSON L. DOS SANTOS *;ABIMAILSON L. DOS SANTOS *;;;;BAIRRO DAS ROSAS;0001;RO;Brasil;78960000;[CIVIL=SOLTEIRO(A)] PASTOR
00058;;58;;;ARLINDO DA SILVA **;ARLINDO DA SILVA **;;JASMO DE CASTRO;;CENTRO;0613;RO;Brasil;76928000;[CIVIL=CASADO(A)] APOSENTADO
00055;PF;45718709220;;;ANGELITA AMBROSIO DA SILVA;ANGELITA AMBROSIO DA SILVA;;RODOVIA 31/KM.28/GB.12-F/LT.61;;ZONA RURAL;0613;RO;Brasil;78954000;[CIVIL=CASADO(A)] LAVRADOURA
00057;;;;;AGRIPINA MARIA DA SILVA;AGRIPINA MARIA DA SILVA;;RODOVIA 31/KM.28;;ZONA RURAL;0613;RO;Brasil;76928000;OBS: ATUALIZAR CADASTRO TRAB.RURAL
00054;PF;62212486200;;;ANA LOURENCO DA SILVA;ANA LOURENCO DA SILVA;092188270;JASMO DE CASTRO;;CENTRO;0613;RO;Brasil;76928000;[CIVIL=CASADO(A)] DO LAR
00056;PF;05987881900;;;ABILIO LUIS SANTOS;ABILIO LUIS SANTOS;092370035;AFONSO PENA;;CENTRO;0613;RO;Brasil;76928000;OBS: ATUALIZAR CADASTRO PEDREIRO
00051;;;;;ANGELO NEGRINE FILHO;ANGELO NEGRINE FILHO;;RODOVIA 31/KM.24/LT.25/GB.12-D;;ZONA RURAL;0613;RO;Brasil;78954000;OBS: ATUALIZAR CADASTRO TRAB.RURAL
00053;PF;29775795672;1674907;;ANTONIO NICOLAU DA SILVA;ANTONIO NICOLAU DA SILVA;6992548048;RODOVIA TN6/GB.1/LT.375;;ZONA RURAL;0613;RO;Brasil;76928000;OBS: ATUALIZAR CADASTRO TRAB.RURAL
00050;;;758431;;ANDER ALVES PESSOA **;ANDER ALVES PESSOA **;;RODOVIA 31/KM.16/GB.8-B/LT.;;ZONA RURAL;0613;RO;Brasil;78954000;OBS: ATUALIZAR CADASTRO VAQUEIRO
00052;;;758416;;ANA PAULA DE SOUZA CAVALCANTE;ANA PAULA DE SOUZA CAVALCANTE;;RODOVIA 31/KM.16/GB.12-B/LT.25;;ZONA RURAL;0613;RO;Brasil;78954000;OBS: ATUALIZAR CADASTRO TRAB.RURAL
00046;PF;38715392287;382409;;ANTONIO GERALDO NEVES **;ANTONIO GERALDO NEVES **;092082310;RODOVIA 24/ KM.22/ LT. 19/ GB. 08-D;;ZONA RURAL;0613;RO;Brasil;78954000;OBS: ATUALIZAR CADASTRO
00047;PF;38925460297;519003;;ANA RITA DE CASTRO;ANA RITA DE CASTRO;092020390;RUA DANIEL HERINGER;;CENTRO;0613;RO;Brasil;76928000;OBS: ATUALIZAR CADASTRO SERVICOS DIVERSOS
00048;;;;;ANTONIO RODRIGUES ALVES **;ANTONIO RODRIGUES ALVES **;092836644;RUA TANCREDO NEVES;;CENTRO;0613;RO;Brasil;78954000;OBS: ATUALIZAR CADASTRO GUARDA
00049;PF;64099440206;601038;;ANANIAS BARBOSA;ANANIAS BARBOSA;;DO LATICIO TRADICAO A ESQUERDA 5 KM;;ZONA RURAL;9653;RO;Brasil;76929000;[CIVIL=CASADO(A)] LAVRADOR
00044;PF;29582296291;428344;;ANESIO PASCOALIM DEODATO;ANESIO PASCOALIM DEODATO;081513187;RODOVIA LH 31 KM 16 GL 12 B LT 25;;ZONA RURAL;0613;RO;Brasil;76928000;OBS: ATUALIZAR CADASTRO LAVRADOR
00043;PF;59237112220;000561942;;ANALDO KILPEL **;ANALDO KILPEL **;;RODOVIA 37/KM.28/LT.23/GB.12-F;;ZONA RURAL;0613;RO;Brasil;78954000;OBS: ATUALIZAR CADASTRO LAVRADOR
00045;;45;;;ANDRE CORREIA CAMPOS **;ANDRE CORREIA CAMPOS **;;RODOVIA 31/KM.32/GB.1/LT.576;;ZONA RURAL;0613;RO;Brasil;78954000;[CIVIL=SOLTEIRO(A)] [OBS=MOTIVO DE ATRASO] TRAB.RURAL
00042;PF;78087198204;;;ANGELA PEREIRA DE ASSIS **;ANGELA PEREIRA DE ASSIS **;;RODOVIA 32/ESQUINA C/ TN.2 (CHOTA) (BULI;;ZONA RURAL;0613;RO;Brasil;78954000;OBS: ATUALIZAR CADASTRO
00037;PF;06296718268;44480;;ANTONIO ARAUJO DE FREITAS **;ANTONIO ARAUJO DE FREITAS **;992714789;LINHA 31/KM.24/GB.8-E/LT 10;;ZONA RURAL;0613;RO;Brasil;78954000;NAO VENDER PRA NINGUEM. TRAB.RURAL
00039;PF;00154420719;899619;;ANA CARLOS SOARES MOREIRA;ANA CARLOS SOARES MOREIRA;;RUA GENIVALDO DE SOUZA;;CENTRO;0613;RO;Brasil;78954000;OBS: ATUALIZAR CADASTRO PROFESSORA
00040;PF;64100618204;563716;;ANEZIO BARBOSA;ANEZIO BARBOSA;;RODOVIA 31/KM.12/GB.8-B/LT.09;;ZONA RURAL;0613;RO;Brasil;78954000;OBS: ATUALIZAR CADASTRO LAVRADOR
00041;PF;81597878200;848112;;ANTONIO MARCOS LEITE NETO **;ANTONIO MARCOS LEITE NETO **;092412962;RODOVIA TN2/GB.1/LT.587;;ZONA RURAL;9653;RO;Brasil;76929000;OBS: ATUALIZAR CADASTRO LAVRADOR
00033;PF;10310363268;087355548;;ANTONIO EDILSON CUSTODIO;ANTONIO EDILSON CUSTODIO;;RUA TANCREDO NEVES;;CENTRO;0613;RO;Brasil;78954000;
00036;PF;72469102200;000780921;;ANGELA PAULA DA ROCHA **;ANGELA PAULA DA ROCHA **;092316973;RUA DANIEL HERINGER;;ZONA RURAL;0613;RO;Brasil;78954000;[CIVIL=SOLTEIRO(A)] DO LAR
00034;;;360798;;ANTONIO VALDECIR WATERKEMPER **;ANTONIO VALDECIR WATERKEMPER **;;RODOVIA 20/GB.08-D/LT.04;;ZONA RURAL;0613;RO;Brasil;78954000;OBS: ATUALIZAR CADASTRO LAVRADOR
00035;PF;00389866202;1059972;;ANDREIA CUSTODIO DE SOUSA PETSCH;ANDREIA CUSTODIO DE SOUSA PETSCH;;RODOVIA 20/KM.22/LT-31/GB-04-C;;ZONA RURAL;0613;RO;Brasil;78954000;OBSERVACAO ATUALIZAR CADASTRO. LAVRADORA
00028;PF;38907747253;434728;;ARNALDO FRANCISCO DE ARAUJO;ARNALDO FRANCISCO DE ARAUJO;;RODOVIA 37/KM.24/GB.12-D/LT.37;;ZONA RURAL;0613;RO;Brasil;78954000;OBS: ATUALIZAR CADASTRO TRAB.RURAL
00030;PF;45677778249;428398;;ANDRELINA GOMES HONORIO **;ANDRELINA GOMES HONORIO **;;RODOVIA 31/KM.24/GB.8-E/LT.26;;ZONA RURAL;0613;RO;Brasil;78954000;OBSERVACAO ATUALIZAR CADASTRO. TRAB. RURAL
00031;;31;;;ANA FELICIANA DA SILVA **;ANA FELICIANA DA SILVA **;;RODOVIA 31/KM.24/GB.12-D/LT.28;;ZONA RURAL;0613;RO;Brasil;78954000;[CIVIL=SOLTEIRO(A)]
00029;PF;74411934272;758129;;ANTONIO CAMILO DE OLIVEIRA **;ANTONIO CAMILO DE OLIVEIRA **;;RODOVIA 22/KM.20/GB.4-C/LT.32;;ZONA RURAL;0613;RO;Brasil;78954000;OBS: ATUALIZAR CADASTRO LAVRADOR
00027;PF;91763940268;000950049;;ANDREIA MARIA ROCHA;ANDREIA MARIA ROCHA;;LINHA 37/KM.24/GB.12-D/LT.37;;ZONA RURAL;0613;RO;Brasil;78954000;
00024;PF;45126046772;053433751;;ADENIS SIQUEIRA SOUZA;ADENIS SIQUEIRA SOUZ;092521088;RODOVIA 31/KL.21/LT21 GB12D;;ZONA RURAL;0613;RO;Brasil;78954000;CANCELADO MOTIVO DE ATRASO. COBRANCA GUARDA
00025;PF;35125373249;582345;;ANTONIO APARECIDO DOS SANTOS **;ANTONIO APARECIDO DOS SANTOS **;092097023;RODOVIA 31/KM.16/GB,8C/LT03;;ZONA RURAL;0613;RO;Brasil;78954000;[CIVIL=CASADO(A)] TRAB. RURAL
00026;;26;;;ANGELA MARIA DOS SANTOS **;ANGELA MARIA DOS SANTOS **;;TRABALHADOR POSTO TELEFONICO;;CENTRO;0613;RO;Brasil;78954000;[CIVIL=SOLTEIRO(A)] ESTUDANTE
00022;PF;63596296749;73807;;ADELSON SIQUEIRA;ADELSON SIQUEIRA;69981476778;RODOVIA LH 24 LH 31 LT27 GB12D;;CENTRO;0613;RO;Brasil;76928000;DOCUMENTO EM ATRASO!!! DOCUMENTO EM ATRASO!!!
00020;PF;45678553291;448586;;ADAO RODRIGUES SOUZA *;ADAO RODRIGUES SOUZA *;993228919;LINHA 24 KM 31 GL 8D LT29;;CENTRO;0001;RO;Brasil;78960000;OBS: ATUALIZAR CADASTRO LEITEIRO
00021;PF;62507133287;;;ADELSON MAGESKI;ADELSON MAGESKI **;;;;CENTRO;0001;RO;Brasil;78960000;[CIVIL=CASADO(A)] [OBS=NEGATIVADO SPC/SERASA MOTIVO DE CHEQUE] LEITEIRO
00023;PF;11560533234;;;ADILSON MARTINS DE ALMEIDA;ADILSON MARTINS DE ALMEIDA;;;;CENTRO;0001;RO;Brasil;78960000;[CIVIL=CASADO(A)] GUARDA
00015;;;;;ADELINA FIRMINO MAGESKI;ADELINA FIRMINO MAGESKI;092964547;RUA DO CONTORNO-N;;CENTRO;0613;RO;Brasil;78954000;ATUALIZAR CADASTRO APOSENTADA
00017;;;7584411;;ADIVALDO TEIXEIRA BATISTA **;ADIVALDO TEIXEIRA BATISTA **;;RODOVIA 22/KM.16/GB.8-B/LT.23;;ZONA RURAL;0613;RO;Brasil;78954000;[CIVIL=SOLTEIRO(A)] AGRICULTOR
00016;;;;;ADEMIR ROSA DE SOUZA **;ADEMIR ROSA DE SOUZA **;;RODOVIA 28 KM 31;;ZONA RURAL;0613;RO;Brasil;78954000;OBS: ATUALIZAR CADASTRO AGRICULTOR
00019;PF;63143305215;604233;;ADEMIR KROFKE **;ADEMIR KROFKE **;;RODOVIA 28/KM.9/LT.14/GB.4-B.;;ZONA RURAL;0613;RO;Brasil;78954000;OBS: ATUALIZAR CADASTRO AGENTE DE SAUDE
00014;;;;;ADRIANO APARECIDO SANTOS **;ADRIANO APARECIDO SANTOS **;;RUA DUQUE DE CAXIAS N;;CENTRO;0613;RO;Brasil;78954000;OBS: ATUALIZAR CADASTRO PEDREIRO
00011;;;826610;;ADILSON FLAUSINO DA COSTA **;ADILSON FLAUSINO DA COSTA **;;RODOVIA 28/SITIO GILSON PERON;;ZONA RURAL;0613;RO;Brasil;78954000;OBS: ATUALIZAR CADASTRO VAQUEIRO
00013;PF;32549920244;334450;;ADILSON BARBOSA **;ADILSON BARBOSA **;;RODOVIA 31/KM.12/GB.8B/LT.09;;ZONA RURAL;0613;RO;Brasil;78954000;OBS: ATUALIZAR CADASTRO LAVRADOR
00012;PF;64840115249;667720;;ADEMIR CUSTODIO DE SOUZA;ADEMIR CUSTODIO DE SOUZA;;RODOVIA 20/KM.09/GB.4-C/LT.24;;ZONA RURAL;6547;RO;Brasil;78954000;OBS: ATUALIZAR CADASTRO TRAB. RURAL
00009;PF;70950229253;716334;;ADRIANA PEREIRA DE LIMA;ADRIANA PEREIRA DE LIMA;;RUA JUVENTINO;;ESPERANCA DA COMUNIDADE;6555;RO;Brasil;78900000;OBS: ATUALIZAR CADASTRO DO LAR
00008;PF;73026549215;561606;;ADRIANO FERREIRA DE AGUIAR;ADRIANO FERREIRA DE AGUIAR;;RODOVIA TN2/GB.1/LT.592;;ZONA RURAL;0613;RO;Brasil;78954000;OBS: ATUALIZAR CADASTRO LAVRADOR
00007;PF;60919183204;629990;;ADELINO MULLER;ADELINO MULLER;;RODOVIA 24/KM.22/GB.8-D/LT.25;;ZONA RURAL;0613;RO;Brasil;76928000;OBS: ATUALIZAR CADASTRO TRAB. RURAL
00010;PF;35122560234;434722;;ADVALDE BARBOSA;ADVALDE BARBOSA;;RODOVIA 31/KM.12/LT.09/GB.08-B;;ZONA RURAL;6552;RO;Brasil;78954000;OBS: ATUALIZR CADASTRO LAVRADOR
00006;PF;69223939291;721549;;ADRIANA APARECIDA BARBOSA DO CARMO **;ADRIANA APARECIDA BARBOSA DO CARMO **;;RODOVIA 31/KM.16/GB.8-D/LT.34;;ZONA RURAL;0613;RO;Brasil;78954000;[CIVIL=CASADO(A)] [OBS=CANCELADO A PEDIDO DA CLIENTE. MAS QUANDO QUISER REATIVAR PODE REATIVA.] TRAB. RURAL
00004;PF;70075611287;758030;;ADRIANO NOBRE FERREIRA DE ALMEIDA;ADRIANO NOBRE FERREIRA DE ALMEIDA;;RUA BELMIRO ARAUJO;;CENTRO;0613;RO;Brasil;78954000;CANCELADO. PAGTO ATRAVES DE COBRANCA DA EMPRESA ANDRADE E BASTOS.
00003;PF;78763134268;844403;;ADEILSON DE OLIVEIRA **;ADEILSON DE OLIVEIRA **;;DA IGREJA ASSEMBLEIA DE DEUS;;CENTRO;0613;RO;Brasil;78954000;OBS: ATUALIZAR CADASTRO SERVI_OS DIVERSOS
00005;;;577021;;ADENIS MARTINS SPADETO **;ADENIS MARTINS SPADETO **;;RODOVIA TN6/KM.22/GB.01/LT.367;;ZONA RURAL;0613;RO;Brasil;78954000;OBS: ATUALIZAR CADASTRO AGRICULTOR
00002;PF;28611110200;230770;;ADAIR SATURNINO FERREIRA;ADAIR SATURNINO FERREIRA;092675487;RODOVIA 31/KM.16/GB.12-B/LT.23;;ZONA RURAL;0613;RO;Brasil;78954000;OBS: ATUALIZAR CADASTRO LAVRADOR
03180;;;;;LOJA;LOJA;;;;;0001;RO;Brasil;78960000;
03181;;;;;CONSUMIDOR FINAL;CONSUMIDOR FINAL;;;;;0001;RO;Brasil;78960000;
03182;;;;;CAIXA REGISTRADORA;CAIXA REGISTRADORA;;;;;0001;RO;Brasil;78960000;
88888;PF;88888888888;RG;;* CONSUMIDOR;* CONSUMIDOR;;...;...;...;0613;RO;Brasil;76928000;
88888;PF;88888888888;RG;;* CONSUMIDOR;* CONSUMIDOR;;...;...;...;0613;RO;Brasil;76928000;
88888;PF;88888888888;RG;;* CONSUMIDOR;* CONSUMIDOR;;...;...;...;0613;RO;Brasil;76928000;
03183;;;;;LOJA;LOJA;;;;;0001;RO;Brasil;78960000;
03390;PF;02327749271;02327749271;;GUILHERME PIRES RODRIGUES;GUILHERME PIRES RODRIGUES;69992450592;LINHA PA 18 S/N POSTE 197;;ZONA RURAL;0612;RO;Brasil;76867000;limite R$ 500 resis
03397;PF;00274361280;770803;;ELISANGELA RODRIGUES LOPES;ELISANGELA RODRIGUES LOPES;;LINHA 12 DA LINHA 31, S/N GB08, KM06;;ZONA RURAL;6552;RO;Brasil;78950000;LIMITE INICIAL 500.00
03400;PF;67643264287;67643264287;;FRANCKLINO ANTONIO DO CARMO;FRANCKLINO ANTONIO DO CARMO;;RUA TANCREDO NEVES;;CENTRO;0613;RO;Brasil;76928000;limite 700 reais
03420;PF;45677832200;499470;;ROZILENE DA SILVA NETO;ROZILENE DA SILVA NETO;;RUA ALMIRANTE BARROSO;CASA;CENTRO;0613;RO;Brasil;76928000;LIMITE 500 REAIS
03401;PF;02902406207;1339383;;GEZIEL DE JESUS FIOROTTE;GEZIEL DE JESUS FIOROTTE;;AV AFONÇO PENA;;CENTRO;0613;RO;Brasil;76928000;limite 400 resis
03411;PF;05301710230;1537572;;AMANDA CAROLINA CORALESKI BENFICA;AMANDA CAROLINA CORALESKI BENFICA;;LINHA 31 KM 24 LOTE 22 GLEBA 12E;;ZONA RURAL;0613;RO;Brasil;76928000;limite R$ 400,00 reais
03402;PF;80079300278;865006;;CLESIA ELOY LIMA;CLESIA ELOY LIMA;;RUA SANTOS DUMONT;;CENTRO;0613;RO;Brasil;76928000;LIMITE 500 REAIS
03412;PF;06854600294;1735130;;JOAO VITOR AMANCIO DA SILVA;JOAO VITOR AMANCIO DA SILVA;;AVENIDA SANTINHA MANTOVANI;;CENTRO;0613;RO;Brasil;76928000;LIMITE REDUZIDO PARA R$200,00
03392;PF;00044483244;1028327;;ERICA DOS SANTOS CANDIDO DA SILVA;ERICA DOS SANTOS CANDIDO DA SILVA;;RUA CUSTÓDIO VITOR, S/N;;CENTRO;0613;RO;Brasil;78954000;LIMITE INICIAL 500.00
03403;PF;05454035297;1545695;;MAICON BARBOSA DE OLIVEIRA;MAICON BARBOSA DE OLIVEIRA;;SÂO JOSÉ OPERARIO LT17 QUADRA12;;CENTRO;0613;RO;Brasil;76928000;LIMITE 400 REAIS
03393;PF;64616959234;650075;;FRANCY JOCY DAS SILVA SANTOS;FRANCY JOCY DAS SILVA SANTOS;;RUA VÓ LUIZA;;CENTRO;0613;RO;Brasil;76928000;LIMITE R$ 800.00 PROFESSORA.
03414;PF;05358793267;1605313;;YASMIN CRISTINA SANTANA SOUZA;YASMIN CRISTINA SANTANA SOUZA;;LH 24 DA LINHA 31 LOTE 17 GLEBA 12F;;ZONA RURAL;0613;RO;Brasil;76928000;LIMITE INICIAL 400 REAIS
03384;PF;02954367270;1471799;;ABILENE PEREIRA DE FRANÇA BORRI;ABILENE PEREIRA DE FRANÇA BORRI;;LH 16 DA LH 31;;ZONA RURAL;0613;RO;Brasil;76928000;limite de credito 400
03405;PF;06882796270;1605235;;STEPHANY DE ALMEIDA VAUZ DA SILVA;STEPHANY DE ALMEIDA VAUZ DA SILVA;;RUA MONTE CASTELO;CENTRO;SETOR 6;0613;RO;Brasil;78954000;
03415;PF;03982910200;1435002;;LUDIMILA VICTOR SCHULZ;LUDIMILA VICTOR SCHULZ;;LINHA 24 DA 37 LOTE 16 GB12E LPT;CASA;ZONA RURAL;0613;RO;Brasil;76928000;LIMITE INICIAL 400 REAIS
03385;PF;47026286234;447182;;OSVALDO RODRIGUES COELHO;OSVALDO RODRIGUES COELHO;;LH 31 DA LH 20 GB 8D LT 9A;;ZONA RURAL;0613;RO;Brasil;78954000;LIMITE DE COMPRAS R$350,00
03395;PF;34101329885;371559303;;ELAINE LUCIANO;ELAINE LUCIANO;69992412967;RUA JOSÉ OPERARIO;;CENTRO;0613;RO;Brasil;78954000;LIMITE INICIAL 500.00
03406;PF;05358870270;1605317;;YARA KELY SANTANA DE SOUZA;YARA KELY SANTANA DE SOUZA;;RUA DANIEL HERINGER;CASA;CENTRO;0613;RO;Brasil;76928000;
03416;PF;96603836220;000973461;;LAUZIELI BRAS GRAMMELISKI;LAUZIELI BRAS GRAMMELISKI;;DUQUE DE CAIXAS;;CENTRO;0613;RO;Brasil;76928000;limite R$ 500,00
03407;PF;05094880217;154203010;;ALINE DE OLIVEIRA FREIRES;ALINE DE OLIVEIRA FREIRES;;AV AFONÇO PENA;;CENTRO;0613;RO;Brasil;76928000;
03417;PF;00080782205;1231079;;ANA CLEIA BANDEIRA PEREIRA SANTOS;ANA CLEIA BANDEIRA PEREIRA SANTOS;;RUA JOSE MARTINS;CASA;CENTRO;0613;RO;Brasil;76928000;
03387;PF;94038856291;498670;;IZOLINA MENDES NETO DE SOUZA;IZOLINA MENDES NETO DE SOUZA;;RUA SÃO CURITIBA;;SETOR 6;0613;RO;Brasil;78954000;LIMITE DE COMPRAS R$400,00
03408;PF;06110327247;1738102;;KAMILA APARECIDA DIAS MOREIRA;KAMILA APARECIDA DIAS MOREIRA;;RUA PROJETADA 91 QD 30 LT 14 AP SALA;;SETOR 6 CENTRO;0613;RO;Brasil;76928000;limite R$ 400 reais
03418;PF;70376577274;1513087;;FELIPE ELOY BORGES;FELIPE ELOY BORGES;;LH TN10 LOTE 380 GLEBA 01;;ZONA RURAL;0613;RO;Brasil;76928000;limite inicial R$ 500,00
03398;PF;03847591223;1397894;;TAIZA DIAS SILVA;TAIZA DIAS SILVA;;RUA SÃO JOSE OPERÁRIO, S/N QD 14A;;CENTRO;0613;RO;Brasil;78954000;LIMITE INICIAL R$ 1.000
03409;PF;00088713296;00088713296;;TAMIRES CARVALHO DA SILVA;TAMIRES CARVALHO DA SILVA;;RUA ALAIDES ALCANTARA;;CENTRO;0613;RO;Brasil;76928000;limite R$ 500 Reais
03419;PF;04840573247;1521699;;FERNANDA MUTIELI DE AMORIM SOUZA;FERNANDA MUTIELI DE AMORIM SOUZA;;LH 20 DA LINHA 37 LOTE 36 GLEBA 12C;;ZONA RURAL;0613;RO;Brasil;76928000;limite R$ 1.000
03389;PF;73704180220;779703;;ELIANE GOMES DA SILVA;ELIANE GOMES DA SILVA;;RUA ALMIRANTE BARROSO;;CENTRO;0613;RO;Brasil;76928000;LIMITE INICIAL 500.00
03399;PF;75853124234;12401610;;JAQUELINE CANDIDA PACHECO;JAQUELINE CANDIDA PACHECO;;AV AFONÇO PENA;AO LADO DO MERCADO LORENA;CENTRO;0613;RO;Brasil;76928000;limite R$ 400 reais
03386;PF;98851519234;704797;;ELENI GOMES FERREIRA DA SILVA;ELENI GOMES FERREIRA DA SILVA;;LINHA T6, LOTE21 GB 8 KM5;;ZONA RURAL;9653;RO;Brasil;78955000;LIMITE INICIAL 600.00
03391;PF;59705485291;697454;;VALERIA PRUDENTE RAMOS RODRIGUES;VALERIA PRUDENTE RAMOS RODRIGUES;;LINHA 12 DO ITAPIREMA, S/N- LOTE 10 GL 4B KM 9;;ZONA RURAL;6547;RO;Brasil;78960000;LIMITE INICIAL 600.00
03388;PF;00961764236;1116757;;ANDREIA GUDINHO MOREIRA;ANDREIA GUDINHO MOREIRA;;LH 16, KM 09;;ZONA RURAL;6547;RO;Brasil;78960000;LIMITE DE COMPRAS R$500,00!!
03404;PF;73447056215;765188;;IZAQUE ALVES DE SOUZA;IZAQUE ALVES DE SOUZA;;RUA MARECHAL CANDIDO RONDON;;CENTRO;0613;RO;Brasil;76928000;LIMITE 400 REAIS
03358;PF;03149506212;1366531;;SARA ANICETO DA SILVA;SARA ANICETO DA SILVA;;LH 31 KL 32 LOTE 30 GLEBA 12F;;ZONA RURAL;0613;RO;Brasil;78954000;LIMITE INICIAL R$ 500,00
03350;PF;04878660295;1795473;;WDISON DE SOUZA LOPES;WDISON DE SOUZA LOPES;;LINHA 12 KL 31 LOTE 10 GLEBA 08B;CASA;ZONA RURAL;6552;RO;Brasil;78950000;LIMITE INICIAL R$ 500,00
03368;PF;03943899217;1463210;;GABRIELI PEREIRA TEIXEIRA;GABRIELI PEREIRA TEIXEIRA;;RUA ARAUCARIA;;NOVA OURO PRETO;6552;RO;Brasil;78950000;LIMITE R$500,00!!!
03360;PF;16230809249;200534;;FILOMENA FORTES CORTIJO FILHA;FILOMENA FORTES CORTIJO FILHA;;RUA BELMIRO ARAUJO;;SETOR 1;0613;RO;Brasil;78954000;
03351;PF;84664053215;000870287;;CENILDO DIAS CHAGAS;CENILDO CHAGAS;;LH 16 KL 22 LOTE 32 GLEBA 08B;CASA;ZONA RURAL;0613;RO;Brasil;78954000;
03371;PF;77287100282;732249;;PERICLES DE ALMEIDA;PERICLES DE ALMEIDA;69992237018;LH 31 KM 24 LOTE 10 GB 8E;;ZONA RURAL;0613;RO;Brasil;76928000;
03362;PF;05607039102;26235145;;CLELIA SCHWANZ LAUVERS;CLELIA SCHWANZ LAUVERS;;LINHA 24 KL 31 LOTE 11 GLEBA 8E;CASA;ZONA RURAL;0613;RO;Brasil;78954000;LIMITE R$ 400,00
03372;PF;24239380200;59164;;MARIA DE LURDES RODRIGUES;MARIA DE LURDES RODRIGUES;69993799653;RUA JASMO PEREIRA DE CASTRO;;CENTRO;0613;RO;Brasil;78954000;LIMITE 500,00!!!
03353;PF;69182744220;1855022;;PENHA ARAUJO FREIS;PENHA ARAUJO FREIS;;RUA ALAIDES FERNANDES;CASA;CENTRO;0613;RO;Brasil;78954000;LIMITE R$ 400,00
03363;PF;25361171115;675248;;NILVA DE DEUS DA CUNHA;NILVA DE DEUS DA CUNHA;;LH 16 KM 31 LOTE 33 GLEBA 8B;CASA;ZONA RURAL;0613;RO;Brasil;78954000;
03373;PF;05347263210;31258301;;VICTORIA DOS SANTOS KUCIKOSKI;VICTORIA DOS SANTOS KUCIKOSKI;69992110701;LINHA 16 DA LINHA 31, S/N LT22 GB 12BLPT-;;ZONA RURAL;0613;RO;Brasil;78954000;LIMITE 500.00
03354;PF;06970985245;1732931;;PABLO VINICIUS DIAS DA SILVA;PABLO VINICIUS DIAS DA SILVA;;LINHA 31, LT 25, GB 12D, KM 31;;ZONA RURAL;0613;RO;Brasil;78954000;LIMITE 500,00
03364;PF;02089835206;3686469;;DENISE VIEIRA RAMOS DE CASTRO;DENISE VIEIRA RAMOS DE CASTRO;;RUA VO LUIZA;CASA;ZON RURAL;0613;RO;Brasil;78954000;
03374;PF;01408743213;1796154;;ELINI DE SOUZA SANTOS;ELINI DE SOUZA SANTOS;;LINHA 37 KM 16 LOTE 29 GLB 12B;;ZONA RURAL;0613;RO;Brasil;76928000;LIMITE 600.00
03355;PF;21313830100;1753556;;ANTONIO HORTA DA SILVEIRA;ANTONIO HORTA DA SILVEIRA;;LH TN6 LOTE 359 GLEBA 1;;ZONA RURAL;0613;RO;Brasil;78954000;altoriza esposa elza guilherme
03375;PF;00751625205;1043688;;WELLINGTON JHONNY SILVA LEANDRO;WELLINGTON JHONNY SILVA LEANDRO;69992196924;LINHA 16 KM22 LOTE 29 4B;;ZONA RURAL;0613;RO;Brasil;78954000;LIMITE 500.00
03356;PF;01800669275;1195759;;FRANCIEL NOGUEIRA PIMENTEL;FRANCIEL NOGUEIRA PIMENTEL;;LH 31 KL 32 LOTE 50 GLEBA 12F;;ZONA RURAL;0613;RO;Brasil;78954000;LIMITE INICIAL DE R$ 600,00
03366;PF;05095834235;1597198;;DANIELLY VITORIA PEDREIRA ALVES;DANIELLY VITORIA PEDREIRA ALVES;;LH 24 DA LH 31;;ZONA RURAL;0613;RO;Brasil;78954000;LIMITE R$400,00
03357;PF;52427900249;748212;;DIRCE NIZA DE OLIVEIRA;DIRCE NIZA DE OLIVEIRA;;LH 20 KL 22 LOTE 5 GLEBA 4D;;ZONA RURAL;0613;RO;Brasil;78954000;LIMITE INICIAL DE R$ 600,00
03359;PF;02504773277;1258509 SESDEC;;ILSON KILPPEL FERREIRA;ILSON KILPPEL FERREIRA;;LH31 KM28 GLEBA 12FLOTE31;;ZONA RURAL;0613;RO;Brasil;78954000;
03369;PF;01107793203;1535084;;DENISE DA SILVA OLIVEIRA;DENISE DA SILVA OLIVEIRA;;LH 31, KM 20, LT 22, GB 12C;;ZONA RURAL;0613;RO;Brasil;78954000;
03370;PF;94317755220;1022583;;LUCINEIDE NUNES DOS SANTOS;LUCINEIDE NUNES DOS SANTOS;;LH C2 LOTE 55 GLEBA 02;;ZONA RURAL;9653;RO;Brasil;78955000;
03367;PF;14297655268;99545;;SEBASTIAO ANTONIO DE OLIVEIRA;SEBASTIAO;69996105866;LINHA TN2 LOTE 627 GLEBA 01;;ZONA RURAL;9653;RO;Brasil;78955000;
03352;PF;89810473249;000942273;;ADEMAR LOPES DE OLIVEIRA;ADEMAR LOPES DE OLIVEIRA;;LH 20 KM 09 LOTE 14 GLEBA PIRINEU;;ZONA RURAL;6547;RO;Brasil;78960000;LIMITE INICIAL DE R$ 500,00
03361;PJ;02028383000131;00000000599417;;RELOJOIAS;SECULUS;3131810608;RUA JOSE DE ALENCAR;;CENTRO;6555;RO;Brasil;76801064;
03383;PF;89702743249;1595682;;ANDREIA DA COSTA PERON;ANDREIA DA COSTA PERON;;LINHA 32, S/N KM32 LOTE 1 GLEBA 12 F, ZONA RURAL;;ZONA RURAL;0613;RO;Brasil;78954000;LIMITE INICIAL 600.00
03376;PF;08413559243;1753863;;KEYZER PALOTE NASCIMENTO;KEYZER PALOTE NASCIMENTO;69992786444;RUA DO CONTORNO S/N LT01 QD02;;CENTRO;0613;RO;Brasil;78954000;LIMITE INICIAL 200.00
03377;PF;03620720274;1373256;;ERICA VIDALVINA MACHADO;ERICA VIDALVINA MACHADO;69993002978;RUA TANCREDO NEVES;;CENTRO;0613;RO;Brasil;78954000;LIMITE 1.500,00
03378;PF;70376691212;1513364;;GENY DE OLIVEIRA SILVA;GENY DE OLIVEIRA SILVA;69992447786;LH31 LOTE21 GLEBA 12D;;ZONA RURAL;0613;RO;Brasil;76928000;
03379;PF;02523607298;1333223;;ITALO DA SILVA VIANA;ITALO DA SILVA VIANA;;AVENIDA AFONSO PENA;;CENTRO;0613;RO;Brasil;78954000;LIMITE INICIAL 1.000,00
03380;PF;47098902268;1770929;;ALZERINA JACOMI DA SILVA;ALZERINA JACOMI DA SILVA;;LINHA T4, GLEBA 6, LOTE 9;ZONA RURAL;ZONA RURAL;9653;RO;Brasil;78955000;LIMITE INICIAL 500.00
03382;PF;62217356291;633679;;MARIA TEIXEIRA DA COSTA OLIVEIRA;MARIA TEIXEIRA DA COSTA OLIVEIRA;69992801279;LH C3 NUCLEO PRIMAVERA;;ZONA RURAL;9653;RO;Brasil;78955000;
03381;PF;04970311242;1637699;;WYTALLO DELORRAN TAVARES DE OLIVEIRA;WYTALLO DELORRAN TAVARES DE OLIVEIRA;;RUA RIO TAPAJOS;;DOM BOSCO;6547;RO;Brasil;76907754;
03300;PF;42268451291;7599030;;MARIA DA GLORIA BEDETTI BASTOS;MARIA DA GLORIA BENEDITO BASTOS;;RUA DANIEL HERING;;CENTRO;0613;RO;Brasil;76928000;
03320;PF;00804381216;1287192;;GEICIELE SILVA NEVES;GEICIELE SILVA NEVES;;LH 28 DA LIMHA 31 LOTE 32 GLEBA 8E KL 28;CASA;ZONA RUAL;0613;RO;Brasil;78954000;
03330;PF;02610812256;1269264;;MULLER RAIMUNDO BENFICA PIRES;MULLER RAIMUNDO BENFICA PIRES;;RUA DANIEL HERINGUER;CASA;CENTRO;0613;RO;Brasil;78954000;LIMITE $ 500,00
03301;PF;03147595226;1430927;;JULIANA CAIRES FIGUEREDO;JULIANA CAIRES FIGUEREDO;;RUA. DANIEL HERINGER;;CENTRO;0613;RO;Brasil;76928000;
03311;PF;00103245260;001031896;;ELAINE CRISTINA DE OLIVEIRA GONÇALVES;ELAINE CRISTINA DE OLIVEIRA GONÇALVES;;RUA SAO JOSE OPERARIO;CASA;CENTRO;0613;RO;Brasil;78954000;
03321;PF;00726304263;1237943;;ROBINA DORNELLES DE OLIVEIRA MARTINS;ROBINA DORNELLES DE OLIVEIRA MARTINS;;RUA DAS PALMEIRAS;;CENTRO;0613;RO;Brasil;76928000;CASA NOVA ELETROLAR
03331;PF;06672465251;1637003;;ANGELA DA SILVA SOUZA;ANGELA DA SILVA SOUZA;;LINHA 16 KM 31 LOTE 22 GB 8B;CASA;ZONA RURAL;0613;RO;Brasil;76928000;
03302;PF;01492947270;001036600;;FABIANA BRITO BRAGA;FABIANA BRITO BRAGA;;RUA PRINCIPE;;CENTRO;0613;RO;Brasil;78954000;
03312;PF;03321610213;1441802;;VALCIANE DE ABREU SOUZA;VALCIANE DE ABREU SOUZA;;RUA NOVA ESPERANÇA;CASA;CENTRO;0613;RO;Brasil;78954000;
03322;PF;46392432515;1349398;;MARLENE FERREIRA DE CEZAR FIEL;MARLENE FERREIRA DE CEZAR FIEL;;LINHA 31 KL 24 LOTE 25 GLEBA 12D;;ZONA RURAL;0613;RO;Brasil;78954000;LIMITE DE R$ 400,00
03303;PF;67830757291;428352;;MARIA LUIZA RABELO DOS SANTOS;MARIA LUIZA RABELO DOS SANTOS;;LH 24 DA 31, LT 30;ESQUERDA;ZONA RURAL;0613;RO;Brasil;78954000;LIMITE R$400,00!!!
03313;PF;03537121245;1221159;;KAROLAYNE DOS SANTOS RODRIGUES;KAROLAYNE DOS SANTOS RODRIGUES;;RUA SÃO CURITIBA;;CENTRO;0613;RO;Brasil;78954000;
03333;PF;82840342200;755230;;GEISELLAINE NASCIMENTO ALVES SANTOS;GEISELLAINE NASCIMENTO ALVES SANTOS;;RUA SAO JOSE OPERARIO;CASA;CENTRO;0613;RO;Brasil;78954000;
03304;PF;29020832204;321189;;VALDIVINO NASS;VALDIVINO NASS;;TN6 (FAZENDA NOSSA SENHORA APARECIDA);;ZONA RURAL;0613;RO;Brasil;78954000;LIMITE R$500,00!!!
03314;PF;03982536251;1404193;;JOSIELMA KALITA DE SOUZA PAULO;JOSIELMA KALITA DE SOUZA PAULO;;RUA BELMIRO ARAUJO;CASA;CENTRO;0613;RO;Brasil;78954000;LIMITE DE COMPRA R$ 400,00
03305;PF;04895178200;1522921;;DAYANE ALVES AZEVEDO;DAYANE ALVES AZEVEDO;;LH 24 DA 31, KM 24, LT 25, GB12D;;ZONA RURAL;0613;RO;Brasil;78954000;LIMITE R$500!!!
03295;PF;75268043234;880098;;JOCILENE RODRIGUES DA SILVA;JOCILENE RODRIGUES DA SILVA;;RUA VO LUIZA;;CENTRO;0613;RO;Brasil;78954000;
03306;PF;71232443204;746015;;LEONILDA DE LIMA E SILVA FERREIRA;LEONILDA DE LIMA E SILVA FERREIRA;;LH 31 KM 20;;ZONA RURAL;0613;RO;Brasil;78954000;REPARCELAMENTO DE NOTAS LIMITE R$ 800,00
03316;PF;06330935211;1605509;;CHARLE DE FREITAS PIMENTEL;CHARLE DE FREITAS PIMENTEL;;LH 32 LOTE 50 GLEBA 12F;CASA;ZONA RURAL;0613;RO;Brasil;78954000;LIMITE DE COMPRA R$ 400,00
03307;PF;03633511245;1387630;;FABIANA DAMACENA GAVA;FABIANA DAMACENA GAVA;;LINHA 16 DA LINHA 31;;ZONA RURAL;0613;RO;Brasil;76928000;LIMITE R$ 600,00
03317;PF;35051280234;361549;;MARIA LUCIA DA COSTA RIBEIRO;MARIA LUCIA DA COSTA RIBEIRO;;LH 24 LINHA 31 KL 24 GLEBA 12D LOTE 24A;CASA;ZONA RURAL;0613;RO;Brasil;78954000;
03297;PF;99366789234;989784;;LUCIA ELIAS DE FREITAS;LUCIA ELIAS DE FREITAS;;LH 24 DA LH 31 LT 27 GB 12D;;ZONA RURAL;0613;RO;Brasil;78954000;LIMITE DE R$500!!!
03318;PF;75773724200;803333;;DENISE DIAS DA CRUZ;DENISE DIAS DA CRUZ;;RUA JASMO PEREIRA CASTRO;CASA;CENTRO;0613;RO;Brasil;78954000;
03348;PF;03037600284;1392711;;FERNANDO MORAES DE CARVALHO;FERNANDO MORAES DE CARVALHO;;LH 20 KL 31 GLEBA 8D CX 2;;ZONA RURAL;0613;RO;Brasil;78954000;LIMITE INICIAL R$ 550
03298;PF;02210656281;1236096;;MARLI SILVA SANTOS;MARLI SILVA SANTOS;;LH 24 DA LH 31, KM 24, LT 37, GB 12D;;ZONA RURAL;0613;RO;Brasil;78954000;
03309;PF;05405188247;1539496;;NUBIA KATIELE DA SILVA SANTOS;NUBIA KATIELE DA SILVA SANTOS;;RUA LUIZ BORGES;CASA;CENTRO;0613;RO;Brasil;78954000;
03319;PF;06315128297;1605527;;KELITON RHENNER SANTOS GOMES;KELITON RHENNER SANTOS GOMES;;RUA VO LUIZA;CASA;CENTRO;0613;RO;Brasil;78954000;LIMITE DE R$ 400,00
03349;PF;52917207191;1840737;;ELENILDA SILVA DE AMORIM;ELENILDA SILVA DE AMORIM;;RUA JASMO DE CASTRO;CASA;CENTRO;0613;RO;Brasil;78954000;LIMITE INICIAL DE R$ 500,00
03299;PF;01095523260;1101222;;ANGELICA DE FREITAS CAMPOS;ANGELICA DE FREITAS CAMPOS;;LH 20 KM 31 GB 12D;;ZONA RURAL;0613;RO;Brasil;78954000;LIMITE DE R$500,00
03332;PF;41611987873;1776132;;VITORIA ROSA CAROLINA DE OLIVEIRA ANDRADE;VITORIA ROSA CAROLINA DE OLIVEIRA ANDRADE;;LINHA TN4 LOTE 649 GLEBA 01;;ZONA RURAL;9653;RO;Brasil;78955000;
03323;PF;73001430249;1869485;;MARIA APARECIDA DA SILVA;MARIA APARECIDA DA SILVA;;LH TN14 LOTE 168 GLEBA 1;;ZONA RURAL;9653;RO;Brasil;78955000;LIMITE DE R$ 400,00
03308;PF;46963480249;506957;;ARY HUDZIAK;ARY HUDZIAK;;LINHA TN 10 LOTE 315 GLEBA 01;;ZONA RURAL;9653;RO;Brasil;78955000;LIMITE 500,00
03339;PF;98872249287;00001030806;;LUCIMAR ROSA ALVES LEITE;LUCIMAR ROSA ALVES LEITE;69999546700;LH TN2 LOTE 576 GLEBA 01;CASA;ZONA RURAL;9653;RO;Brasil;78955000;
03310;PF;06280532232;1603517;;JULIO CEZAR DA SILVA CRUZ NINKI;JULIO CEZAR DA SILVA CRUZ NINKI;;LINHA 24 DA KL 31;CASA;RURAL;0613;RO;Brasil;78954000;
03281;PF;75370450200;785828;;VILSON LUIZ DA ROCHA;VILSON LUIZ DA ROCHA;;LINHA 31 KM 08;;ZONA RURAL;0613;RO;Brasil;76928000;
03284;PF;03611222259;1373187;;ALINE COSTA DE JESUS;ALINE COSTA DE JESUS;;LH 32 KM 15;;ZONA RURAL;0613;RO;Brasil;76928000;
03287;PF;04364846686;11526605;;ADONIAS NUNES FERREIRA;ADONIAS NUNES FERREIRA;;LH 36 DA 31, LT 05, GB 01A;CASA;ZONA RURAL;0613;RO;Brasil;78954000;
03273;PF;92959350200;979146;;FABIANE BATISTA FERREIRA DA SILVA;FABIANE BATISTA FERREIRA DA SILVA;;LINHA TN 2 GL 01 LOTE 548 A;;ZONA RURAL;9653;RO;Brasil;78955000;CADASTRO DE URUPA
03260;PF;06230511258;1600278;;DANIELE DE FREITAS GONCALVES;DANIELE DE FREITAS GONCALVES;;RUA LUIZ BORGES;;CENTRO;0613;RO;Brasil;76928000;CADASTRO COM LIMITE DE 500,00.
03270;PF;04078563236;1442871;;GABRIELA CORTIJO ALMEIDA;GABRIELA CORTIJO ALMEIDA;;RUA BELMIRO ARAUJO;;CENTRO;0613;RO;Brasil;78954000;
03280;PF;42117763200;438853;;LUIZ CARLOS DE CASTRO;AV MARECHEL RODON;;RUA CUSTODIO VITOR;;CENTRO;0613;RO;Brasil;76928000;
03271;PF;06890923260;1605176;;LEANDRA GOMES MENEZES;LEANDRA GOMES MENEZES;;RUA CUSTODIO VITOR;;ZONA RURAL;0613;RO;Brasil;78954000;
03291;PF;09030321202;1605525;;LUCAS FREITAS MACIEL;LUCAS FREITAS MACIEL;;LH 20 DA 31, KM 20, LT 05, GB 12D;;ZONA RURAL;0613;RO;Brasil;78954000;
03262;PF;68350813253;000641075;;DIRCE MARTINS DOS SANTOS;DIRCE MARTINS DOS SANTOS;;LINHA 31 KM 20 LOTE 22 GLEBA 12C;;ZONA RURAL;0613;RO;Brasil;76928000;
03282;PF;88002675215;916326;;SIMONE MARTINS DOS SANTOS;SIMONE MARTINS DOS SANTOS;;LINHA 20 DA LINHA 31;;ZONZ RURAL;0613;RO;Brasil;76928000;
03292;PF;06315069266;1605532;;JULIANA DOS SANTOS;JULIANA DOS SANTOS;;LINHA 20 DA LINHA 31;;ZONA RURAL;0613;RO;Brasil;76928000;LIMITE DE COMPRA VALOR: 400,00
03283;PF;02196047201;23763485;;BRUNA RAFAELA FREITAS DE ASSIS;BRUNA RAFAELA FREITAS DE ASSIS;993493408;LINHA TN 06;;ZONA RURAL;0613;RO;Brasil;76928000;observaçao R$700,00
03264;PF;02265336114;19706693;;ELAINE DE ALMEIDA SILVA;ELAINE DE ALMEIDA SILVA;;LINHA 24 KM 31 LOTE 16 GLEBA 12E;;ZONA RURAL;0613;RO;Brasil;76928000;CADASTRO COM LIMITE DE 600,00.
03274;PF;80078168287;858054;;ERIKA ELIZABETH OLIVEIRA DIAS VIEIRA;ERIKA ELIZABETH OLIVEIRA DIAS VIEIRA;;AVENIDA AFONSO PENA;;CENTRO;0613;RO;Brasil;76928000;
03294;PF;70552231215;742767;;ROGERIO MOREIRA DE OLIVEIRA;ROGERIO MOREIRA DE OLIVEIRA;;LH TN6 LT 465, GB 01 KM 32;;ZONA RURAL;0613;RO;Brasil;78954000;
03275;PF;81523440287;000846858;;MARIA JUCENI VIEIRA;MARIA JUCENI VIEIRA;;LINHA 24 KM 31 LOTE 26 GLEBA 8D;;ZONA RURAL;0613;RO;Brasil;76928000;
03285;PF;86127101700;1699262;;JAIR SEVERINO DOS SANTOS;JAIR SEVERINO DOS SANTOS;;LINHA 37, KM 16, LT 03, GB 12C;;ZONA RURAL;0613;RO;Brasil;76928000;
03266;PF;94270872268;1605237;;VALDECI DOMINGOS GOMES;VALDECI DOMINGOS GOMES;;RUA RIO BRANCO;;CENTRO;0613;RO;Brasil;76928000;somente a dona da ficha limite 600 reais
03276;PF;67419291268;398490;;MARIA APARECIDA DE ARAUJO OLIVEIRA;MARIA APARECIDA DE ARAUJO OLIVEIRA;69992476283;LINHA 20 KM 09 LOTE 28 GLEBA 4C;;ZONA RURAL;0613;RO;Brasil;76928000;
03286;PF;06220062230;1600868;;LORRAYNE CAMILA DOS SANTOS;LORRAYNE CAMILA DOS SANTOS;;LH 20 DA LH 31 LT 11C GB12D;;ZONA RURAL;0613;RO;Brasil;78954000;
03296;PF;89710924249;1189973;;LENI MENDES;LENI MENDES;;RUA JORGE TEIXEIRA;;CENTRO;0613;RO;Brasil;78954000;
03267;PF;03541263180;001650872;;KEILA ARAGAO BONFIN;KEILA ARAGAO BONFIM;;LINHA 24 KM 31 LOTE 03 GLEBA 8D;;ZONA RURAL;0613;RO;Brasil;76928000;
03277;PF;06251078103;27409694;;BRUNA PEREIRA DEODATO;BRUNA PEREIRA DEODATO;;RUA LUIZ BORGES;;CENTRO;0613;RO;Brasil;78954000;
03278;PF;03817842236;1395353;;POLIANE DA SILVA AMARAL;POLIANE DA SILVA AMARAL;;RUA CUSTODIO VITOR;;CENTRO;0613;RO;Brasil;76928000;
03279;PF;75199181220;000758144;;CLEUSENIR MARIA DE SOUZA;CLEUSENIR MARIA DE SOUZA;;LINHA 20 DA LIMHA 37 S/N LOTE38 GLEBA 12C;;ZONA RURAL;0613;RO;Brasil;76928000;
03289;PF;34065016215;000884869;;REJANE DA CUNHA SILVA;REJANE DA CUNHA SILVA;;RUA MARIO NEI NUNES;;CENTRO;0613;RO;Brasil;78954000;
03261;PF;47846291220;507876;;EDNA CORDEIRO DA SILVA;EDNA CORDEIRO DA SILVA;;LINHA TN 10 LOTE 378 GLEBA 01;;ZONA RURAL;9653;RO;Brasil;78955000;CADASTRO DE URUPA.
03272;PF;03469497770;1711304;;ILSON DE SOUZA;ILSON DE SOUZA;;LINHA TN 10 A LOTE 310 GL 01;;ZONA RURAL;9653;RO;Brasil;78955000;CLIENTE LOJA DE URUPA.
03263;PF;77066430263;948646;;ADRIANA DOS REIS SILVA VITORINO;ADRIANA DOS REIS SILVA VITORINO;;LINHA TN18 LOTE 140 GLEBA 01;;ZONA RURAL;9653;RO;Brasil;78955000;
03293;PF;04152507225;1545547;;CLEITON ALVES REGIS;CLEITON ALVES REGIS;;LH TN2 LT 630;;ZONA RURAL;9653;RO;Brasil;78955000;LIMITE R$500,00
03268;PF;03297806206;1372443;;JOSIANE QUINTINO NAVAS;JOSIANE QUINTINO NAVAS;;RUA PEDIGRI;;CENTRO;0613;RO;Brasil;76928000;CADASTRO LOJA URUPA
03226;PF;81080077200;000884858;;LENILDA DE SOUZA SANTOS;LENILDA DE SOUZA SANTOS;;RUA CURITIBA;CASA;CENTRO;0613;RO;Brasil;76928000;
03246;PF;89063279272;781336;;GILSON COSTA DE ARAUJO;GILSON COSTA DE ARAUJO;;RUA VO LUIZA;;CENTRO;0613;RO;Brasil;76928000;
03224;PF;06319557206;1605629;;GISLAINE GONÇALVES DE BARROS;GISLAINE GONÇALVES DE BARROS;993649126;RUA JOSE ANDRADE FILHO;;ALVORADA;6552;RO;Brasil;76920000;CREDIARIO COM LIMITE DE 400,00
03240;PF;93662335204;000631591;;LOUZENIR TELES SA SILVA;LOUZENIR TELES SA SILVA;;RUA BELMIRO ARAUJO;;CENTRO;0613;RO;Brasil;76928000;
03250;PF;68053339204;730467;;CLAUDETE SILVA DE AMORIM;CLAUDETE SILVA DE AMORIM;;LINHA 20 KM 37 GL D LOTE 42;;ZONA RURAL;0613;RO;Brasil;76928000;
03231;PF;04174214271;1450807;;FABIOLA COELHO DE OLIVEIRA;FABIOLA COELHO DE OLIVEIRA;;LINHA 24 KM 22 GL 4D LOTE 32;;ZONA RURAL;0613;RO;Brasil;76928000;
03241;PF;05368686200;1596859;;GREICIANE AMBROSIO DA SILVA;GREICIANE AMBROSIO DA SILVA;;RUA MONTE CASTELO;;CENTRO;0613;RO;Brasil;76928000;
03251;PF;08104926284;1286467;;BRUNO WELINTON DOS SANTOS;BRUNO WELINTON DOS SANTOS;;LINHA 16 KM 22 LOTE 03 GLEBA 4C;;ZONA RURAL;0613;RO;Brasil;76928000;
03232;PF;75158329249;000758644;;CELIA MARTINS DOS SANTOS;CELIA MARTINS DOS SANTOS;;LINHA 20 KM 31 LOTE 1C GL 8 D;;ZONA RURAL;0613;RO;Brasil;76928000;CADASTRO COM LIMITE DE 600,00
03242;PF;04057614222;1496945;;LUCAS SOARES DE OLIVEIRA BERNADO;LUCAS SOARES DE OLIVEIRA BERNADO;;RUA AFONSSO PENA;;CENTRO;0613;RO;Brasil;76928000;CADASTRO COM LIMITE DE 500,00 .
03223;PF;80409547204;1505804;;JHORDANY VALERIA SOUZA SILVA (SOLUTION);JHORDANY VALERIA SOUZA SILVA;;RUA VO LUIZA;;CENTRO;0613;RO;Brasil;76928000;CADASTRO COM LIMITE DE 500,00 COBRANÇA SETOR JURIDICO
03253;PF;67989853272;67787927;;MARIA CRISTINA NOCERA;MARIA CRISTINA NOCERA;;LINHA 22 KM 20 LOTE 30 GLEBA 4C;;ZONA RURAL;0613;RO;Brasil;76928000;
03234;PF;28303792253;354516;;NELCI GONCALVES DOS SANTOS;NELCI GONCALVES DOS SANTOS;;LINHA 20 KM 37 GL 12D LT 01;;ZONA RURAL;0613;RO;Brasil;76928000;CADASTRO COM LIMITE DE R$ 500,00.
03244;PF;70400296268;000948046;;MARIA DAS GRACAS DA SILVA;MARIA DAS GRACAS DA SILVA;;RUA LUIZ BORGES;;CENTRO;0613;RO;Brasil;76928000;CLIENTE URUPA
03254;PF;04170893255;1517334;;RONEI NUNES DIAS;RONEI NUNES DIAS;;LINHA 32 LOTE 48 GLEBA 12F;;ZONA RURAL;0613;RO;Brasil;76928000;LIMITE DE R$400,00.
03225;PF;96800780278;001044581;;ANDERSON VIEIRA DA SILVA;ANDERSON VIEIRA DA SILVA;;LINHA 24 DA LINHA 31 LOTE 03 GL 8-D;;ZONA RURAL;0613;RO;Brasil;76928000;
03235;PF;04455484280;1798651;;AMANDA DEODATO MENEZES;AMANDA DEODATO MENEZES;;LINHA 16 KM 31 GL 12 B LOTE 21;;ZONA RURAL;0613;RO;Brasil;76928000;CADASTRO COM LIMITE DE R$ 250,00 .
03245;PF;79013236200;792198;;PATRICIA LUCIO OZEKI;PATRICIA LUCIO OZEKI;;RUA DUQUE DE CAXIAS;;CENTRO;0613;RO;Brasil;76928000;CADASTRO COM LIMITE DE 500,00.
03247;PF;42140447204;000974168;;SANDRA CRISTINA DE ALMEIDA DA SILVA;SANDRA CRISTINA DE ALMEIDA DA SILVA;;LINHA 20 KM 31 GL8D LOTE 16;;ZONA RURAL;0613;RO;Brasil;76928000;REBECA NÃO ESTA AUTORIZADA A COMPRAR NO CREDIARIO!!!!
03238;PF;07505731718;MG-10.685.888;;GISKLEY SA DE CARVALHO;GISKLEY SA DE CARVALHO;;LINHA 24 DA LINHA 31 LOTE 29 GLEBA 12D;;ZONA RURAL;0613;RO;Brasil;76928000;LIMITE DE R$500,00
03248;PF;98463462200;1076635;;CLAUDINEIA GORETE DE SOUZA;CLAUDINEIA GORETE DE SOUZA;;LINHA 31 KM 24 LOTE 36 GL8D;;ZONA RURAL;0613;RO;Brasil;76928000;
03249;PF;04366058219;1469863;;GABRIELLE CAROLINE PEREIRA CRISTE;GABRIELLE CAROLINE PEREIRA CRISTE;69993967603;LINHA 20 DA LINHA 37 KM 20 LOTE 5 GLEBA 12D;;ZONA RURAL;0613;RO;Brasil;78954000;
03259;PF;95788727200;1400484;;DOUGLAS HENRIQUE MAGESK;DOUGLAS HENRIQUE MAGESK;;LINHA 24 KM 31 LOTE 24 GLEBA 12 E;;ZONA RURAL;0613;RO;Brasil;76928000;
03269;PF;34972684291;405982;;JOAO SILVA REIS FILHO;JOAO SILVA REIS FILHO;;RUA JORGE TEIXEIRA;;CENTRO;0613;RO;Brasil;78954000;
03252;PF;02426481269;1250955;;POLIANA ELOY LIMA;POLIANA ELOY LIMA;;LINHA TN 06 LOTE 381 GLEBA 01;;ZONA RURAL;9653;RO;Brasil;78955000;CADASTRO DE URUPA
03233;PF;68676433291;697098;;CLAUDIANA SANTOS DA SILVA SANFELIS;CLAUDIANA SANTOS DA SILVA SANFELIS;;LINHA TN 14 LOTE 168 GL 01;;ZONA RURAL;9653;RO;Brasil;78955000;CLIENTE DE URUPA.
03236;PF;92567002200;1158320;;MAGAJANE DE LIMA NOGUEIRA;MAGAJANE DE LIMA NOGUEIRA;;LINHA TN 10 LOTE 376 GL 01;;ZONA RUARL;9653;RO;Brasil;78955000;CLIENTE DE URUPA
03227;PF;45717877234;481544;;APARECIDA RODRIGUES DE SOUZA SILVA;APARECIDA RODRIGUES DE SOUZA SILVA;;LINHA TN06 LOTE 397 GLEBA 01;;ZONA RURAL;9653;RO;Brasil;78955000;
03229;PF;66858380272;704752;;ROSENEIDE GUIMARAES DA SILVA;ROSENEIDE GUIMARAES DA SILVA;;RUA JORGE TEIXEIRA;;CENTRO;9105;GO;Brasil;76686000;CLIENTE DE URUPA
03243;PF;76768040278;798168;;SIRLENE DE MATOS DA SILVEIRA;SIRLENE DE MATOS DA SILVEIRA;;RUA EWERTON CANDIDO FERREIRA;QUADRA 36;RONDON;6547;RO;Brasil;78960000;
03239;PF;01296727262;1269211;;TAYANE GONÇALVES;TAYANE GONÇALVES;;ESTADOS UNIDOS;;CENTRO;0613;RO;Brasil;78954000;
03210;PF;04180982200;1441701;;ANA PAULA ALCANTARA DE OLIVEIRA;ANA PAULA;;LH 31 KL 28 LOTE 69 GLEBA 12F;;CENTRO;0613;RO;Brasil;76928000;
03220;PF;71588680282;16089790;;NEIDE DA SILVA LOPES;NEIDE DA SILVA LOPES;;RUA ALMIRANTE BARROSO;;CENTRO;0613;RO;Brasil;76928000;CADASTRO COM LIMITE DE 500,00
03209;PF;01102243299;1163410;;SIRLEI HUDZIAK CIESLAK;SIRLEI HUDZIAK CIESLAK;;LINHA 32 KM 37 LOTE 40 GL 12 G;;ZONA RURAL;0613;RO;Brasil;76928000;CADASTRO COM LIMETE DE 500,00
03188;PF;60033312249;585930;;JANETE BALDSON DA SILVA;JANETE BALDSON DA SILVA;99816669;LINHA 22 KM 08 LOTE 01 GL 4A;;ZONA RURAL;6552;RO;Brasil;76920000;
03119;PF;89885163204;971860;;CRISTIANE LOPES KRENSKI;CRISTIANE LOPES KRENSKI;;AVENIDA AFONSO PENA;;CENTRO;0613;RO;Brasil;76928000;OBS: ATUALIZAR CADASTRO COMERCIANTE
03217;PF;02623704252;1269321;;HELOANA FERNANDA NOGUEIRA DA SILVA;HELOANA;;RUA BEIJAMIN COSTANTE;;ALVORADA;6552;RO;Brasil;76920000;
03190;PF;42214610200;463494;;GELHO CORREA;GELHO;;RUA CUSTODIO VITOR;;CENTRO;0613;RO;Brasil;76928000;
03201;PF;82425965220;00001084857;;VALDINEIA DOS SANTOS GOMES;VALDINEIA DOS SANTOS GOMES;;RUA CUSTODIO VITOR;;CENTRO;0613;RO;Brasil;78954000;
03211;PF;21849192847;539873512;;QUITERIA DA SILVA;QUITERIA DA SILVA;;LINHA 37 KM 24 GL 12D LOTE 39;;ZONA ARURAL;0613;RO;Brasil;76928000;CADASTRO COM LIMITE 300,00
03221;PF;70376547286;1513071;;MILENE ELOY NETO;MILENE;;RUA NOVA ESPERANÇA;;CENTRO;0613;RO;Brasil;76928000;
03191;PF;99212676200;1024119;;EDVAGNER FABISON CARLOS;VAGNER;;RUA SAO JOSE OPERARIO;;CENTRO;0613;DF;Brasil;72928000;
03212;PF;80782817220;000360775;;ELIZETH FERNANDES RODRIGUES;ELIZETH;;RUA NOVA ESPERANÇA;;CENTRO;0613;RO;Brasil;76928000;
03222;PJ;04849221000513;00000005760747;;COOP. AGRO. DOS PROD. DE LEITE DE ROLIM DE MOURA-C;COOP. AGRO. DOS PROD. DE LEITE DE ROLIM DE MOURA-C;;LINHA 31 KM 22 LOTE 36 B/C GLEBA 08 D;;ZONA RURAL;0613;RO;Brasil;76928000;
03192;PF;47027150204;465096;;EDIVALDO COELHO;EDIVALDO;;LH 20 KM 31 LT 09 GB 8D;;ZONA RURAL;0613;RO;Brasil;76928000;
03203;PJ;06045204000125;00000001240463;;S A CARLOS EIRELI;S A CARLOS EIRELI;;AV. AFONSO PENA;;CENTRO;0613;RO;Brasil;76928000;
03214;PF;64079848234;606040;;VANILZA MARTINS DA SILVA ASSIS;VANILZA MARTINS DA SILVA ASSIS;;LH 31 KM 32 GL12 F LOTE 50;;ZONA RURAL;0613;RO;Brasil;78954000;CADASTRO DE URUPA
03215;PJ;02144899001466;;;COOP. DE CREDITO;SICOOB OUROCREDI;;AV.AFONSO PENA;;CENTRO;0613;RO;Brasil;76928000;
03206;PF;05441330210;159530;;DANIELLA RODRIGUES FARAGE;DANIELLA;;RUA MARECHAL CANDIDO RONDON;;CENTRO;0613;RO;Brasil;78954000;CADASTRO COM LIMITE 600
03187;PF;04490655290;1600552;;PRISCILA BONFIM RAMOS;PRISCILA;992585920;RUA DANIEL HERINGER;;CENTRO;0613;RO;Brasil;76928000;
03197;PF;42200580282;462370;;AUDINEIA RODRIGUES MONTEIRO DE OLIVEIRA;AUDINEIA;;RUA NOVA ESPERANCA;;CENTRO;0613;RO;Brasil;76928000;
03208;PF;24239836204;559684;;GERSON FERNANDES DA SILVA;GERSON FERNANDES DA SILVA;;LINHA 20 KM 22 LOTE 31 GL4 E;;ZONA RURAL;0613;RO;Brasil;76928000;CADASTRO REFERENTE A URUPA
03218;PF;19143435220;107540;;ORLI TOLEDO DE SOUZA;ORLI TOLEDO DE SOUZA;;LINHA 16 KM 31 LOTE 07 GL 8C;;ZONA RURAL;0613;RO;Brasil;76928000;
03189;PF;86714457200;001000882;;EMERSON AMANCIO ALMEIDA;EMERSON;981282173;LH37 KM 28 GL 12E LOTE 39;;ZONA RURAL;0613;DF;Brasil;72928000;Somente a esposa
03219;PF;00843758171;1559889;;DULCIMAR PEREIRA DA SILVA;DULCIMAR PEREIRA DA SILVA;;BR 429 KM 06;;ZONA RURAL;6533;RO;Brasil;78969000;AUTORIZA A IRMA LUCIMARA PEREIRA DA SILVA
03213;PF;11575824272;181969;;ANTONIA APARECIDA MUSSI DE MORAIS;ANTONIA;;LH TN10 LT 335 GB 01 SETOR 01;;ZONA RURAL;9653;RO;Brasil;76929000;
03205;PF;91737770210;924369;;HELENA ESTEVAO DOS ANJOS;HELENA;;LINHA TN-10 LOTE 394 GL 01;;ZONA RURAL;9653;RO;Brasil;78955000;CADASTRO DE URUPA
03216;PF;53509838220;1513057;;JOSIANA REGO DE LIMA SOUZA;JOSIANA REGO DE LIMA SOUZA;69992639385;LH TN14 KM 23 LOTE 246;;ZONA RURAL;9653;RO;Brasil;78955000;
03120;PF;76978443204;790994;;VIVIANE ROSA SOUZA;VIVIANE ROSA SOUZA;;RODOVIA RUA SAO CURITIBA;;CENTRO;0613;RO;Brasil;76928000;
03121;PF;96079797291;1007837;;ELIANA BARBOSA DA SILVA;ELIANA BARBOSA DA SILVA;;RUA MONTE CASTELO;;CENTRO;0613;RO;Brasil;76928000;CREDIARIO AUTORIZADO SIDNEY
03116;PJ;02309070001123;;;CREDISIS;JICRED;;RODOVIA AVENIDA AFONSO PENA;;CENTRO;0613;RO;Brasil;76928000;
03118;PF;68472404234;690411;;VANUSA DA SILVA SILVERIO ALCANTARA;VANUSA DA SILVA SILVERIO ALCANTARA;;RODOVIA LINHA 28 KM 31 LOTE 32 GLEBA 8E;;;0613;RO;Brasil;76928000;
03115;;;;;COOPERATIVA DE CREDITO DE LIVRE ADMISSAO;CREDISIS JICRED;;;;;0001;RO;Brasil;78960000;
03117;;;;;COOPERATIVA DE CREDITO DE LIVRE ADMISSAO;COOPERATIVA DE CREDITO DE LIVRE ADMISSAO;;;;;0001;RO;Brasil;78960000;
03100;PF;13880347786;13880347786;;MILLIANY MACHADO AVELAR;MILLIANY MACHADO AVELAR;6934651067;RODOVIA RUA DUQUE DE CAXIAS;;CENTRO;0613;RO;Brasil;76928000;OBS: ATUALIZAR CADASTRO
03112;PF;01102258210;1166102;;TAISY DE AMORIM CARVALHO;TAISY DE AMORIM CARVALHO;;RODOVIA LINHA 37 KM 20 LOTE 08 GLEBA 12D;;ZONA RURAL;0613;RO;Brasil;76928000;
03076;PF;84472251272;888630;;SIMONI MARIA DE OLIVEIRA;SIMONI MARIA DE OLIVEIRA;6993112680;RUA NOVA ESPERANCA;;CENTRO;0613;RO;Brasil;76928000;BLOQUEADO!!! NÃO VENDER ENQUANTO NAO QUITAR DIVIDAS.
03088;PF;03997092230;1415819;;VAGNER MUNIZ MONTEIRO;VAGNER MUNIZ MONTEIRO;;RODOVIA LINHA 31 KM 20 GLEBA 8C LOTE 24;;ZONA RURAL;0613;RO;Brasil;76928000;OBS: ATUALIZAR CADASTRO
03098;PF;03127578245;1357629;;GEANI SPADETTO RODRIGUES;GEANI SPADETTO RODRIGUES;;RUA MARECHAL RONDON;;CENTRO;0613;RO;Brasil;76928000;
03347;PF;03415387283;1464710;;GEOVANE JURUMEIRA DE ARAUJO;GEOVANE JURUMEIRA DE ARAUJO;69993719413;LH TN10 LOTE 415 GLEBA 1;CASA;ZONA RURAL;0613;RO;Brasil;78954000;LIMITE INICIAL R$ 800,00
03074;PF;99655780287;1018025;;DAYANE SILVEIRA PISSINATI GATI;DAYANE SILVEIRA PISSINATI GATI;6999398087;RODOVIA LH 31 KM 12 LT 30 GB 8A;;CENTRO;6552;RO;Brasil;76920000;DO LAR
03075;PF;04127777206;1431862;;LUANA DOS SANTOS MATOS;LUANA DOS SANTOS MATOS;;LINHA 31 KM 12 LOTE 25 GLEBA 8A;;ZONA RURAL;6552;RO;Brasil;76920000;OBS: ATUALIZAR CADASTRO
03110;PF;06205724855;19386096;;FATIMA BARBOSA DA SILVA;FATIMA BARBOSA DA SILVA;992388273;RUA DUQUE DE CAXIAS;;CENTRO;0613;RO;Brasil;76928000;
03080;PF;03875924231;1405064;;RAMON NUNES DIAS;RAMON NUNES DIAS;;LINHA 32 LOTE 30 GLEBA 12F;;ZONA RURAL;0613;RO;Brasil;76928000;LIMITE R$1.000,00
03081;PF;39035093291;105135777;;NILCILEIA LOPES VIEIRA;LEIA;;RUA RUA ALMIRANTE BARROSO;;CENTRO;0613;RO;Brasil;78954000;DOCUMENTO EM ATRASO DOCUMENTO EM ATRASO
03103;PF;02078623202;1552430;;TAIS RITA DA SILVA (SOLUTION);TAIS RITA DA SILVA;;RODOVIA LH 24 KM 31 LT 27 GB 12D;;ZONA RURAL;0613;RO;Brasil;76928000;COBRANÇA SETOR JURIDICO
03113;PF;85528560268;746713;;CLAUDIA CORREIA MARTINS;CLAUDIA CORREIA MARTINS;;RUA AVENIDA AFONSO PENA;;CENTRO;0613;RO;Brasil;76928000;NÃO AUTORIZA NINGUEM!!! EMANUELLY TEM QUE PEDIR AUTORIZAÇÃO!
03093;PF;02494997208;1274800;;JAQUELINE DE OLIVEIRA VIEIRA;JAQUELINE DE OLIVEIRA VIEIRA;6993241321;RODOVIA LH 24 KM 31 LT 10 GB 8 E;;CENTRO;0613;RO;Brasil;76928000;LIMITE REDUZIDO PRA R$400,00
03104;PF;03343428213;1336935;;ARGEU DA SILVA OLIVEIRA;ARGEU DA SILVA OLIVEIRA;;LH 24 KM 31 LT 20 GB 12D;;ZONA RURAL;0613;RO;Brasil;76928000;OBS: ATUALIZAR CADASTRO SERVICOS GERAIS
03114;PF;02436435278;1251433;;EMERSON SOARES MARTINS;MIMI;;RODOVIA LINHA 31 KM 32 LOTE 54 GLEBA 12F;;CENTRO;0613;RO;Brasil;76928000;
03094;PF;02402897228;1503592;;KESIA BARBOSA DA SILVA;KESIA BARBOSA DA SILVA;;LINHA 28 KM 31 LOTE 43 GL 12 E;;ZONA RURAL;0613;RO;Brasil;76928000;
03085;PF;29037514200;310334;;DEOCLIDIO PAULO DE CARVALHO;DEOCLIDIO PAULO DE CARVALHO;6992410984;RODOVIA LH 31 KM 32 LT 36 GB 8D;;ZONA RURAL;0613;RO;Brasil;76928000;OBS: ATUALIZAR CADASTRO
03107;PF;33553882972;1354568;;JORCELINO MENDES;JORCELINO MENDES;6993562144;JORGE TEIXEIRA;;CENTRO;0613;RO;Brasil;78954000;
03087;PF;66924103200;937314;;RITA FREIRES DA SILVA LIMA;RITA FREIRES DA SILVA LIMA;993713737;RODOVIA LH 31 KM 32LOTE 567 GLEBA 01/CURVA;;NOZA RURAL;0613;RO;Brasil;76928000;
03097;PF;59544090215;579805;;HELEM MARA CAVALCANTE OLIVEIRA CORA;HELEM MARA CAVALCANTE OLIVEIRA CORA;;RUA VO LUIZA;;CENTRO;0613;RO;Brasil;76928000;
03079;PF;04831547255;1578834;;DANIELE DA SILVA AMARAL;DANIELE DA SILVA AMARAL;;LINHA 28 KM 31 LOTE 33A GL 8E;;ZONA RUARAL;0613;RO;Brasil;76928000;OBS: ATUALIZAR CADASTRO
03099;PF;02594397202;1267008;;NATALINO DOS SANTOS MACHADO;NATALINO DOS SANTOS MACHADO;993217672;RODOVIA LINHA 31 KM 20 LOTE 22 GLEBA 12C;;ZONA RURAL;0613;RO;Brasil;76928000;OBS: ATUALIZAR CADASTRO
03089;PF;67017665287;696542;;LUCINELIA RODRIGUES DE OLIVEIRA SANTOS;LUCINELIA RODRIGUES DE OLIVEIRA SANTOS;992756452;RODOVIA LINHA TN 06 LOTE 393 GLEBA 1;;ZONA RURAL;9653;RO;Brasil;76929000;
03083;PJ;16875493000143;00000003690091;;LOJAS ELLEN SÃO FRANCISCO (INTERNO);LOJAS ELLEN SÃO FRANCISCO (INTERNO);;AV. TANCREDO NEVES;;CENTRO;0617;RO;Brasil;78973000;
03090;PJ;11200726001751;;;UNIAO NOROESTE BRASILEIRA DA IASD;UNIAO NOROESTE BRASILEIRA DA IASD;;RODOVIA AVENIDA JI - PARANA;;URUPA;6547;RO;Brasil;78960000;
03111;PF;76893898215;92106624;;JOAO HUDZIAK;JOAO HUDZIAK;;RODOVIA LINHA TN 10 LOTE 400 GLEBA 01;;ZONA RURAL;0613;RO;Brasil;76929000;PRE-CADASTRO PARA EMISSAO DE NOTA FISCAL GARANTIA
03102;PF;89347668249;;;DIVINA FLORENCIO SOBRINHO/DIFERENCA VALO;DIVINA FLORENCIO SOBRINHO/DIFERENCA VALO;;;;;0001;RO;Brasil;78960000;FOI ABERTO SOMENTE PARA PASSAR A DIFERENCA DE UMA MERCADORIA. (CLIENTE NAO POSSUI CREDIARIO).
03096;PF;35044616249;7708124;;JOSE FARIA CONSOLINO;JOSE FARIA CONSOLINO;6992652742;RODOVIA LH 31 KM 32 LT 31 A1 GB 12E;;;0613;RO;Brasil;76928000;LAVRADOR
03092;PJ;88379771003955;0210066458;;CALCADOS BEIRA RIO;MOLECA;;RODOVIA RUA BOTUCARAI;;;6715;RS;Brasil;96930000;
03082;PJ;06974860000102;1305930;;LOJAS ELLEN URUPA (INTERNO);LOJAS ELLEN URUPA (INTERNO);;RODOVIA AV. CABO BARBOSA;;;9653;RO;Brasil;76929000;
03086;PF;56156804072;;;CARLOS ORLANDO TEICHMANN;CARLOS ORLANDO TEICHMANN;;;;;0001;RO;Brasil;78960000;
03084;;;;;LOJAS ELLEN SAO MIGUEL (INTERNO);LOJAS ELLEN SAO MIGUEL (INTERNO);;;;;0001;RO;Brasil;78960000;
03036;PF;05293237373;3616377;;ARLENE DE OLIVEIRA MARTINS;ARLENE DE OLIVEIRA MARTINS;;RUA TEMISTOCLIS XAVIER BARBOSA;;CENTRO;0613;RO;Brasil;76928000;OBS: ATUALIZAR CADASTRO
03046;PF;06329216258;1605539;;NONATO JUNIOR SILVA DA CUNHA;JUNINHO;;RODOVIA LINHA 24 KM 31 GLEBA 8E LOTE;;ZONA RURAL;0613;RO;Brasil;76928000;OBS: ATUALIZAR CADASTRO
03064;PF;03552625259;1364033;;ANA PAULA OTTO DA SILVA;ANA PAULA OTTO DA SILVA;;LINHA 31 KM 16 L T08 GB 08C;;ZONA RURAL;6552;RO;Brasil;76920000;REPARCELAMENTO DE NOTAS
03040;PF;32547188287;165419;;MARIA AMELIA DE SOUZA SILVA;MARIA AMELIA DE SOUZA SILVA;;RODOVIA LH 37 KM 32 LT 32 GL 12 F;;ZONA RURAL;0613;RO;Brasil;76928000;OBS: APOSENTADA NINGUÉM AUTORIZADO.
03060;PF;04768764274;1534416;;LUCIANO DA SILVA OLIVEIRA;LUCIANO DA SILVA OLIVEIRA;;RODOVIA LH 28 KM37 LT 51 GB 12 E;;ZONA RURAL;0613;RO;Brasil;76928000;OBS: ATUALIZAR CADASTRO AGRICULTOR
03041;PF;98541064115;13749013;;VALDIVINO LUIZ DE ARANTES;VALDIVINO LUIZ DE ARANTES;;RUA ITAUBA;;CENTRO;0613;RO;Brasil;78954000;
03071;PF;41883128234;436090;;GILSON TELES DA COSTA;GILSON TELES DA COSTA;993950614;RODOVIA LINHA 31 KM 12 LOTE 22 GLEBA12A;;ZONA RURAL;0613;RO;Brasil;76928000;OBS: ATUALIZAR CADASTRO
03042;PF;02913234216;1294730;;EDINA PINTO ROSA;EDINA PINTO ROSA;;LH 16 KM 31 LT 23 GL 8B;;ZONA RURAL;0613;RO;Brasil;76928000;OBS: ATUALIZAR CADASTRO LAVRADORA
03052;PF;04991107229;1545679;;GABRIEL ANTONIO MAGNHAGO (SOLUTION);GABRIEL ANTONIO MAGNHAGO;992925539;SANTOS DUMONT;;CENTRO;0613;RO;Brasil;76928000;CREDIARIO COM LIMITE 1,300 COBRANÇA SETOR JURIDICO
03072;PF;03622604271;1543276;;MARCOS PAULO DE MOURA MEDEIROS;MARCOS PAULO DE MOURA MEDEIROS;;LINHA 37 KM 20 GLEBA 12D LOTE 06;CASA;ZONA RURAL;0613;RO;Brasil;76928000;
03043;PF;02540824242;1264264;;EVELLYN CRISTINA BIASUTTI DA SILVA;EVELLYN CRISTINA BIASUTTI DA SILVA;993915559;RUA LUIZ BORGES;;CENTRO;0613;RO;Brasil;76928000;AUXILIAR DE CREDIARIO
03063;PF;71316973204;712006;;EDNELSON BENEDITO;EDNELSON BENEDITO;;LINHA 31 KM 24 LOTE 26 GLEBA 8D;;ZONA RURAL;0613;RO;Brasil;76928000;
03044;PF;03474431250;1355980;;VANESSA DA SILVA DE SOUSA;VANESSA DA SILVA DE SOUSA;;RUA ANGELA DE FATIMA SANTOS;;CENTRO;0613;RO;Brasil;76928000;OBS: ATUALIZAR CADASTRO SECRETARIA DO LAR
03045;PF;64020495220;25278401;;EUZILENE MARIA DE JESUS GERONIMO;EUZILENE MARIA DE JESUS GERONIMO;;RUA SAO CURITIBA;;CENTRO;0613;RO;Brasil;76928000;OBS: ATUALIZAR CADASTRO
03055;PF;91429943220;965265;;DAVID FERREIRA DE FREITAS;DAVID FERREIRA DE FREITAS;992974182;RODOVIA LH 24/KM.31/GB.8-E/LT.10;;CENTRO;0613;RO;Brasil;76928000;OBS: ATUALIZAR CADASTRO
03056;PF;04527896210;1595266;;TIAGO DEL VECCHIO SANTOS;TIAGO DEL VECCHIO SANTOS;6992706329;VO LUIZA;;CENTRO;0613;RO;Brasil;76928000;OBS: ATUALIZAR CADASTRO
03067;PF;03589647256;1387663;;MARCOS ANDRE SILVA DE OLIVEIRA;MARCOS ANDRE SILVA DE OLIVEIRA;6993184717;LINHA 32 KM 37 LOTE 12 GLEBA 12 F;;ZONA RURAL;0613;RO;Brasil;76928000;LAVRADOR
03068;PF;24827720606;998800;;JUARES LANA;JUARES LANA;;RODOVIA RUA DUQUE DE CAXIAS;;CENTRO;0613;RO;Brasil;76928000;OBS: ATUALIZAR CADASTRO
03059;PF;03690839203;1385544;;TATIANE DA SILVA BARBOSA;TATIANE DA SILVA BARBOSA;992521459;RODOVIA RUA BELMIRO ARAUJO;;CENTRO;0613;RO;Brasil;76928000;OBS: ATUALIZAR CADASTRO
03066;PF;63319667220;574781;;GERALDA ARAUJO DE OLIVEIRA;GERALDA ARAUJO DE OLIVEIRA;;RUA BELMIRO RICOTE;;PORTO FELIZ;9105;RO;Brasil;78948000;DO LAR
03058;PF;43558097220;10533710;;ILDENIZA DE ARAUJO CHAGAS;ILDENIZA DE ARAUJO CHAGAS;;RODOVIA RUA JASMO DE CASTRO;;;0613;RO;Brasil;76928000;FICHA CANCELADA POR MOTIVO DE ATRASO (CREDIARIO RECENTE) COBRADOR NASMAROM
03050;PF;92013902204;;;EDIVALDO TERTUR BARBOZA;EDY TERTUR;;;;;0001;RO;Brasil;78960000;OBS: ATUALIZAR CADASTRO
03070;PF;59855045220;13485245;;RUTH MAIA DE SA;RUTH MAIA DE SA;;RUA TANCREDO NEVES;;;0613;RO;Brasil;78954000;CANCELADO POR MOTIVO DE ATRASO.
03035;PF;93164807287;297604340;;ROSIANE SILVESTRE ANDRE;ROSIANE SILVESTRE ANDRE;;NOVA ESPERANCA;;;0613;RO;Brasil;76928000;OBS:ATUALIZAR CADASTRO
03065;PF;64871223272;654388;;MAURO SERGIO GALINDO DE MOURA;MAURO SERGIO GALINDO DE MOURA;;RODOVIA 25 DE MARCO;;;0613;RO;Brasil;76928000;OBS: ATUALIAR CADASTRO
03061;PF;96060999204;976538;;ANDREIA DOS REIS;ANDREIA DOS REIS;;RODOVIA LINHA 102 KM 12 SUL;;;9295;RO;Brasil;76932000;OBS: ATUALIZAR CADASTRO
03048;PF;50894188291;546668;;TATIANA DE LOURDES GUIMARAES;TATIANA DE LOURDES GUIMARAES;;RODOVIA LINHA 31 KM 31 LOTE 25 GLEBA 12D;;;0613;RO;Brasil;76928000;OBS: ATUALIZAR CADASTRO
03051;PJ;00020725000141;647995617116;;BATIKI COM IMPORTACAO EXPORTACAO LTDA;BATIKI;;AVENIDA DOUTOR CENOBELINO DE BARROS SERR;;;8893;SP;Brasil;15030000;
03039;PJ;81019895000108;251773841;;CAL PASSO INDUSTRIA DE CALCADOS EIRELI;CAMMINARE;;JOSE GODINHO DE JESUS;;;7873;SC;Brasil;88240000;
03049;PJ;08007677000163;104005661;;MPL INDUSTRIA E COMERCIO DE ROUPAS LTDA;PACO;;06 COM RUA 17 QD 17 LT 01E;;;1685;GO;Brasil;74985105;
03038;PJ;01287588000845;85210716;;DASS NORDESTE CALCADOS E ARTIGOS ESPORTI;UMBRO;;AVENIDA JURACY MAGALHAES;;BOA VISTA;0197;BA;Brasil;45023490;
03053;PJ;27158290000152;;;CLIENTE DE SAO MIGUEL DO GUAPORE;CLIENTE DE SAO MIGUEL DO GUAPORE;;RODOVIA AV. CAPITAO SILVIO;;;9295;RO;Brasil;76932000;
03073;PJ;21354237000140;053639154;;CARLOS A DOS SANTOS RELOJOARIA;CARLOS A DOS SANTOS RELOJOARIA;;RODOVIA AVENIDA EDUARDO RIBEIRO 639 SALA;;;1899;;Brasil;69010001;
02997;PF;02308574267;1320636;;SARA COSTA VIANA;SARA COSTA VIANA;992534063;RUA JORGE TEIXEIRA;;ZONA RURAL;0613;RO;Brasil;76928000;
03031;PF;66943663291;631611;;JURENI TOSTA MOREIRA ROBERTO;JURENI TOSTA MOREIRA ROBERTO;;LH 28 KM 31 C/ LH 37 LT 40 GB 12E;;ZONA RURAL;0613;RO;Brasil;76928000;OBS: ATUALIZAR CADASTRO FUNCIONARIA PUBLICA
03033;PF;04220022244;1218711;;SEBASTIAO DE ASSIS RAMOS;SEBASTIAO DE ASSIS RAMOS;;LH 32 KM 31 GL 12F LT 48;;ZONA RURAL;0613;RO;Brasil;76928000;OBS: ATUALIZAR CADASTRO VENDEDOR
03027;PF;60034904204;000775162;;PAULO SERGIO SANTO SILVA;PAULO SERGIO SANTO SILVA;;RODOVIA LINHA 16 DA LINHA 31;;CENTRO;0613;RO;Brasil;76928000;OBS: ATUALIZAR CADASTRO
03014;PF;67533400259;631732;;KARINA DE OLIVEIRA GONCALVES;KARINA DE OLIVEIRA GONCALVES;993193870;RODOVIA LH T4A LT 14 GB 2;;ZONA RURAL;9653;RO;Brasil;76929000;OBS: ATUALIZAR CADASTRO
03024;PF;01391406206;631245;;JOSE ROBERTO BARBOSA;JOSE ROBERTO BARBOSA;;RUA GOITACA;;NOVA OURO PRETO;6552;RO;Brasil;78950000;
02992;PF;53509960297;958341;;REGIANE BENICIO MORAIS;REGIANE BENICIO MORAIS;992044367;RODOVIA LH 31 KM 24 LOTE 29 GLEBA 8D;;ZONA RURAL;0613;RO;Brasil;76928000;OBSERVACAO ATUALIZAR CADASTRO.
02993;PF;02531776265;1260513;;CLAUDIA BATISTA DE CASTRO;CLAUDIA BATISTA DE CASTRO;6992868991;RUA MONTE CASTELO;;CENTRO;0613;RO;Brasil;76928000;OBS: ATUALIZAR CADASTRO
02996;PF;01700037285;1226195;;DAIANE MENDONCA DA SILVA;DAIANE MENDONCA DA SILVA;;RODOVIA LINHA 28 DA LINHA 31 LOTE 36 GLE;;CENTRO;0613;RO;Brasil;76928000;ATUALIZAR CADASTRO
03010;PF;00262883201;1178056;;GISLAINE OLIVEIRA CAETANO;GISLAINE OLIVEIRA CAETANO;;LINHA 16 KM 22 LOTE 29 GLEBA 4D;;ZONA RURAL;0613;RO;Brasil;76928000;OBS: ATUALIZAR CADASTRO
03020;PF;10289518253;131959;;NEUZABET ALVES RODRIGUES;NEUZABET ALVES RODRIGUES;;RODOVIA LINHA 31 KM 16 LOTE 21 GLEBA 12C;;ZONA RURAL;0613;RO;Brasil;76928000;OBS: ATUAIZAR CADASTRO
03030;PF;07323639930;109062251;;EDILAINE DE JESUS GOMES;EDILAINE DE JESUS GOMES;;RODOVIA TRAVESSA 22 LT 31 GL 4D;;ZONA RURAL;0613;RO;Brasil;76928000;APOSENTADA
03021;PF;05478377120;25966022;;ERLAINE GERONIMO GONCALVES;ERLAINE GERONIMO GONCALVES;;RUA SAO CURITIBA;;CENTRO;0613;RO;Brasil;76928000;
03002;PF;01642760250;1192033;;NEIDE APARECIDA VIDAL GASPAR;NEIDE APARECIDA VIDAL GASPAR;;LINHA 16 KM 09 GLEBA 4B;;ZONA RURAL;0613;RO;Brasil;76928000;OBS: ATUALIZAR CADASTRO
03022;PF;03598877757;1832039;;APARECIDA MIRANDA;APARECIDA MIRANDA;6992754825;RUA JORGE TEIXEIRA;;CENTRO;0613;RO;Brasil;76928000;FUNCIONARIA PUBLICA
03032;PF;90758218249;000625082;;MARLEIDE ALMEIDA DA SILVA;MARLEIDE ALMEIDA DA SILVA;;RODOVIA LINHA 16 DA LINHA 31 LOTE 19 GLE;;ZONA RURAL;0613;RO;Brasil;76928000;OBS: ATUALIZAR CADASTRO
03003;PF;67556558215;000672071;;DELACI VIEIRA GOMES;DELACI VIEIRA GOMES;;LINHA 20 KM 31 LOTE 31 GL 12 C;;ZONA RURAL;0613;RO;Brasil;76928000;OBS: ATUALIZAR CADASTRO
03013;PF;28370880215;284277;;DOLORES KROFCH SCHWANZ;DOLORES KROFCH SCHWANZ;;LINHA 24 KM 31 GLEBA 8E LOTE 18;;ZONA RURAL;0613;RO;Brasil;76928000;OBS: ATUALIZAR CADASTRO
03023;PF;00384551297;1064697;;DORIVAL TRINDADE TOLEDO;DORIVAL TRINDADE TOLEDO;;RODOVIA LH 36 LH 32 KM 36 LT 40G;;ZONA RURAL;0613;RO;Brasil;76928000;OBS: ATUALIZAR CADASTRO AGRICULTOR
03004;PF;72092874268;757636;;ISABEL CRISTINA CAIRES;ISABEL CRISTINA CAIRES;6993121559;RUA ANGELA DE FATIMA;;CENTRO;0613;RO;Brasil;76928000;OBS: ATUALIZAR CADASTRO
03005;PF;00068794207;001036619;;EDIANE PEREIRA DE SOUZA;EDIANE PEREIRA DE SOUZA;;RUA JORGE TEIXEIRA;;CENTRO;0613;RO;Brasil;76928000;OBS: ATUALIZAR CADASTRO
03016;PF;76597954220;1087760;;MARCIA CEZAR DE SOUZA;MARCIA CEZAR DE SOUZA;992035227;RUA BELMIRO ARAUJO;;CENTRO;0613;RO;Brasil;76928000;OBS: ATUALIZAR CADASTRO APOSENTADA
03009;PF;00000198285;506890946;;FERNANDO LUCAS DEODATO;FERNANDO LUCAS DEODATO;6992666825;RUA VO LUIZA;;CENTRO;0613;RO;Brasil;76928000;OBS: ATUALIZAR CADASTRO
03019;PF;48559210253;000509533;;JOSE RODRIGUES DE OLIVEIRA;JOSE RODRIGUES DE OLIVEIRA;;LINHA 31 KM 16 LOTE 01 GLEBA 8C;;ZONA RURAL;0613;RO;Brasil;76928000;
03007;PF;06220532210;1613915;;MARIO MARCELO ALVES PANTOJA DA COSTA;MARIO MARCELO ALVES PANTOJA DA COSTA;;LH TN 02 LOTE 563 GLEBA 01 KM 17;;ZONA RURAL;9653;RO;Brasil;76929000;OBS: ATUALIZAR CADASTRO
02998;;;;;ESSENCIA ESTUDIO DE ESTETICA;ESSENCIA ESTUDIO DE ESTETICA;;RODOVIA AVENIDA AFONSO PENA;;;0613;RO;Brasil;76928000;OBS: ATUALIZAR CADASTRO
03012;PF;83340939268;604236;;SONIA MACHADO DA SILVA;SONIA MACHADO DA SILVA;;AVO LUIZA;;;0613;RO;Brasil;76928000;CANCELADO POR MOTIVO DE ATRASO. NEGOCIACAO SIDNEY
03006;PF;35124989220;381441;;MARIA DA CONCEICAO OLIVEIRA;MARIA DA CONCEICAO OLIVEIRA;;"NOVA ESPERANCA S;N";;;0613;RO;Brasil;76928000;OBS: ATUALIZAR CADASTRO
03017;PF;99523221272;00001018083;;ANA LUCIA FERREIRA DOS SANTOS;ANA LUCIA FERREIRA DOS SANTOS;;RODOVIA LH 37 KM 24 GLEBA 12E LOTE 15A;;;0613;RO;Brasil;76928000;OBS: ATUALIZAR CADASTRO
03026;PF;69933650220;621644;;ESTER ROLA SIQUEIRA;ESTER ROLA SIQUEIRA;;RODOVIA LINHA 12 DALINHA 31 LOTE 16 KM 3;;;9653;RO;Brasil;76920000;OBS: ATUALIZAR CADASTRO
03018;PF;77662458253;812964;;SILVA ALEXANDRE DA SILVA;SILVA ALEXANDRE DA SILVA;6993267238;RODOVIA LH TN 6 GL01 LT 392;;;9653;RO;Brasil;76929000;OBSERVACAO ATUALIZAR CADASTRO. LAVRADORA
03011;PJ;00465813000661;1330070809;;DAKOTA NORDESTE S/A;DAKOTA NORDESTE S/A;;RUA BARAO DO RIO BRANCO;;;7370;RS;Brasil;99560000;
02994;PJ;02430850000155;0000000907553;;R C INDUSTRIA DE CONFECCOES LTDA-EPP;BRISA;;RAPOSO TAVARES;;CTG;6554;RO;Brasil;76970000;
02980;PF;69224781268;720961;;ALEIR VIEIRA DE OLIVEIRA;ALEIR VIEIRA DE OLIVEIRA;;RUA LUIZ BORGES;CASA;CENTRO;0613;RO;Brasil;76928000;
02985;PF;71552723291;1416657;;VALDIRENE MUNIZ MONTEIRO;VALDIRENE MUNIZ MONTEIRO;992734275;RODOVIA LINHA 31 KM 20 GLEBA 8C LOTE 24;;ZONA RURAL;0613;RO;Brasil;76928000;"OBS; ATUAIZAR CADASTRO"
02967;PF;02949809200;1360799;;RUMELIDIA NAPOLIAO DE SOUZA LOPES;RUMELIDIA NAPOLIAO DE SOUZA;;RUA MIGUEL RODRIGUES;;CENTRO;0613;RO;Brasil;76928000;
02954;PF;74862499287;800794;;SIMONE CRISTINA GARGANTINI DA SILVA;SIMONE CRISTINA GARGANTINI DA SILVA;;LINHA 31 KM 13 LT 14 GB 08B;;ZONA RURAL;6552;RO;Brasil;76920000;
02975;PF;88181979249;000927923;;CLAYTON PEREIRA DA COSTA;CLAYTON PEREIRA DA COSTA;;RODOVIA LINHA 12 DA LINHA 31 LOTE 05 KM;;ZONA RURAL;6552;RO;Brasil;76920000;OBS: ATUALIZAR CADASTRO
02960;PF;02949967299;1449028;;MARCIANA FERREIRA NAPOLIAO;MARCIANA FERREIRA NAPOLIAO;6993100385;LH 37 KM 24 LOTE 16 GB 12E;;ZONA RURAL;0613;RO;Brasil;76928000;OBS: ATUALIZAR CADASTRO
02990;PF;99212692249;641034;;TEREZA VIEIRA DOS SANTOS;TEREZA VIEIRA DOS SANTOS;993119369;RUA MIGUEL RODRIGUES;;CENTRO;0613;RO;Brasil;76928000;
02981;PF;03301534201;1459359;;ANGELICA MARA DE JESUS BERNARDO;ANGELICA MARA DE JESUS BERNARDO;992558190;LINHA 24 DA LINHA 31 LOTE 23 GL 12 D KM 24;;ZONA RURAL;0613;RO;Brasil;76928000;OBS: ATUALIZAR CADASTRO
02991;PF;66280265234;377940549;;NEUSA APARECIDA DA SILVA MENEZES;NEUSA APARECIDA DA SILVA MENEZES;;RODOVIA TRAVESSAO 22 KM 16 LOTE 31 GB 4B;;CENTRO;0613;RO;Brasil;76928000;OBS: ATUALIZAR CADASTRO
02962;PF;70132089220;503363;;ISETE LOPES SOUZA;ISETE LOPES SOUZA;;AFONSO PENA;;CENTRO;0613;RO;Brasil;76928000;OBS: ATUALIZAR CADASTRO
02982;PF;75412756204;000881135;;ELISANGELA HORTA BATISTA;ELISANGELA HORTA BATISTA;992186993;AVENIDA AFONSO PENA;;CENTRO;0613;RO;Brasil;76928000;OBS: ATUALIZAR CADASTRO EMPREGADA DOMESTICA
02984;PF;01809351278;1204659;;LUANA RODRIGUES DA SILVA;LUANA RODRIGUES DA SILVA;;LINHA 24 KM 31 LT 04 GL 8E;;ZONA RURAL;0613;RO;Brasil;76928000;
02955;PF;38547341234;16526210;;MARIA DA SILVA BELARMINO;MARIA DA SILVA BELARMINO;992250862;RUA TEMISTOCLIS XAVIER BARBOSA;;CENTRO;0613;RO;Brasil;76928000;OBS: ATUALIZAR CADASTRO
02966;PF;94390142291;1153997;;EMERSON CUSTODIO DE CARVALHO;EMERSON CUSTODIO DE CARVALHO;6992637908;RODOVIA LH 32 KM31 GB12F LT 46;;CENTRO;0613;RO;Brasil;76928000;
02976;PF;61436356253;617628;;SIMONE FLORENTINO;SIMONE FLORENTINO;;RUA JOSE OPERARIO;;CENTRO;0613;RO;Brasil;76928000;OBS: ATUALIZAR CADASTRO
02986;PF;02945743280;1297990;;CRENNER FERREIRA RABELO;CRENNER FERREIRA RABELO;;RODOVIA LINHA 16 DA LINHA 31 LOTE 16 GLE;;ZONA RURAL;0613;RO;Brasil;76928000;"OBS; ATUALIZAR CADASTRO"
02958;PF;01970190213;1452019;;CLAUDINETE MARTINS DE OLIVEIRA;CLAUDINETE MARTINS DE OLIVEIRA;;TRANQUEDO NEVES;;CENTRO;0613;RO;Brasil;76928000;
02968;PF;06904639792;1277024;;WANDERLANDY ALVES DE ALMEIDA;WANDERLANDY ALVES DE ALMEIDA;;LH 31 KM16 LOTE 36 GB8B;ZONA RURAL;ZONA RURAL;0613;RO;Brasil;76928000;OBS: ATUALIZAR CADASTRO
02978;PF;11403110263;170032;;ANGELA MARIA DE MELO;ANGELA MARIA DE MELO;;LINHA 20 KM 09 GL 4C LOTE 19B;;ZONA RURAL;0613;RO;Brasil;76914899;
02969;PF;98965670268;975440;;EDNEIA BARBOSA DA SILVA;EDNEIA BARBOSA DA SILVA;;LINHA 12 KM 31 LOTE 08 GL08;;ZONA RURAL;0613;RO;Brasil;76928000;OBS: ATUALIZAR CADASTRO
02979;PF;02534840223;3753379;;FLAVIANA DIAS DOS SANTOS;FLAVIANA DIAS DOS SANTOS;6992836719;RODOVIA LINHA 31 KM 28 LOTE 36 GLEBA 8 E;;ZONA RURAL;0613;RO;Brasil;76928000;OBS: ATUALIZAR CADASTRO
02989;PF;02546997238;1264213;;BRUNA FERNANDES TASSINARI;BRUNA FERNANDES TASSINARI;6993341835;MARECHAL CANDIDO RONDON N;;CENTRO;0613;RO;Brasil;76928000;OBS: ATUALIZAR CADASTRO
02972;PF;01264376294;1150653;;EDIMILSON ALMEIDA DA SILVA;EDIMILSON ALMEIDA DA SILVA;;LINHA A3 LOTE 09 GB O1;CASA;ZONA RURAL;9653;RO;Brasil;78955000;
02953;PF;29040493200;1134573;;MARIA APARECIDA TEIXEIRA;MARIA APARECIDA TEIXEIRA;;LINHA TN 06 LOTE 359 GB 01;;ZON RURAL;9653;RO;Brasil;76929000;OBS: ATUALIZAR CADASTRO
02973;PF;03444621299;1349282;;JAINE ELOY NETO;JAINE ELOY NETO;;RUA;;CENTRO;9654;RO;Brasil;78949000;
02956;PF;03963001208;1411977;;JARDEL ALMEIDA DE ARAUJO (SOLUTION);JARDEL ALMEIDA DE ARAUJO;;RODOVIA LH 28 DA LH 31 LOTE 27 GLEBA 12F;;ZONA RURAL;0613;RO;Brasil;76928000;COBRANÇA SETOR JURIDICO
02974;PF;94676810210;000997318;;ADRIANA GOMES ROSA;ADRIANA GOMES ROSA;;RODOVIA ARACAJU;;;6547;RO;Brasil;78960000;OBS: ATUALIZAR CADASTRO
02987;PF;68620551272;724931;;VALDILENA BUGE MOZER;VALDILENA BUGE MOZER;;RODOVIA LH 08 DA LINHA 22 LOTE 14 GLEBA;;;6552;RO;Brasil;76920000;OBS: FICHA CANCELADA POR MOTIVO DE ATRASO.
02977;PF;04409467271;1250301;;CLEBSON APOLINARIO MENDONCA;CLEBSON APOLINARIO MENDONCA;;RODOVIA LH 31 KM 32 LOTE 35;;;0613;RO;Brasil;76928000;OBS: FICHA CANCELADA POR MOTIVOS DE ATRASOS. (COBRANCA NASMAROM)
02988;PF;03530181200;1527826;;SALETE SOUZA DOS SANTOS;SALETE SOUZA DOS SANTOS;;RODOVIA LH 24 DA LINHA 37 LOTE 15 GLEBA;;;0613;RO;Brasil;76928000;MOTIVO DE ATRASO!
02971;PF;83123997200;880572;;ELIEZER ALVES FERNANDES;ELIEZER ALVES FERNANDES;;RODOVIA RUA DANIEL HERINGER;;;0613;RO;Brasil;76928000;OBS: ATUALIZAR CADASTRO
02964;PF;02547352664;6089783;;LUCIANO FERREIRA LEITE;LUCIANO FERREIRA LEITE;6992812563;RODOVIA LH TN02 LT592 GB 01;;;9653;RO;Brasil;76929000;CANCELADO MOTIVO DE ATRASO. COBRANCA
02965;PJ;03740426000170;041899229;;TOK STAR IND E COM DE CONFEC LTDA;TOK STAR FABRICA;;QUATRO DE OUTUBRO;;CENTRO;5071;PE;Brasil;55125000;
02922;PF;03247906274;1326931;;ALEXSANDRO LACERDA DA COSTA;BRANCO;000035193912;RODOVIA 24 DA LINHA 31 LOTE27 GLEBA 12D;;BAIRRO DAS ROSAS;0613;RO;Brasil;76928000;[CIVIL=CASADO(A)] [OBS=TOK MOVEIS, COMERCIAL EDU] OBS: ATUALIZAR CADASTRO
02930;PF;96044349268;449720;;ENI GONCALVES DE OLIVEIRA;ENI GONCALVES DE OLIVEIRA;;LINHA 12 KM 22 LOTE 14 GL 8 B;;ZONA RURAL;6552;RO;Brasil;76920000;OBS: ATUALIZAR CADASTRO
02934;PF;83451218291;000879948;;SUZILAINE NAVARRO SILVA;SUZILAINE NAVARRO SILVA;6992464708;LH 16 KM 31 LT 07 GB 8C;;ZONA RURAL;6552;RO;Brasil;76920000;OBS: ATUALIZAR CADASTRO
02911;PF;42249481253;461630;;EDMAR FRANCISCO MARTINS;EDMAR FRANCISCO MARTINS;6992283374;RUA JASMO DE CASTRO;;CENTRO;0613;RO;Brasil;76928000;[CIVIL=CASADO(A)] [OBS=TRES IMAOS 3422-2227] OBS: ATUALIZAR CADASTRO
02931;PF;62873989220;000758038;;NILTON FERREIRA DA SILVA;NILTON FERREIRA DA SILVA;;RODOVIA LH 24 KM 37 LT11 GB12E;;ZONA RURAL;0613;RO;Brasil;76928000;OBS: ATUALIZAR CADATRO
02941;PF;03362312292;1407868;;ERLEN DARLING MALFER DE SOUZA;ERLEN DARLING MALFER DE SOUZA;992740597;RODOVIA AVENIDA AFONSO PENA;;CENTRO;0613;RO;Brasil;76928000;OBS: ATUALIZAR CADASTRO
02951;PF;02818087244;1288028;;AMARILDO DE LIMA SILVA;AMARILDO DE LIMA SILVA;;LINHA RURAL LH 32 KM 31 LT48 GB12F;;ZONA RURAL;0613;RO;Brasil;76928000;
02932;PF;03009937229;1305911;;ANDRESSA LOPES DOS SANTOS;ANDRESSA LOPES DOS SANTOS;;LH 16 KM 31 LT 35 BG 8B;CASA;ZONA RURAL;0613;RO;Brasil;76928000;
02952;PF;03358152278;1390486;;WALLAS PETRI HOMEM;WALLAS PETRI HOMEM;6992201699;RODOVIA LINHA 37 KM 20 LOTE 37 GLEBA 12C;CASA;ZONA RURAL;0613;RO;Brasil;76928000;OBS: ATUALIZAR CADASTRO
02935;PF;59385162268;581930;;ZENILDA GOMES LOUBACH;ZENILDA GOMES LOUBACH;;RUA VO LUIZA;;CENTRO;0613;RO;Brasil;76928000;OBS: ATUALIZAR CADASTRO
02947;PF;03838091264;1218099;;SIDNEY NASCIMENTO ROSA;SIDNEY NASCIMENTO ROSA;993678468;RODOVIA RUA SAO JOSE OPERARIO;;CENTRO;0613;RO;Brasil;76928000;
02929;PF;88963675220;936157;;JOSE HRALA FERREIRA;JOSE HRALA FERREIRA;993951219;RODOVIA LH 20 KM 09 GLEBA 4 D LOTE 7;;ZONA RURAL;0613;RO;Brasil;76928000;OBS: ATUALIZAR CADASTRO
02939;PF;08042780168;120690;;GENTIL PEREIRA DE CASTRO;GENTIL PEREIRA DE CASTRO;;AFONSO PENA;;CENTRO;0613;RO;Brasil;76928000;OBSERVACAO ATUALIZAR CADASTRO
02940;PF;08278581754;603329;;MARIA JOSE VIEIRA;MARIA JOSE VIEIRA;;LINHA TN14 LOTE 89 GLEBA 01;;ZONA RURAL;9653;RO;Brasil;78955000;
02918;PF;72945834200;1513043;;SANDRA CABRAL DA CRUZ ARAUJO;SANDRA CABRAL DA CRUZ ARAUJO;;LINHA TN10 LT415 GB01;;ZONA RURAL;9653;RO;Brasil;76929000;OBS: ATUALIZAR CADASTRO
02928;PF;03702064281;1218768;;REGINALDO CHAVES DE MATOS;REGINALDO CHAVES DE MATOS;;ASSENTAMENTO MARGARIDA ALVES 2 GLEBA 7 LOTE 21 LINHA 81 KL41;;ZONA RURAL;0614;RO;Brasil;78953000;
02927;PF;02542973237;1264235;;KARINE MACIEL SOARES TEIXEIRA;KARINE MACIEL SOARES TEIXEIRA;;AFONSO PENA;;;0613;RO;Brasil;76928000;OBS: ATUALIZAR CADASTRO
02946;PF;76754855215;000817677;;IZABEL ALCANTARA DE ALMEIDA;IZABEL ALCANTARA DE ALMEIDA;;AVO LUIZA;;;0613;RO;Brasil;76928000;OBS: ATUALIZAR CADASTRO
02936;PF;91451485204;1127938;;WILIAN CELESTINO DE OLIVEIRA;WILIAN CELESTINO DE OLIVEIRA;;RUA DO CONTORNO;;;0613;RO;Brasil;78954000;OBS: ATUALIZAR CADASTRO
02933;PF;01102286265;;;TATIANE BARBOSA DE MATOS;TATIANE BARBOSA DE MATOS;;NOVA ESPERANCA;;;0613;RO;Brasil;76928000;OBS: FICHA CANCELADA POR MOTIVO DE MUITO ATRASO COBRADOR NASMARON.
02938;PF;11572574291;181761;;SELVANDINA ALCANTATRA VIEIRA;SELVANDINA ALCANTATRA VIEIRA;;RODOVIA ITAMBACURI;;;0613;RO;Brasil;76928000;OBSERVACAO ATUALIZAR CADASTRO.
02920;PF;38910284234;398246;;DERLIRA PAULA DA SILVA;DERLIRA PAULA DA SILVA;6993677638;RODOVIA 20 KM 9 LOT 22 GLEBA 4C;;BAIRRO DAS ROSAS;0613;RO;Brasil;76928000;[CIVIL=CASADO(A)]
02913;PF;06429902129;5935700026;;LUCIMARA GERONIMO GONCALVES;LUCIMARA GERONIMO GONCALVES;6992857633;SAO CURITIBA;;CENTRO;0613;RO;Brasil;76928000;OBS: ATUALIZAR CADASTRO LIMPEZA
02925;PF;32564686249;380034;;FRANCISCA DONINA GONZAGA COSTA;FRANCISCA DONINA GONZAGA COSTA;6981463993;RODOVIA 24 KM 37 GLEBA 12D LOTE 34;;Z/R;0613;RO;Brasil;76928000;OBSERVACAO ATUALIZAR CADASTRO
02916;PF;67703950297;703301;;ROSANGELA DA SILVA ALMEIDA;ROSANGELA DA SILVA ALMEIDA;6993757229;LINHA RURAL 32 LOTE 54 GLEBA 12F;;ZONA RURAL;0613;RO;Brasil;76928000;[CIVIL=CASADO(A)] [OBS=NOVALAR, FARMA REUZ, KATUCHA] OBSERVACAO ATUALIZAR CADASTRO.
02924;PF;66253977253;000848700;;JOSSELANDIA PEREIRA PIMENTEL DA ROCHA;JOSSELANDIA PEREIRA PIMENTEL DA ROCHA;6993287948;JOSE MARTINS;;CENTRO;0613;RO;Brasil;78954000;OBSERVACAO ATUALIZAR CADASTRO]
02917;PF;38560038272;534363;;CELIA GOMES OLIVEIRA;CELIA GOMES OLIVEIRA;6993093016;RODOVIA 16 KM31 GB12B LT29;;ZONA RURAL;0613;RO;Brasil;76928000;OBS: ATUALIZAR CADASTRO
02926;PF;01741585210;1172153;;JHIENNY CRISTINA OLIVEIRA DA SILVA;JHIENNY CRISTINA OLIVEIRA DA SILVA;092811903;POTIGUARA;;CENTRO;6539;RO;Brasil;76993000;OBSERVACAO ATUALIZAR CADASTRO
02942;PF;02733964208;1280368;;GISLENE PIRES DA LUZ;GISLENE PIRES DA LUZ;6992271569;;;;0001;RO;Brasil;78960000;OBSERVACAO ATUALIZAR CADASTRO
02950;PF;53236050225;00001070362;;JULIANA RIBEIRO CARDOSO;JULIANA RIBEIRO CARDOSO;;AVO LUIZA N;;;0613;RO;Brasil;78954000;
02944;PJ;55541130000123;214023500111;;PE COM PE CALCADOS LTDA;PE COM PE;;MANOEL COTTAS DE AZEVEDO;;JD. KLAYTON;8158;SP;Brasil;16203041;
02945;PJ;07414643000201;271338490;;DAKOTA CALCADOS S/A;DAKOTA CALCADOS S/A;;RODOVIA RODOVIA SE;;;8012;SE;Brasil;49490000;
02949;PF;62643800049;234372;;NAIVA LOPES VIEIRA;NAIVA LOPES VIEIRA;;;;;0001;RO;Brasil;78960000;
02900;PF;01109126247;1267013;;ALISLAINE DE FREITAS CAMPOS MENEZES;ALISLAINE DE FREITAS CAMPOS MENEZES;;LINHA 20 KM31 LT16 GB12D;;ZONA RURAL;0613;RO;Brasil;76928000;OBS: ATUALIZAR CADASTRO LAVRADORA
02880;PF;01968048251;1200034;;NATHALIA JAQUELINE MORAIS DE JESUS;NATHALIA JAQUELINE MORAIS DE JESUS;;ANGELA DE FATIMA;;CENTRO;0613;RO;Brasil;76928000;OBS: SO VENDER COM AUTORIZACAO DE SIDNEI ANTONIO CARLOS.
02901;PF;67479758200;631604;;MARCOS ANTONIO DO CARMO;MARCOS ANTONIO DO CARMO;;RUA VO LUIZA;;ZONA RURAL;0613;RO;Brasil;76928000;LAVRADOR
02881;PF;02599200296;1267023;;FRANCIUVIO DIORGENIS RICARDO;FRANCIUVIO DIORGENIS RICARDO;6993743245;LH 20 KM 37 GL 12 C LOTE 36;;ZONA RURAL;0613;RO;Brasil;76928000;
02894;PF;66262348204;000871166;;LUZIA DA SILVA;LUZIA DA SILVA;6981160882;LINHA 37 KM 28 GB12F LT 13;;ZONA RURAL;0613;RO;Brasil;76928000;OBS: ATUALIZAR CADASTRO
02905;PF;53806360200;1269884;;ENEAS GONCALVES DE BARROS;ENEIAS GONCALVES DE BARROS;093432776;RODOVIA LH 32 KM 37 LOTE 28 GLEBA 12G;;CENTRO;0613;RO;Brasil;76928000;
02886;PF;23815094291;266206;;ILTA ROSA DO CARMO;ILTA ROSA DO CARMO;6992061780;RUA DAS PALMEIRAS;;CENTRO;0613;RO;Brasil;76928000;OBS: ATUALIZAR CADASTRO NAO VENDER PARA O NETO AGNO APOSENTADA
02907;PF;70034788972;1605492;;GENECI ALVES DE MORAIS SILVA;GENECI ALVES DE MORAIS SILVA;6993102221;RUA DAS PALMEIRAS;;CENTRO;0613;RO;Brasil;76928000;[CIVIL=CASADO(A)] [OBS=GRAUNA,LOJAS COIMBRA,BABACU]
02897;PF;01127523228;1418936;;FERNANDO PARENTE RODRIGUES;FERNANDO PARENTE RODRIGUES;6992960456;RUA DUQUE DE CAXIAS;;CENTRO;0613;RO;Brasil;78954000;NÃO AUTORIZA NINGUÉM!!! LIGAR PARA PEDIR AUTORIZAÇÃO!
02878;PF;91617936200;000759354;;ESTER DA SILVA OLIVEIRA;ESTESDA SILVA OLIVEIRA;;LINHA 24 KM 31 LOTE 20;;CENTRO;0613;RO;Brasil;78954000;[CIVIL=OUTROS] [OBS=OURO MOVEIS-35442480/SANTANA MODAS-35442674/MOVEIS GAZIN-35442479]. OBS: ATUALIZAR CADASTRO DO LAR FAXINEIRA
02909;PF;96240440230;1325685;;MONICA DANIELE GONCALVES GAIHAS;MONICA DANIELE GONCALVES GAIHA RIBEIRO;;TRANCREDO NEVES;;BAIRRO DAS ROSAS;0613;RO;Brasil;76928000;
02889;PF;00303958286;00001068112;;LOANA LARA DE OLIVEIRA WATERKEMPER;LOANA LARA DE OLIVEIRA WATERKEMPER;;RUA JORGE TEIXEIRA;CASA;CENTRO;0613;RO;Brasil;76928000;LIMITE R$400,00
02884;PF;66447364249;11276029;;EMANOELTABOSA ROCHA;EMANOEL TABOSA ROCHA;6992644454;RODOVIA TN 10 LOTE 282 GLEBA 1;;ZONA RURAL;9653;RO;Brasil;76929000;
02885;PF;02733967223;1280364;;GEUCILENE VAILANTE LUZ;GEUCILENE VAILANTE LUZ;6992707369;AFONSO PENA;;CENTRO;0613;RO;Brasil;76928000;OBS: ATUALIZAR CADASTRO
02904;PF;86747584287;;;OSEIAS VICENTE GODOI;OSEIAS VICENTE GODOI;6992840687;AFONSO PENA;;CENTRO;0613;RO;Brasil;76928000;MOTIVO DE ATRASO. COBRANCA SIDNEI
02865;PF;08625934765;1694482;;GISELLE TOLENTINA DE OLIVEIRA;GISELLE TOLENTINA DE OLIVEIRA;6992544515;RUA DUQUE DE CAXIAS N;;CENTRO;0613;RO;Brasil;78954000;OBS: ATUALIZAR CADASTRO
02875;PF;00583567207;1126377;;CLAUDIENE DOS SANTOS;CLAUDIENE DOS SANTOS;092735463;RUA VO LUIZA N;;CENTRO;0613;RO;Brasil;78954000;OBS: ATUALIZAR CADASTRO LAVRADORA
02876;PF;85171425272;00001022615;;MONICA MONTI DE LIMA SANTANA;MONICA MONTI DE LIMA SANTANA;092319823;TRANQUEDO NEVES;;ZONA RURAL;0613;RO;Brasil;76928000;[CIVIL=CASADO(A)] LAVRADORA
02893;PF;66259487215;888378;;LOURIVAL MARIANO DE MOURA;LOURIVAL MARIANO DE MOURA;6992552035;RODOVIA 7 KM 20 GB12C LT41;;ZONA RURAL;0613;RO;Brasil;76928000;[OBS=LOJAS LUCINEIDE/MOVEIS GAZIN/DOIS IRMAOS/BABACU] OBS: ATUALIZAR CADASTRO LAVRADOR
02869;PF;04057207260;1424004;;WESLEI GONCALVES DE OLIVEIRA;WESLEI GONCALVES DE OLIVEIRA;6992019515;RODOVIA 24 DA LH 31 LT22;;ZONA RURAL;0613;RO;Brasil;76928000;OBS: ATUALIZAR CADASTRO
02882;PF;89501683249;879771;;GEDEON CLAUDINO LOPES;GEDEON CLAUDINO LOPES;6993619349;RUA BELMIRO ARAUJO;;CENTRO;0613;RO;Brasil;78954000;OBSERVACAO ATUALIZAR CADASTRO
02903;PF;74984101253;884438;;JOSE GERALDO CANDIDO BATISTA;JOSE GERALDO CANDIDO BATISTA;6993669957;RODOVIA 28 DA LINHA 31 LT71 GB12F;;ZONA RURAL;0613;RO;Brasil;76928000;[CIVIL=CASADO(A)] [OBS=KKJ-MOTOS,REAL MADEIRA E CARISMA CONFECCOES] OBS:ATUALIZAR CADASTRO LAVRADOR
02857;PF;40835600297;267243;;NILCE MAZZO;NILCE MAZZO;093297343;RODOVIA 2 KM37 LT27 GB12F;;ZONA RURAL;0613;RO;Brasil;76928000;[OBS=FALECEU]
02867;PF;00456727256;00001073840;;GERSON CARLOS DE OLIVEIRA NUNES;GERSON CARLOS DE OLIVEIRA NUNES;6981121481;RODOVIA 20 LINHA 37 KM24;;ZONA RURAL;0613;RO;Brasil;76928000;OBSERVACAO ATUALIZAR CADASTRO LAVRADOR
02858;PF;63179164204;540753;;ELIAS RODRIGUES GOMES;ELIAS RODRIGUES GOMES;081233962;RODOVIA 4 DA LINHA 31 LT 16 GB12E;;ZONA RURAL;0613;RO;Brasil;76928000;[CIVIL=CASADO(A)] CANCELADO MOTIVO DE ATRASO LAVRADOR
02888;PF;95572813249;00001120625;;EDNALDO DE SOUZA;EDNALDO DE SOUZA;093572161;MONTE CASTELO;;CENTRO;0613;RO;Brasil;76928000;[CIVIL=SOLTEIRO(A)] [OBS=AGRO CENTRAL AUT. POR EDIVAGNER]
02899;PF;69282757234;36928494;;MARINEIS FRANCISCA DE OLIVEIRA;MARINEIS FRANCISCA DE OLIVEIRA;6999881778;RODOVIA 20 KM 22 GB04C LT28;;ZONA RURAL;0613;RO;Brasil;76928000;OBS: ATUALIZAR CADASTRO LAVRADORA
02861;PF;60797592253;1821912;;MARIA ONETE RODRIGUES LEAL;MARIA ONETE RODRIGUES LEAL;6999370064;RODOVIA TN6 LOTE 620B GB 01;;ZONA RURAL;9653;RO;Brasil;76928000;OBSERVACAO ATUALIZAR CADASTRO APOSENTADA
02908;PJ;77941490003685;00000000568368;;GAZIN;GAZIN-IND. E COM. DE MOVEIS E ELETROD.LT;;LINHA RURAL BR 364;;ZONA RURAL;6547;RO;Brasil;76900970;
02906;PJ;87835146000135;0450005925;;CALCADOS LHOMBRE LTDA;CALCADOS LHOMBRE LTDA;;MARTINS;;PIO X;0001;RS;Brasil;95181000;
02874;PJ;77941490011190;0000000056368;;GAZIN;GAZIN IND. COM. DE MOVEIS E ELETRODOMEST;;LINHA RURAL BR 364 KM 1;;ZONA RURAL;6547;RO;Brasil;76900970;
02896;PJ;07414643000120;271116730;;DAKOTA CALCADOS S/A;DAKOTA CALCADOS S/A;;AVENIDA DR. HUMBERTO NUNES OLIVEIRA;;CENTRO;8030;SE;Brasil;49480000;
02891;;;;;RAMANEL;RAMANEL;;;;BAIRRO DAS ROSAS;0001;RO;Brasil;78960000;
02806;PF;02684334293;1218785;;MILTON DA SILVA CAMILO;MILTON DA SILVA CAMILO;;LINHA 36 LOTE 27 GLEBA 12G;CASA;ZONA RURAL;0613;RO;Brasil;76928000;
02820;PF;22740885865;1223078;;KEILA ROSA DOS SANTOS;KEILA ROSA DOS SANTOS;6992386653;LINHA 24 KM 22 LOTE 32 GLEBA 4D;;ZONA RURAL;0613;RO;Brasil;76928000;
02821;PF;92314627253;00001004650;;JEFFERSON DE FRANCA TEIXEIRA;JEFFERSON DE FRANCA TEIXEIRA;6993685649;NOVA ESPERANCA;;CENTRO;0613;RO;Brasil;76928000;OBS: ATUALIZAR CADASTRO
02833;PF;94886024220;000758487;;IZABEL PASCOALIM DEODATO;IZABEL PASCOALIM DEODATO;;LINHA 31 KM16 GB12B LT21;;ZONA RURAL;0613;RO;Brasil;76928000;OBS: ATUALIZAR CADASTRO LAVRADORA
02824;PF;02174657228;1320856;;EDUARDO DOS SANTOS MINERVINO;EDUARDO DOS SANTOS MINERVINO;;RUA PROGETADA;CASA;CENTRO;0613;RO;Brasil;76928000;
02798;PF;63146649268;428370;;ARACI DAS DORES SANTIAGO SIQUEIRA;ARACI DAS DORES SANTIAGO SIQUEIRA;;RODOVIA LH24 KM31 LT27 GB12D;SITIO BOA VISTA;ZONA RURAL;0613;RO;Brasil;76928000;
02813;PF;92562485220;831554;;VILMA CELESTE DOS SANTOS;VILMA CELESTE DOS SANTOS;6992548048;TN06 LT;;ZONA RURAL;9653;RO;Brasil;76929000;OBS: ATUALIZAR CADASTRO APOSENTADA
02841;PF;62099922268;607162;;IDALINA GOMES DE CARVALHO;IDALINA GOMES DE CARVALHO;6992518307;RODOVIA TN10 LT314 GB01;;ZONA RURAL;9653;RO;Brasil;76929000;LAVRADORA
02805;PF;24240478200;497776;;APARECIDA ROCHA BARBOSA;APARECIDA ROCHA BARBOSA;6934671030;DOS ESTENCIONISTA N;;76920-000;0001;RO;Brasil;78960000;OBS: ATUALIZAR CADASTRO AJENTE DE SERVICOS DIVERSOS
02815;PF;45085285700;700520;;LAUDELINO CEZAR;LAUDELINO CEZAR;;CANDIDO RONDON N;;CENTRO;0613;RO;Brasil;76928000;OBSERVACAO ATUALIZAR CADASTRO APOSENTADO
02799;PF;01360937285;1220004;;MARLEIA PEREIRA TEIXEIRA;MARLEIA PEREIRA TEIXEIRA;6993069164;HERINGER S/N;;CENTRO;0613;RO;Brasil;78954000;OBS: ATUALIZAR CADASTRO
02818;PF;19057628287;215988;;AMADEU RODRIGUES DE ARAUJO;AMADEU RODRIGUES DE ARAUJO;6992096182;JASMO PEREIRA DE CASTRO N;;CENTRO;0613;RO;Brasil;76928000;OBS: ATUALIZAR CADASTRO APOSENTADO
02846;PF;10109483693;10000025;;PAULO HENRIQUE OLIVEIRA E MARTINS;PAULO HENRIQUE OLIVEIRA E MARTINS;6993422301;CUSTODIO VITOR S/TIMA CASA ESQUERDA;;CENTRO;0613;RO;Brasil;76928000;OBS: ATUALIZAR CADASTRO AUTONOMO
02849;PF;63144204234;649294;;ALEX SANDRO ZIMERMANN;ALEX SANDRO ZIMERMANN;6992746283;AVENIDA AFONSO PENA N;;CENTRO;0613;RO;Brasil;78954000;OBS: ATUALIZAR CADASTRO
02828;PF;88444465291;924331;;ROSANGELA DE ARAUJO;ROSANGELA DE ARAUJO;6992786337;RODOVIA 1 KM28 LT61 GB12F;;ZONA RURAL;0613;RO;Brasil;76928000;[CIVIL=CASADO(A)] [OBS=COMERCIAL DINIZ/FARMA REUZ] OBS: ATUALIZAR CADASTRO
02836;PF;01710531258;1192797;;LEOMAR SOUZA PESSOA;LEOMAR SOUZA PESSOA;092061498;RODOVIA 1 KM16 GB08C LT07;;ZONA RURAL;0613;RO;Brasil;76928000;[CIVIL=SOLTEIRO(A)] [OBS=AGRO PINEIRA/CASA NOVA] OBS: ATUALIZAR CADASTRO
02843;PF;58628509291;000638991;;VALCELIO DO ROSARIO CELESTE;VALCELIO DO ROSARIO CELESTE;6992161879;RODOVIA RUA VO LUIZA;;ZONA RURAL;6552;RO;Brasil;76920000;LAVRADOR
02830;PF;02973602211;1302889;;MARCELO NEGRINI COSTA;MARCELO NEGRINI COSTA;093775922;AFONSO PENA;;CENTRO;0613;RO;Brasil;76928000;[CIVIL=SOLTEIRO(A)]
02832;PF;77008723253;000809061;;MARIA JOAQUINA DOS SANTOS;MARIA JOAQUINA DOS SANTOS;6992883212;RUA VO LUIZA;;CENTRO;0613;RO;Brasil;78954000;[CIVIL=CASADO(A)] [OBS=WORLD CELL/DINIZ SUPERMERCADO/TOK MOVEIS/CONTRUTOR] OBS: ATUALIZAR CADASTRO APOSENTADA
02834;PF;02487254246;360499201;;ALMIRLENE DE SOUZA CUSTODIO;ALMIRLENE DE SOUZA CUSTODIO;6992027196;15 DE NOVEMBRO;;CENTRO;0613;RO;Brasil;76928000;OBS: ATUALIZAR CADASTRO
02812;PF;66292492249;00001111467;;ROSILEIA CAETANO VILHALVA SILVESTRE;ROSILEIA CAETANO VILHALVA SILVESTRE;6993048660;RODOVIA TN10 LT295 GB01;;ZONA RURAL;9653;RO;Brasil;76929000;OBS: ATUALIZAR CADASTRO TRABALHADORA RURAL
02808;PF;75640724234;000776213;;VANDERLEIA TEODORO PIMENTEL;VANDERLEIA TEODORO PIMENTEL;6992399378;RODOVIA TN06 LT 470 GB01;;ZONA RURAL;9653;RO;Brasil;76929000;OBS: ATUALIZAR CADASTRO LAVRADORA
02854;PF;54596653291;08478001700;;FERNANDO PINTO CHAVARRIA;FERNANDO PINTO CHAVARRIA;092972536;AGUIMAR DE SOUZA GOMES N:720 COHAB;;CENTRO;6552;RO;Brasil;76920000;OBS: ATUALIZAR CADASTRO FARMA REUZ
02842;PF;55627560215;1420001;;LEANDRO DA FONSECA BASTOS;LEANDRO DA FONSECA BASTOS;6993439263;RODOVIA MASTER FESTA;;ZONA RURAL;0613;RO;Brasil;76928000;FICHA CANCELADA POR MOTIVO DE ATRASO. (OBS: COBRADOR NASMARON)
02823;PF;95789782272;603477;;MARLENE CERQUEIRA DOS REIS;MARLENE CERQUEIRA DOS REIS;6999978966;RODOVIA 16 DA LINHA 31 LT20 GB 12C;;ZONA RURAL;0613;RO;Brasil;76928000;OBS: ATUALIZAR CADASTRO LAVRADORA
02856;PF;00409068250;1229386;;FRANCIELI DIAS BRAU;FRANCIELI DIAS BRAU;6993345175;RODOVIA RUA BELO HORIZONTE DO LADO DA SI;;CENTRO;0613;RO;Brasil;76928000;CANCELADO POR MOTIVO DE ATRASO. EDVAGNER VENDEDORA
02827;PF;08518530210;104739;;FRANCISCA MOREIRA DE SOUZA;FRANCISCA MOREIRA DE SOUZA;6981541640;RODOVIA 24 DA LINHA 31 LT 28 GB12E;;TEIXEIROPOLIS;0613;RO;Brasil;76928000;OBS: ATUALIZAR CADASTRO
02852;PJ;15591213000102;446011018115;;GABRIELA SERRANO;N C SERRANO & CIA INDUSTRIA E COMERCIO D;;GONCALVES DA SILVA N;;CENTRO;8574;SP;Brasil;17320000;
02802;PJ;08943560000191;00000001689657;;RONDOMAX INDUSTRIA E COMERCIO LTDA;RONDONIA INOX LTDA;;SANTA CLARA N;;PRIMAVERA;6547;RO;Brasil;76914700;
02838;PJ;00465813000157;062640135;;DAKOTA;DAKOTA NORDESTE S/A;;RUA CORONEL ANTONIO CORDEIRO N;;TABULEIRO DO CATAVEN;1312;CE;Brasil;62900000;
02845;PJ;77941490010118;00000001182102;;COLCHOES E ESTOFADOS GAZIN;GAZIN IND. E COMERCIO DE MOVEIS E ELETRO;;AVENIDA ITAUBA S/NLOTE 02, RA 01, S/N;;CENTRO;6564;RO;Brasil;76980000;
02850;PJ;52717659001210;283264080;;KLIN;KLIN PRODUTOS INFANTIS LTDA;;AVENIDA YOUSSEF AHMAD EL JAROUCHE N;;DISTR. IND. II;3984;MS;Brasil;79601970;
02837;PJ;00465813000238;069873739;;DAKOTA;DAKOTA NORDESTE S/A;;LINHA RURAL IGUATU BAU N:1600;;COHAB III;1077;CE;Brasil;63500000;
02781;PF;02844558224;1291757;;ANGELICA AMANCIO AZEVEDO;ANGELICA AMANCIO AZEVEDO;;LINHA 24 DA LH24 GL8 LOTE08;;ZONA RURAL;0613;RO;Brasil;78954000;[CIVIL=SOLTEIRO(A)] [OBS=ANTIGO FORMIGAO PAULISTA] REVENDEDORA
02784;PF;02447585225;1315667;;TATIANE MUNIZ MONTEIRO;TATIANE MUNIZ MONTEIRO;6992350425;RODOVIA LH 31 KM 20 GLEBA 8C LOTE 24;;ZONA RURAL;0613;RO;Brasil;76928000;GERENTE FINANCEIRO
02790;PF;02491256258;1264267;;DAYANI GOMES DA COSTA;DAYANI GOMES DA COSTA;;RUA PEDIGRI;;CENTRO;0613;RO;Brasil;76928000;LIMITE R$500,00
02783;PF;70408785268;737207;;SUELI NASCIMENTO SANTOS LOPES;SUELI NASCIMENTO SANTOS LOPES;6992879826;RODOVIA LH16 KM 31 LT 32 GB 8 B;;ZONA RURAL;0613;RO;Brasil;76928000;
02754;PF;63234432287;000643766;;ROSA LOPES DA SILVA;ROSA LOPES DA SILVA;;LINHA 12 KM 31 GL 12F LOTE11;;ZONA RURAL;0613;RO;Brasil;76928000;OBS: ATUALIZAR CADASTRO
02794;PF;03306367230;1345596;;ALAN DA FONSECA BASTOS;ALAN DA FONSECA BASTOS;993068938;RODOVIA RUA DANIEL HERINGER ESQUINA COM;;ZONA RURAL;0613;RO;Brasil;76928000;SERVICO GERAL
02746;PF;01775114279;1535091;;ARILSO DOS SANTOS MACHADO;ARILSO DOS SANTOS MACHADO;;LINHA 31 KM 20 LOTE 22 GLEBA 12C;;ZONA RURAL;0613;RO;Brasil;76928000;OBS: ATUALIZAR CADASTRO LAVRADOR
02787;PF;01547146230;00000;;TATIANE DA COSTA PERON;TATIANE DA COSTA PERON;092435324;RODOVIA 31 KM28 LT39 GB12F;;ZONA RURAL;0613;RO;Brasil;76928000;OBS: ATUALIZAR CADASTRO LAVRADORA
02788;PF;85449768249;000938547;;LUCELIA COSTA DA SILVA;LUCELIA COSTA DA SILVA;;LINHA 31 KM 24 LOTE 21 GL 12E;;ZONA RURAL;0613;RO;Brasil;76928000;CADASTRO COM LIMITE DE 600,00
02752;PF;00949743224;1085056;;ANGELICA FRANCINER DA SILVA;ANGELICA FRANCINER DA SILVA;;LINHA TN 6 LOTE 389 GB 01;CASA;ZONA RURAL;9653;RO;Brasil;78955000;
02793;PF;01107795257;1200613;;JAQUELINE CARDOSO ROSA;JAQUELINE CARDOSO ROSA;6992442172;LINHA C 1 LOTE 01 GL 01;;ZONA RURAL;9653;RO;Brasil;78955000;[CIVIL=CASADO(A)] LAVRADORA
02748;PF;81018819215;890496;;ELISANDRO ALVES DE SOUZA;ELISANDRO ALVES DE SOUZA;;LINHA TN06 GB01 LT481;;ZONA RURAL;9653;RO;Brasil;76928000;"OBS; ATUALIZAR CADASTRO LAVRADOR"
02777;PF;95815341215;948079;;FLAVIO SOARES DA COSTA (SOLUTION);FLAVIO SOARES DA COSTA;6993021031;RODOVIA TN-06/ LT. 475/ GB. 1;;ZONA RURAL;9653;RO;Brasil;76928000;[CIVIL=CASADO(A)] [OBS=DINIZ SUPERMERCADO] LAVRADOR COBRANÇA SETOR JURIDICO
02758;PF;03591116297;3719065001;;ANGELICA MALFER DE FREITA;ANGELICA MALFER DE FREITA;6992651992;AVENIDA AFONSO PENA N;;CENTRO;0613;RO;Brasil;78954000;OBS: ATUALIZAR CADASTRO
02775;PF;83180249234;101354;;ENI MARTINS DA SILVA;ENI;6992756628;DAS PALMEIRAS N;;CENTRO;0613;RO;Brasil;76928000;OBS: ATUALIZAR CADASTRO
02750;;;1297119;;LUCIANO DA SILVA ABILIO;LUCIANO DA SILVA ABILIO;092187885;AVENIDA AFONSO PENA N;;CENTRO;0613;RO;Brasil;78954000;OBSERVACAO ATUALIZAR CADASTRO
02770;PF;02271828201;1310705;;FRANCIKELEN ASSIS SANTOS;FRANCIKELEN ASSIS SANTOS;6992678130;BELMIRO ARAUJO N;;CENTRO;0613;RO;Brasil;78954000;[CIVIL=SOLTEIRO(A)] [OBS=SCPC/SPC-SILMARA] DOMESTICA
02763;PF;58618970263;565366;;MARIA DOS SANTOS ANDRADE;MARIA DOS SANTOS ANDRADE;6934651133;RUA VO LUIZA N;;CENTRO;0613;RO;Brasil;78954000;OBSERVACAO ATUALIZAR CADASTRO
02796;PF;04465540655;548014;;TAISE ROSA VIEIRA LAGE;TAISE ROSA VIEIRA LAGE;6993343794;DE FATIMA SANTOS S/N;;CENTRO;0613;RO;Brasil;76928000;OBSERVACAO ATUALIZAR CADASTRO. PROFESSORA
02767;PF;54665809291;1285028;;ANGELINO MATOS MENDONCA;ANGELINO MATOS MENDONCA;6981276574;RODOVIA LH 28 KM 31 GB12E LT35;;CENTRO;0613;RO;Brasil;76928000;AUTORIZADO SOMENTE O IRMAO REGINALDO E A ESPOSA ADHILA. OBS: ATUALIZAR CADASTRO GUARDA NOTURNO
02782;PF;16301692268;106870;;JOSE FRANCISCO DE CASTRO;JOSE FRANCISCO DE CASTRO;6992325210;RODOVIA 4 DA LH 31 LT02 GB08;;ZONA RURAL;0613;RO;Brasil;76928000;[CIVIL=SOLTEIRO(A)] APOSENTADO
02745;PF;03530740209;1355028;;WESLEI LACERDA NEVES DE SOUZA;WESLEI LACERDA NEVES DE SOUZA;6993565386;RUA DUQUE DE CAXIAS;;CENTRO;0613;RO;Brasil;78954000;[CIVIL=SOLTEIRO(A)]
02791;PF;56003528249;000525989;;JOSE ROBERTO GOMES DE OLIVEIRA;JOSE ROBERTO GOMES DE OLIVEIRA;092670350;RUA VO LUIZA;;CENTRO;0613;RO;Brasil;78954000;OBS: ATUALIZAR CADASTRO TAXI
02795;PF;01104645246;1145475;;ROZANA DAS VIRGENS CHAVES;ROZANA DAS VIRGENS CHAVES;092579406;RUA VO LUIZA;;CENTRO;0613;RO;Brasil;78954000;OBSERVACAO ATUALIZAR CADASTRO.
02759;PF;69281580268;817567;;LEONICE KROFCKE DE SOUZA;LEONICE KROFCKE DE SOUZA;093192618;RODOVIA LH 20 KM 22 LT02 GL04D;;ZONA RURAL;0613;RO;Brasil;76928000;OBS: ATUALIZAR CADASTRO LAVRADORA
02755;PF;01991185235;1213680;;MARCOS LUIZ DA SILVA;MARCOS LUIZ DA SILVA;099838697;RODOVIA 2 KM22 LT18 GB08B;;ZONA RURAL;6552;RO;Brasil;76920000;OBS: ATUALIZAR CADASTRO OPERADOR DE ESCAVADEIRA
02761;PF;00678999279;1154040;;TAIS ALVES DA SILVA;TAIS ALVES DA SILVA;092937523;DE PEREIRA DE CASTRO;;CENTRO;0613;RO;Brasil;76928000;OBSERVACAO ATUALIZAR CADASTRO. SECRETARIA
02762;PF;01968046208;1217765;;LUCAS CAIQUE DA SILVA;LUCAS CAIQUE DA SILVA;092139234;RODOVIA 0 DA LINHA 31 S/N KM 3,5;;ZONA RURAL;0613;RO;Brasil;76928000;OBSERVACAO ATUALIZAR CADASTRO AUXILIAR ADIMINISTRATIVO
02792;PF;67527655704;570231;;ANTONIO GONCALVES DA SILVA;ANTONIO GONCALVES DA SILVA;0;UNIAO LT58 GB12F;;ZONA RURAL;0613;RO;Brasil;76928000;OBS: ATUALIZAR CADASTRO LAVRADOR
02747;PF;02383111201;1352896;;VANDERSON DA SILVA WENDT;VANDERSON DA SILVA WENDT;081615730;RODOVIA 8 KM31 GB12 LT41;;ZONA RURAL;0613;RO;Brasil;76928000;OBSERVACAO ATUALIZAR CADASTRO.
02765;PF;64806200204;680969;;HELIO RODRIGUES DE OLIVEIRA;HELIO RODRIGUES DE OLIVEIRA;6992168085;RODOVIA TN06 LT391 GB01;;ZONA RURAL;9653;RO;Brasil;76929000;[CIVIL=SOLTEIRO(A)] [OBS=AGRO CENTRAL/NOVALAR URUPA/OLIVEIRA MOVEIS URUPA] LAVRADOR
02774;;;;;TALLES JEAN;TALLES JEAN;;;;;0001;RO;Brasil;78960000;OBSERVACAO ATUALIZAR CADASTRO.
02753;PF;93358890244;387491193;;DENISE LEITE CAMARGO CARLOS;DENISE;6934651202;DANIEL HERINGER;;CENTRO;0613;RO;Brasil;78954000;
02735;PF;00726276200;00001083804;;VANDERLEIA GONCALVES DA SILVA;VANDERLEIA GONCALVES DA SILVA;6992616141;ANGELA DE FATIMA;;CENTRO;0613;RO;Brasil;76928000;DOCUMENTO EM ATRASO DOCUMENTO EM ATRASO NÃO VENDER
02708;PF;01930856237;258961001;;LINDACIR DA SILVA SANTIAGO;LINDACIR DA SILVA SANTIAGO;981729191;LINHA 37 KM 24 LT16 GB12E;;ZONA RURAL;0613;RO;Brasil;76928000;[CIVIL=CASADO(A)] LAVRADORA
02718;PF;01992867283;1235757;;WANEZA RIBEIRO FERREIRA;WANEZA RIBEIRO FERREIRA;093241694;LINHA 16 KM 31 GB12C LT 17;;ZONA RURAL;0613;RO;Brasil;76928000;[CIVIL=UNIAO ESTAVEL] [OBS=LOJA SERTANEJO/AQUI AGORA CONFECCOES] OBS: ATUALIZAR CADASTRO LAVRADORA
02728;PF;39057275287;00000398117;;REJANY JORGE DE SOUZA;REJANY JORGE DE SOUZA;;LINHA 28 KM31 LT15 GB 4E;;ZONA RURAL;0613;RO;Brasil;76928000;OBS: ATUALIZAR CADASTRO LAVRADORA
02738;PF;22356257896;244095905;;MARIA DE LOURDES DA SILVA;MARIA DE LOURDES DA SILVA;981167847;RODOVIA RUA DUQUE DE CAXIAS;;ZONA RURAL;0613;RO;Brasil;76928000;
02709;PF;00774167246;00001085060;;ELIANE SANTOS MORAES;ELIANE SANTOS MORAES;;LINHA 24 KM 31 LOTE 04 GL 8E;;ZONA RURAL;0613;RO;Brasil;76928000;OBS: ATUALIZAR CADASTRO
02741;PF;41917278268;434009;;GESSI DE OLIVEIRA NEVES;GESSI DE OLIVEIRA NEVES;6992274953;RODOVIA 4 KM31 GB8E LT02;;ZONA RURAL;0613;RO;Brasil;76928000;[CIVIL=SOLTEIRO(A)]
02703;PF;01577955277;000967065;;ALCIONE DIAS PEREIRA;ALCIONE DIAS PEREIRA;092965469;RODOVIA TN10/ KM. 32/ LT.285/ GB.01;;ZONA RURAL;9653;RO;Brasil;76929000;[CIVIL=CASADO(A)] [OBS=LOJAS ELLEN, URUPA] OBS: ATUALIZAR CADASTRO SECRETARIA
02713;PF;92621465234;000954985;;MATEUS VIEIRA MAGNHAGO;MATEUS VIEIRA MAGNHAGO;093193889;RODOVIA 1 KM24 GB12D LT25;;ZONA RURAL;0613;RO;Brasil;76928000;[CIVIL=SOLTEIRO(A)] [OBS=ADVOGADA-CANCELAR APOS PAGAMENTO] LAVRADOR
02714;PF;40883221268;397067;;VANDERLEY SUPRIANO NEVES;VANDERLEY SUPRIANO NEVES;093147933;AFONSO PE/N HOTEL DO ARNALDO;;CENTRO;0613;RO;Brasil;76928000;OBSERVACAO ATUALIZAR CADASTRO. DIARIA
02742;PF;64789926249;631494;;ANGELA MARIA BORGES;ANGELA MARIA BORGES;034651141;AVENIDA AFONSO PENA N;;CENTRO;0613;RO;Brasil;78954000;[CIVIL=SOLTEIRO(A)] [OBS=MANAS/3461-3050/LOJAS COIMBRA 3461-2877/NOVALR 3461-3404/GRAUNA 3461-2187]
02730;PF;00728710242;1083812;;ANDREONE DE OLIVEIRA MERCANDELLI;ANDREONE DE OLIVEIRA MERCANDELLI;092616413;RODOVIA 31 KM16 GB08B LT28;;ZONA RURAL;0613;RO;Brasil;76928000;OBS: ATUALIZAR CADASTRO LAVRADOR
02722;PF;84850345204;1129877;;DELIEL PIO DA ROCHA;DELIEL PIO DA ROCHA;0699244422;RODOVIA 31/ KM.16/ LT.28/ GB.12-B;;ZONA RURAL;0613;RO;Brasil;76928000;OBS: ATUALIZAR CADASTRO LAVRADOR
02732;PF;01206453273;1028371;;JESIANE VIRGEM DE ALCANTARA LEITE;JESIANE VIRGEM DE ALCANTARA LEITE;092620867;RODOVIA TN 02 GB01 LT589;;ZONA RURAL;0613;RO;Brasil;76928000;OBSERVACAO ATUALIZAR CADASTRO LAVRADORA
02724;PF;00035715219;1084888;;GILSELE DA SILVA PIO CAMPOS;GILSELE DA SILVA PIO CAMPOS;6992882696;RODOVIA RUA VO LUIZA;;ZONA RURAL;0613;RO;Brasil;76928000;OBS: ATUALIZAR CADASTRO ESPETOTORA DE ALUNO
02727;PF;00978255224;1182196;;PEPEU PEREIRA DUTRA;PEPEU PEREIRA DUTRA;092736611;RODOVIA 4 KM31 LT02 GB08 E;;ZONA RURAL;0613;RO;Brasil;76928000;[CIVIL=CASADO(A)] [OBS=CASA NOVA/CICLO HONDA/COMERCIAL DINIZ] OBS: ATUALIZAR CADASTRO AJUDANTE GERAL
02736;PF;02753557217;1274901;;WESLEI DE FARIA CARVALHO;WESLEI DE FARIA CARVALHO;6992674930;RODOVIA TN10 LT291 GB01;;ZONA RURAL;9653;RO;Brasil;76929000;OBSERVACAO ATUALIZAR CADASTRO. LAVRADOR
02720;PF;65665031291;000969720;;ADILMA BRAGA DA SILVA;ADILMA BRAGA DA SILVA;092678412;RODOVIA 1 KM28 GB12F LT59;;ZONA RURAL;0613;RO;Brasil;76928000;OBS: ATUALIZAR CADASTRO LAVRADORA
02740;PF;71116435268;1237956;;LUZIA ANGELO EUGENIA RAMOS;LUZIA ANGELO EUGENIA RAMOS;6992127110;RODOVIA 1 KM28 LT35 GB12E;;ZONA RURAL;0613;RO;Brasil;76928000;OBSERVACAO ATUALIZAR CADASTRO APOSENTADA
02711;PF;09770755915;108662;;JOSE GOMES DE ARAUJO;JOSE GOMES DE ARAUJO;092128966;RODOVIA 16/ KM. 04/ LT.08/ GB.08-C - FR;;ZONA RURAL;0613;RO;Brasil;76928000;OBSERVACAO ATUALIZAR CADASTRO
02731;PF;40820840297;000829264;;MARIA APARECIDA RODRIGEUS TEIXEIRA;MARIA APARECIDA RODRIGEUS TEIXEIRA;093249551;RODOVIA 1 KM28 GB12F LT59;;ZONA RURAL;0613;RO;Brasil;76928000;OBS: ATUALIZAR CADASTRO APOSENTADA
02702;PF;90609840215;000947868;;ALEXANDRE MENDONCA;ALEXANDRE MENDONCA;093186163;AFONSO PENA FRENTE COM LAVADOR AUTO BRIL;;CENTRO;0613;RO;Brasil;76928000;OBS:ATUALIZAR CADASTRO MOTORISTA
02712;PF;02089836270;366860847;;GABRIELA CHAVES MONTINHO;GABRIELA CHAVES MONTINHO;093105836;RODOVIA 7 KM24 GB 12D LT39;;ZONA RURAL;0613;RO;Brasil;76928000;"OBS; ATUALIZAR CADASTRO LAVRADORA"
02723;PF;68952783204;000263298;;LUZIA TINELI NEGRINE;LUZIA TINELI NEGRINE;09212557;RODOVIA 1 KM24 LT25 GB12D;;ZONA RURAL;0613;RO;Brasil;76928000;OBSERVACAO ATUALIZAR CADASTRO LAVRADORA
02734;PF;82313482200;791235;;PAULO BORGES DOS ANJOS;PAULO BORGES DOS ANJOS;6992679431;DE CAXIAS;;ZONA RURAL;0613;RO;Brasil;76928000;OBSERVACAO ATUALIZAR CADASTRO. OPERADOR DE MAQUINA
02705;PF;03170550209;1345598;;CLAUDINEI FERREIRA DE SOUZA;CLAUDINEI FERREIRA DE SOUZA;092069242;RODOVIA 7 KM24 GB12D LT39;;ZONA RURAL;0613;RO;Brasil;76928000;OBS: ATUALIZAR CADASTRO LAVRADOR
02715;PF;47846119249;73367794;;JOSEFA IDALINA DA CONCEICAO;JOSEFA IDALINA DA CONCEICAO;081311475;RODOVIA 4 KM37 GB12E LT17;;ZONA RURAL;0613;RO;Brasil;76928000;OBSERVACAO ATUALIZAR CADASTRO APOSENTADA
02726;PF;00959670289;1036614;;MARCOS FERNANDO PEREIRA DA CUNHA;MARCOS FERNANDO PEREIRA DA CUNHA;092590489;RODOVIA 1 KM20 GB12C LT22;;ZONA RURAL;0613;RO;Brasil;76928000;OBS: ATUALIZAR CADASTRO PECUARISTA
02729;PF;57671516287;5867465;;CLAUDIO FERREIRA DAS VIRGENS;CLAUDIO FERREIRA DAS VIRGENS;092040948;ESPERANCA;;CENTRO;0613;RO;Brasil;76928000;OBS: ATUALIZAR CADASTRO
02700;PF;02451520248;00001102216;;ROSINEIA VIEIRA MARTINS FREIRA;ROSINEIA VIEIRA MARTINS FREIRA;6993123421;RODOVIA TN06 LT507 GB01;;ZONA RURAL;9653;RO;Brasil;76929000;CANCELADO POR MOTIVO DE ATRASO.. PAGTO ATRAVES DE ANDRADE E BASTOS.
02717;PF;35116242234;383981;;WIRSON DA SILVA;WIRSON DA SILVA;08110113;RODOVIA 4 KM 37 GB12E LT18;;ZONA RURAL;0613;RO;Brasil;76928000;OBSERVACAO ATUALIZAR CADASTRO. LAVRADOR
02704;PF;79715176291;18256244;;WENDERSON CORALESKI;WENDERSON CORALESKI;093029870;RUA VO LUIZA;;CENTRO;0613;RO;Brasil;78954000;CANCELADO POR MOTIVO DE ATRASO/ COBRADO POR SIDNEY ANTONIO CARLOS
02710;;;;;CLIENTE DE JI PARANA;CLIENTE DE JI PARANA;;AVENIDA BRASIL N;;NOVA BRASILIA;6547;RO;Brasil;76900000;
02661;PF;02425737200;1253045;;NEUZA DE ABREU GERONIMO;NEUZA DE ABREU GERONIMO;6992764773;RUA PRINCIPE;;CENTRO;0613;RO;Brasil;76928000;
02671;PF;81120222249;00001004607;;MARCIA OLIVEIRA;MARCIA OLIVEIRA;;LINHA 31/ KM.20/ GB.08-D/ LT.09;;ZONA RURAL;0613;RO;Brasil;76928000;OBS: ATUALIZAR CADASTRO
02692;PF;69278806234;808013;;ANTONIO PEREIRA DE OLIVEIRA;ANTONIO PEREIRA DE OLIVEIRA;;LINHA 20 KM 22 LOTE 05 GB4D;CASA;ZONA RURAL;0613;RO;Brasil;76928000;
02694;PF;02079588230;1250164;;FRANCILEILA SOARES MENDES;FRANCILEILA SOARES MENDES;;LINHA 12 KM 22;PROXIMO AO CAMPO NACIONAL;ZONA RURAL;6552;RO;Brasil;78950000;OBSERVACAO ATUALIZAR CADASTRO LIVRARIA BALCONISTA
02651;PF;67908101291;0000730302;;MARIA AUXILIADORA DE MENDONCA;MARIA AUXILIADORA DE MENDONCA;;RUA LUIZ BORGES;;CENTRO;0613;RO;Brasil;76928000;OBS: ATUALIZAR CADASTRO LAVRADOR
02652;PF;62216910287;606036;;MARIA DE FATIMA DO NASCIMENTO MARINHO;MARIA DE FATIMA DO NASCIMENTO MARINHO;0699302417;DE CAXIAS S/N;;CENTRO;0613;RO;Brasil;78954000;NÃO VENDER PARA NINGUÉM ALÉM DO ESPOSO!!!
02682;PF;00097676225;1029757;;ROSIANE ALVES DE SOUZA (SOLUTION);ROSIANE ALVES DE SOUZA;6992398344;RODOVIA LH 31 KM 16 GLEBA 08B LOTE 33;;CENTRO;0613;RO;Brasil;76928000;MORA EM PORTO-VELHO DIARISTA COBRANÇA SETOR JURIDICO
02677;PF;02013159200;1247462;;ALEXANDRE DE ANDRADE MAZARIM;ALEXANDRE DE ANDRADE MAZARIM;;RODOVIA TN06 LT503A GB01;;ZONA RURAL;0613;RO;Brasil;76928000;OBS: ATUALIZAR CADASTRO LAVRADOR
02678;PF;01978866208;1230226;;TAIS SANTANA DE ALMEIDA;TAIS SANTANA DE ALMEIDA;092518297;LINHA TN 02 LOTE 450 KM 15;;ZONA RURAL;9653;RO;Brasil;76928000;OBSERVACAO ATUALIZAR CADASTRO. LAVRADORA
02695;PF;00809806940;70653397;;JULIANO MENANI DOS SANTOS (SOLUTION);JULIANO MENANI DOS SANTOS;6992992897;AFONSO PENA;;CENTRO;0001;RO;Brasil;78960000;[CIVIL=CASADO(A)] PEDREIRO COBRANÇA SETOR JURIDICO
02663;PF;62710001268;561561;;JANETE YUMSZ JORGE;JANETE YUMSZ JORGE;;RODOVIA LINHA 31 KM 24 LOTE 23 GLEBA 8D;;ZONA RURAL;0613;RO;Brasil;76928000;OBS: ATUALIZAR CADASTRO LAVRADORA
02662;PF;02828484289;1218720;;DOUGLAS ALVES LACERDA;DOUGLAS ALVES LACERDA;092615243;RODOVIA 31 KM32 GB12G LT 47;;ZONA RURAL;0613;RO;Brasil;76928000;LAVRADOR
02679;PF;00781875242;1278418;;MATHEUS JUNIOR SOUZA LOPES;MATHEUS JUNIOR SOUZA LOPES;092674902;ALMIRANTE BARROSO, N;;CENTRO;0613;RO;Brasil;76928000;OBS: ATUALIZAR CADASTRO
02680;PF;63916460234;000634321;;LUCIA DOS SANTOS;LUCIA DOS SANTOS;0699224652;VO LUIZA, N;;CENTRO;0613;RO;Brasil;76928000;OBSERVACAO ATUALIZAR CADASTRO
02653;PF;01109182236;1240795;;ERICA DOS SANTOS ALVES;ERICA DOS SANTOS ALVES;092878497;RUA DUQUE DE CAXIAS N;;CENTRO;0613;RO;Brasil;78954000;[CIVIL=UNIAO ESTAVEL] [OBS=ATACADAO DOS MARCINEIRO/JC PARAIBANO/FAMARCIA IDEAL] [OBS=SPC/SPCA-SILMARA] COSTUREIRA
02683;PF;01053058209;00001060102;;EDUARDO SOARES MENDES;EDUARDO SOARES MENDES;06992637063;CURITIBA, S/N;;CENTRO;0613;RO;Brasil;76928000;O CLIENTE PEDEU PARA DESATIVAR A CONTA POR MOTIVO DE NAO QUERER COMPRAR MAIS NO CREDIARIO
02699;PF;09059202287;48516;;WALDEMIRO VITORINO DA SILVA;WALDEMIRO VITORINO DA SILVA;06992039819;RUA DUQUE DE CAXIAS N;;CENTRO;0613;RO;Brasil;78954000;OBSERVACAO ATUALIZAR CADASTRO.
02660;PF;80898254272;833785;;CLAUDIA DOMINGUES DE PAIVA;CLAUDIA DOMINGUES DE PAIVA;093212946;LARANJEIRA N;;SAO BERNADO;6547;RO;Brasil;76900000;[OBS=SCPC/SPC-SILMARA] CANCELADA POR MOTIVO DE ATRASO.
02698;PF;92056407272;963813;;FRANCIANE DO AMARAL ALENCAR RAMIREZ;FRANCIANE DO AMARAL ALENCAR RAMIREZ;034651203;RUA DANIEL HERINGER N;;CENTRO;0613;RO;Brasil;76928000;[CIVIL=CASADO(A)] [OBS=ADVOGADA]
02672;PF;94329460297;000858878;;EDILENE PEREIRA DA SILVA;EDILENE PEREIRA DA SILVA;092029539;RODOVIA 31/ KM.28/ GB.12-F/ LT.51;;ZONA RURAL;0613;RO;Brasil;76928000;[CIVIL=CASADO(A)] [OBS=FORMIGAO PAULISTA, TEIXEIRA CONFECCOES, SUPERMERCADO DINIZ] OBS: ATUAIZAR CADASTRO
02693;PF;09153532708;12459194;;MARLENE DIAS FERRAZ DE SOUZA;MARLENE DIAS FERRAZ DE SOUZA;098135234;RODOVIA 2 KM08 GB04A LT01;;ZONA RURAL;6552;RO;Brasil;76928000;OBS: ATUALIZAR CADASTRO
02681;PF;68834870263;000916467;;ADRILENE AUGUSTA DEL VECCHIO;ADRILENE AUGUSTA DEL VECCHIO;6992593576;RUA VO LUIZA;;CENTRO;0613;RO;Brasil;78954000;[CIVIL=DIVORCIADO]
02673;PF;64819620215;603668;;MARIA DA CONCEICAO;MARIA DA CONCEICAO;;RODOVIA 16/ KM.31/ GB.12-B/ LT.21;;ZONA RURAL;0613;RO;Brasil;76928000;OBS: ATUALIZAR CADASTRO
02655;PF;02728711259;1280209;;VALERIA COSTA ARAUJO;VALERIA COSTA ARAUJO;093352051;RODOVIA 8 KM31 GB12E LT35;;ZONA RURAL;0613;RO;Brasil;76928000;[CIVIL=SOLTEIRO(A)] [OBS=CPF- ROSELI COSTA 470.361.922-91 ] OBS:ATUALIZAR CADASTRO VENDEDORA
02668;PF;02562468236;;;IVONE DE SOUZA SOARES ROSA;IVONE DE SOUZA SOARES;092155494;RODOVIA 6 KM31;;ZONA RURAL;0613;RO;Brasil;76928000;OBS: ATUALIZAR CADASTRO
02650;PF;62115251253;703669;;MARIA DA SILVA GOMES;MARIA DA SILVA GOMES;;RODOVIA 37 KM 24 LT 14 GB12E;;ZONA RURAL;0613;RO;Brasil;76928000;OBSERVACAO ATUALIZAR CADASTRO APOSENTADA
02690;PF;09856294606;15355232;;FABRICIA VIEIRA CASSIN OLIVEIRA;FABRICIA VIEIRA CASSIN OLIVEIRA;09305884;RODOVIA 0 KM31 GB12F LT;;ZONA RURAL;0613;RO;Brasil;76928000;OBSERVACAO ATUALIZAR CADASTRO TRABALHA NO BAR DA ESQUINA 28
02654;PF;97808687200;000998719;;ADEMILSON DE MORAES OLIVEIRA;ADEMILSON DE MORAES OLIVEIRA;092853285;RODOVIA 37 KM24 GB12E LT 17;;ZONA RURAL;0613;RO;Brasil;76928000;OBS: ATUALIZAR CADASTRO LAVRADOR
02664;PF;11936863855;91821873;;MARIA DE FATIMA FARGIONATTO;MARIA DE FATIMA FARGIONATTO;092111920;RODOVIA 2 KM24 GB04D LT31;;ZONA RURAL;0613;RO;Brasil;76928000;OBS: ATUALIZAR CADASTRO CLIENTE MUDOU PARA OUTRA CIDADE LAVRADORA
02684;PF;81629575291;843733;;AFRONIL CELIO DA SILVA;AFRONIL CELIO DA SILVA;0699215148;RODOVIA 32/ FAZENDA BELA VISTA;;ZONA RURAL;0613;RO;Brasil;76928000;OBS: ATUALIZAR CADASTRO
02675;PF;47029765249;000489081;;MARLUCE GUSMAO DE JESUS;MARLUCE GUSMAO DE JESUS;092443689;RODOVIA 1 KM24 LT08E BG 05A;;ZONA RURAL;0613;RO;Brasil;76928000;OBS: ATUALIZAR CADASTRO LAVRADORA
02656;PF;66237866272;744842;;GEMIMA TELES DA COSTA;GEMIMA TELES DA COSTA;092400725;AFONSO PENA;;CENTRO;0613;RO;Brasil;76928000;CANCELADO POR MOTIVO DE ATRASOS. NEGOCIACAO ATRAVES DO ANDRADE E BASTOS
02676;PF;01995754285;1325703;;KLEBERSON DE SOUZA MATOS;KLEBERSON DE SOUZA MATOS;093101542;RODOVIA 1 KM20 LT22 GB12C;;ZONA RURAL;0613;RO;Brasil;76928000;OBS: FICHA CANCELADA POR MOTIVO DE ATRASO LAVRADOR
02620;PF;02906137286;1305719;;MARIO FERREIRA DE ARAUJO;MARIO FERREIRA DE ARAUJO;;LINHA 32 KM31 GB12F LT58;;ZONA RURAL;0613;RO;Brasil;76928000;OBS: ATUALIZAR CADASTRO
02640;PF;00726269255;1083679;;ROBSON ROMUALDO DE OLIVEIRA;ROBSON ROMUALDO DE OLIVEIRA;;LINHA 31/KM.32 GL 12F LOTE 48;;ZONA RURAL;0613;RO;Brasil;76928000;OBS: ATUALIZAR CADASTRO
02634;PF;75199173200;904070;;HELBES MENEZES;HELBES MENEZES;6993070694;RODOVIA 31/ KM.20/ LT.16/ GB.12-D;;ZONA RURAL;0613;RO;Brasil;76928000;
02612;PF;62301624668;4517506;;SEBASTIAO MARINHO DE OLIVEIRA;SEBASTIAO MARINHO DE OLIVEIRA;;LH 24 KM 22 LOTE 29-A GLEBA 4-D;;ZONZ RURAL;0613;RO;Brasil;76928000;OBSERVACAO ATUALIZAR CADASTRO.
02632;PF;00869199200;1083680;;SUELANI ALMEIDA DA VEIGA SILVA;SUELANI ALMEIDA DA VEIGA SILVA;;LH28 KM 37 GB12F LT 35;;ZONA RURAL;0613;RO;Brasil;76928000;
02624;PF;01381166288;1152545;;PATRICIA DA SILVA RODRIGUES;PATRICIA DA SILVA RODRIGUES;06992110737;CURITIBA;;CENTRO;0613;RO;Brasil;78954000;
02625;PF;98473204204;00001086458;;OROTILDE DE OLIVEIRA LEITE;OROTILDE DE OLIVEIRA LEITE;;LINHA 24 KM31 LT24 GB12E;;ZONA RURAL;0613;RO;Brasil;76928000;OBS: ATUALIZAR CADASTRO LAVRADORA
02609;PF;02476891223;1269270;;JENIFFER MALFER DE SOUZA;JENIFFER MALFER DE SOUZA;;AVENIDA AFONSO PENA;;CENTRO;0613;RO;Brasil;76928000;
02647;PF;02438220228;1277035;;FLAVIO GOMES SUPRIANO;FLAVIO GOMES SUPRIANO;;VO LUIZA, N;;CENTRO;0613;RO;Brasil;76928000;OBS: ATUALIZAR CADASTRO
02604;;;;;KETELEN TEREZINHA STEFFEN TEIXEIRA;KETELEN TEREZINHA STEFFEN TEIXEIRA;0699212891;RODOVIA 31/ KM.16;;ZONA RURAL;0613;RO;Brasil;76928000;[CIVIL=CASADO(A)] VENDEDORA
02614;PF;00478518218;209315001;;JULIANA GOMES SANTIAGO DE ARAUJO;JULIANA GOMES SANTIAGO DE ARAUJO;;RODOVIA 4 KM37 GB12E LT34;;ZONA RURAL;0613;RO;Brasil;76928000;OBS: ATUALIZAR CADASTRO LAVRADORA
02610;PF;59262044291;542091;;ESTER CUZZUOL;ESTER CUZZUOL;092227671;DUQUE DE CAIXIAS N;;CENTRO;0613;RO;Brasil;76928000;[CIVIL=DIVORCIADO] [OBS=LOJAS UMUARAMA/JC PARAIBANA/INFANTIL MODAS] OBS: ATUALIZAR CADASTRO PROFESSORA
02642;PF;75991462615;12103452;;EUDES LUIZ ALVES;EUDES LUIZ ALVES;034651002;RUA TANCREDO NEVES N;;CENTRO;0613;RO;Brasil;78954000;OBS: ATUALIZAR CADASTRO
02645;PF;01802668292;000641072;;EUDILENE APARECIDA DA SILVA;EUDILENE APARECIDA DA SILVA;09248706;AVENIDA AFONSO PENA N;;CENTRO;0613;RO;Brasil;78954000;[CIVIL=DIVORCIADO] [OBS=MADA MODAS/ TEIXEIRA CONFECCOES/FORMIGAO PAULISTA] [OBS=ATRASOS] DOMESTICA
02619;PF;45678243268;000944951;;MILTON NASCIMENTO DE SANTANA;MILTON NASCIMENTO DE SANTANA;;LUIS BORGES;;CENTRO;0613;RO;Brasil;78954000;OBS: ATUALIZAR CADASTRO APOSENTADO
02621;PF;28378920259;381506;;OLINDA ARAUJO DE OLIVEIRA;OLINDA ARAUJO DE OLIVEIRA;06992187412;RODOVIA 31/ KM.16/ GB.08-B/ LT.31;;ZONA RURAL;0613;RO;Brasil;76928000;[CIVIL=VIUVO(A)] [OBS=3 IRMAOS, JP] OBS: ATUALIZAR CADASTRO
02635;PF;66943680200;392315361;;KATIUSCE MICAI MONTARANI;KATIUSCE MICAI MONTARANI;092480986;PAULISTA;;CENTRO;0613;RO;Brasil;76928000;OBS: ATUALIZAR CADASTRO COMERCIANTE
02628;PF;50186094604;1096785;;JOSIAS DE OLIVEIRA LEITE;JOSIAS DE OLIVEIRA LEITE;6992926701;RODOVIA LINHA TN 2 LOTE 488 GLEBA 01;;ZONA RURAL;9653;RO;Brasil;76929000;OBS: ATUALIZAR CADASTRO
02622;PF;99318636253;1006964;;MICHELE SANTANA DE SOUZA;MICHELE SANTANA DE SOUZA;06992788483;RODOVIA 16/KM.31/LT.21/GB.12-C;;ZONA RURAL;0613;RO;Brasil;76928000;OBS: ATUALIZAR CADASTRO
02615;PF;56001916268;631610;;EDIRSO GOMES CHAGAS;EDIRSO GOMES CHAGAS;093094384;VICTOR;;CENTRO;0613;RO;Brasil;76928000;OBS: ATUALIZAR CADASTRO LAVRADOR
02606;PF;82927243204;000879067;;MARCOS ANTONIO DE SOUZA;MARCOS ANTONIO DE SOUZA;092853444;CHAVIER;;CENTRO;0613;RO;Brasil;76928000;OBS: ATUALIZAR CADASTRO MOTORISTA
02616;PF;01962018296;1192051;;THAIS DA SILVA AMORIM;TAHAIS DA SILVA AMORIM;092713529;RODOVIA 1 KM20 LT16 GB12D;;ZONA RURAL;0613;RO;Brasil;78954000;[CIVIL=UNIAO ESTAVEL] [OBS=DIGITAL MODAS/3534-3336] [OBS=SPC/SPCA-SILMARA] SORVETERIA DO NETO
02626;PF;29018439215;296050;;MARIA DE LURDES;MARIA DE LURDES;;RODOVIA TN6/ KM.12;;ZONA RURAL;0613;RO;Brasil;76928000;[CIVIL=CASADO(A)] [OBS=SPC/SCPC-SILMARA] APOSENTADA
02646;PF;35060930297;443209;;EDVALDO BABILON DA SILVA;EDVALDO BABILON DA SILVA;;RODOVIA 28 KM31 GB12E LT 34;;ZONA RURAL;0613;RO;Brasil;76928000;OBS: ATUALIZAR CADASTRO AGRICULTOR
02627;PF;06758603695;13999930;;GENIVALDO GERONIMO DE ABREU;GENIVALDO GERONIMO DE ABREU;093082595;SAO CURITIBA;;CENTRO;0613;RO;Brasil;76928000;[CIVIL=SOLTEIRO(A)] [OBS=SCPC/SPC-SILMARA] SERVICO GERAIS
02608;PF;02272378200;1198255;;MANDRES DE OLIVEIRA DAMASCENO DA SILVA;MANDRES DE OLIVEIRA DAMASCENO DA SILVA;099592617;RODOVIA 4 KM22 GB04 LT06 E 07;;ZONA RURAL;0613;RO;Brasil;76928000;OBS: ATUALIZAR CADASTRO LAVRADORA
02648;PF;02264378255;1198088;;ANGELICA ROSA DA SILVA;ANGELICA ROSA DA SILVA;092138197;RODOVIA 31/ KM.20/ GB.12-D/ LT.17;;ZONA RURAL;0613;RO;Brasil;76928000;OBS: ATUALIZAR CADASTRO
02629;PF;02450217282;1252485;;ISAIAS TEXEIRA JUNIOR;ISAIAS TEXEIRA JUNIOR;092552951;RODOVIA 0 KM31 GB12D;;ZONA RURAL;0613;RO;Brasil;76928000;[CIVIL=SOLTEIRO(A)] [OBS=O PAI QUITOU A CONTA E PEDIU CANCELAMENTO] LAVRADOR
02639;PF;97486531291;100871001;;ELISANGELA NEVES DA SILVA;ELISANGELA NEVES DA SILVA;093680864;RODOVIA 31 KM 24 LT36 GB08D;;ZONA RURAL;0613;RO;Brasil;76928000;[CIVIL=CASADO(A)] DO LAR
02607;PF;11409110664;;;JONATHAN ALMEIDA ROSA;JONATHAN ALMEIDA ROSA;093058842;RODOVIA TN6/ KM.31/ GB.01/ REF: ASSOCIAC;;ZONA RURAL;9653;RO;Brasil;76929000;OBSERVACAO ATUALIZAR CADASTRO AGRICULTOR
02638;PF;00133573281;1171645;;NADIA MATOS PEREIRA NUNES;NADIA MATOS PEREIRA NUNES;6992427015;OLAVO PIRES;;CENTRO;9653;RO;Brasil;76929000;CANCELADO MOTIVO DE ATRASO.. NASMARON VENDEDORA
02611;PJ;77941490010118;00000001182102;;GAZIN;GAZIN-IND. E COM. DE MOVEIS E ELETROD. L;;AVENIDA ITAUBA S/N L02, QUADRA;;CENTRO;6564;RO;Brasil;76980000;
02643;PJ;63787097000144;;;PREFEITURA MUNICIPAL DE URUPA;PREFEITURA MUNICIPAL DE URUPA;;GOVERNADOR JORGE TEIXEIRA;;ALTO ALEGRE;9653;RO;Brasil;78955000;
02600;PF;95717668287;1029235;;RAFAEL OLIVEIRA DA SILVA;RAFAEL OLIVEIRA DA SILVA;;RUA VO LUIZA;;CENTRO;0613;RO;Brasil;76928000;OBSERVACAO ATUALIZAR CADASTRO.
02565;PF;00262881250;1194783;;ELAINE OLIVEIRA DA SILVA;ELAINE OLIVEIRA DA SILVA;092598639;RUA NOVA ESPERANCA;;CENTRO;0613;RO;Brasil;76928000;[CIVIL=CASADO(A)] ACADEMICO
02595;PF;80258000244;697913;;LEILIANE AMBROSIO DE OLIVEIRA SILVA;LEILIANE AMBROSIO DE OLIVEIRA SILVA;993554995;RUA DUQUE DE CACHIAS;;CENTRO;0613;RO;Brasil;78954000;ATUALIZAR CADASTRO. TRAB. RURAL
02558;PF;00881328200;1094588;;MARCELO CLAUDINO DE FREITAS;MARCELO CLAUDINO DE FREITAS;6992423258;RODOVIA TN10 LT426 GB01;;ZONA RURAL;9653;RO;Brasil;76929000;
02588;PF;73099953253;000977877;;NEUZA BARBOSA DOS SANTOS ARAUJO;NEUZA BARBOSA DOS SANTOS ARAUJO;092767718;TRANQUEDO NEVES;;CENTRO;0613;RO;Brasil;76928000;[CIVIL=CASADO(A)]
02575;PF;01660413273;1215248;;RENAN DAMACENO MEIRELES;RENAN DAMACENO MEIRELES;0021318377;RUA DUQUE DE CAXIAS N;;CENTRO;0613;RO;Brasil;78954000;CANCELADO MOTIVO DE ATRASO. QUANDO EFETUOU O PAGAMENTO ESTAVA NEGATIVADO NO SERASA.
02602;PF;16256972287;62752955;;WILSON GARCIA FERNANDES;WILSON GARCIA FERNANDES;;TEMISTOCLES CHAVIER BARBOSA;;CENTRO;0613;RO;Brasil;76928000;OBS: ATUALIZAR CADSTRO BENEFICIADO
02599;PF;02300488205;1251874;;ROBERT COSTA VIANA;ROBERT COSTA VIANA;034651055;JORGE TEIXEIRA, N;;CENTRO;0613;RO;Brasil;76928000;FICHA BLOQUEADA PELOS PROPRIOS CLIENTES. (NAO PASSAR COMPRAS SEM AUTORIZACAO) OBS: ATUALIZAR CADASTRO VENDENDOR
02559;PF;89063260253;814940;;DANILO AMORIM HERINGER;DANILO AMORIM HERINGER;6934613310;HERINGER S/N;;CENTRO;6552;RO;Brasil;76920000;[CIVIL=SOLTEIRO(A)]
02587;PF;00384980228;1150163;;EDERSON DE OLIVEIRA VAZ;EDERSON DE OLIVEIRA VAZ;093161683;AVENIDA AFONSO PENA N;;CENTRO;0613;RO;Brasil;78954000;[CIVIL=UNIAO ESTAVEL] VENDEDOR
02564;PF;53806271291;1178077;;RONALDO SANTOS COSTA;RONALDO SANTOS COSTA;6292013936;GONCALVES DIAS N;;JARDIM PRESIDENCIAL;6547;RO;Brasil;76908022;OBSERVACAO ATUALIZAR CADASTRO. VENDEDOR
02566;PF;01334856257;00001100689;;ELIZEU COSTA DE SOUZA;ELIZEU COSTA DE SOZA;6992290763;RODOVIA 08 KM.22 LT.17 GB.08-A;;ZONA RURAL;6552;RO;Brasil;76920000;OBS: ATUALIZAR CADASTRO AUXILIAR DE PRODUCAO
02560;PF;00881746207;281117;;MARIA DAS GRACAS GONCALVES - LH - 32;MARIA DAS GRACAS GONCALVES- LH - 32;6992169231;RODOVIA 31/KM.32/LT.50/GB.12-E;;ZONA RURAL;0613;RO;Brasil;76928000;OBS: ATUALIZAR CADASTRO LAVRADORA
02590;PF;76851915200;;;OSVALDO DA SILVA;OSVALDO DA SILVA;092159546;RODOVIA 28/ KM.37/;;ZONA RURAL;0613;RO;Brasil;76928000;NAO AUTORIZA NINGUEM.. OBS: ATUALIZAR CADASTRO LAVRADOR
02561;PF;65264215715;1427830;;JURANDIR VIEIRA DA SILVA;JURANDIR VIEIRA DA SILVA;6992804214;"NOVA ESPERANCA S;N";;CENTRO;0613;RO;Brasil;76928000;OBS: ATUALIZAR CADASTRO
02584;PF;31208860259;251908;;PAULO HENRIQUE DE OLIVEIRA;PAULO HENRIQUE DE OLIVEIRA;6992551125;RODOVIA 31/KM.28/GB.12-F/LT.41;;ZONA RURAL;0613;RO;Brasil;76928000;OBS: ATUALIZAR CADASTRO
02585;PF;70088500268;1232487;;JOSE LARA;JOSE LARA;;RODOVIA 24/KM.37;;ZONA RURAL;0613;RO;Brasil;76928000;[CIVIL=SOLTEIRO(A)]
02601;PF;12518263772;564405;;DANIEL LOURENCO;DANIEL LOURENCO;;TEMISTOCLES;;CENTRO;0613;RO;Brasil;76928000;OBSERVACAO ATUALIZAR CADASTRO APOSENTADO
02562;PF;00524596247;00001084872;;FREDSON ROCHA NEGRINE;FREDSON ROCHA NEGRINE;6992442086;RODOVIA 31/KM.24/GB.12-D/LT.26;;ZONA RURAL;0613;RO;Brasil;78954000;OBSERVACAO ATUALIZAR CADASTRO
02572;PF;00502797266;1074692;;FRANCIELI DO CARMO SANTIAGO;FRANCIELI DO CARMO SANTIAGO;6993058927;RODOVIA 1 KM16 GB08C LT05;;ZONA RURAL;0613;RO;Brasil;76928000;[CIVIL=CASADO(A)] CANCELADO MOTIVO DE ATRASO. ( CANCELAMENTO PEDIDO PELA MAE)
02603;;;1063075;;JOSE ROBERTO DA CUNHA;JOSE ROBERTO DA CUNHA;092274953;RODOVIA 31/ KM.24/ GB.08-E/ LT.02;;ZONA RURAL;0613;RO;Brasil;76928000;[CIVIL=UNIAO ESTAVEL] [OBS=FALECEU, POR ESSE MOTIVO TEVE SEUS TITULOS EXCLUIDOS ] LAVRADOR
02563;PF;61499722249;619515;;SILVANI CANDIDO DA SILVA;SILVANI CANDIDO DA SILVA;;LUIS BORGES;;CENTRO;0613;RO;Brasil;78954000;OBSERVACAO ATUALIZAR CADASTRO.
02574;PF;01401706266;1166585;;ROSANE TEIXEIRA BATISTA;ROSANE TEIXEIRA BATISTA;092045538;RODOVIA 2 KM16 GB08C LT18;;ZONA RURAL;0613;RO;Brasil;76928000;[CIVIL=SOLTEIRO(A)] [OBS=MARVIT/TEIXEIRA CONFECCOES] LAVRADORA
02596;PF;03038914240;1310235;;LEIDIANE EDUARDO DE JESUS;LEIDIANE EDUARDO DE JESUS;092506457;AFONSO PENA;;CENTRO;0613;RO;Brasil;76928000;OBSERVACAO ATUALIZAR CADASTRO
02567;PF;02444004230;1256972;;MARCIANO ALVES RODRIGUES;MARCIANO ALVES RODRIGUES;6992615810;LUIS BORGES;;CENTRO;0613;RO;Brasil;78954000;OBS: ATUALIZAR CADASTRO SERVICO GERAL
02597;PF;00791098290;1310226;;DAIANE EDUARDO DE JESUS;DAIANE EDUARDO DE JESUS;093337041;AFONSO PENA;;CENTRO;0613;RO;Brasil;76928000;OBSERVACAO ATUALIZAR CADASTRO
02569;PF;01576522202;1178067;;PANHAMALLA LORRANI DE SOUZA ARIMATEIA;PANHAMALLA LORRANI DE SOUZA ARIMATEIA;6992712969;RUA VO LUIZA;;CENTRO;0613;RO;Brasil;78954000;CANCELADA POR MOTIVO DE ATRASO.
02589;PF;01953932282;1224500;;ALOINA DA SILVA;ALOINA DA SILVA;06992916204;RODOVIA 31/ KM.16/ LT.34/ GB.08-B;;ZONA RURAL;0613;RO;Brasil;76928000;[CIVIL=UNIAO ESTAVEL] [OBS=FARMA REUZ, OPO - 3 COQUEIROS] [OBS=ADVOGADA-CANCELAR APOS PAGAMENTO] LAVRADORA
02573;PF;58126813253;568460;;GENESY MARQUES XAVIER;GENESY MARQUES XAVIER;6999315209;RODOVIA 20 KM09 GB04D LT09;;ZONA RURAL;6547;RO;Brasil;78960000;OB: ATUALIZAR CADASTRO LAVRADOR
02598;;;;;ELIZANIA OLIVEIRA CONCEICAO DE CASTRO;ELIZANIA OLIVEIRA CONCEICAO DE CASTRO;06992593019;;;BAIRRO DAS ROSAS;0001;RO;Brasil;78960000;OBS: ATUALIZAR CADASTRO
02586;PJ;03959082000194;254077064;;ONDA FEDERAL;FAMA TEXTIL LTDA;;ITAPEMA N;;RIO MORTO;7674;SC;Brasil;89130000;
02592;PJ;72428964000146;252703090;;LIA LINE;IND E COM DE CALCADOS IRMAOS SOARES LTDA;;DOS IMIGRANTES N;;CENTRO;0001;SC;Brasil;88280000;
02591;PJ;61088894002402;161122604;;PENALTY;CAMBUCI SA-PB15;;AVENIDA LIBERDADE N;;CENTRO;4454;PB;Brasil;58305003;
02554;PF;84662220220;001053429;;GELSON LUIZ DUARTE;GELSON LUIZ DUARTE;6992257603;RODOVIA 2 KM40 GB12G LT30;;ZONA RURAL;0613;RO;Brasil;76928000;[CIVIL=CASADO(A)] [OBS=CICLO HONDA/AGRO CAMPO/MOVEIS OLIVEIRA] OBS: ATUALIZAR CADASTRO LAVRADOR
02529;PF;05812491860;961454;;EDNA AUGUSTA DA SILVA MENDES;EDNA AUGUSTA DA SILVA MENDES;;AVENIDA MARECHAL RONDON;FUNDOS;LIBERDADE;6552;RO;Brasil;76920000;
02535;PF;82107467234;853276;;ELIANA ALVES SIQUEIRA MAIA AMORIM;ELIANA ALVES SIQUEIRA MAIA AMORIM;;LINHA TN6 LT.348 GB.01;;ZONA RURAL;9653;RO;Brasil;76929000;OBS: ATUALIZAR CADASTRO
02544;PF;00139518231;00001003847;;TELESMARQUES LOURENCO PEZZIN;TELESMARQUES LOURENCO PEZZIN;092563726;TRANQUEDO NEVES;;CENTRO;0613;RO;Brasil;76928000;OBSERVACAO ATUALIZAR CADASTRO. AJUDANTE DE PEDREIRO
02553;PF;05428956682;10646470;;WERLANE CAMPOS DA SILVA;WERLANE CAMPOS DA SILVA;092999302;LUIS BORGES N;;CENTRO;0613;RO;Brasil;78954000;OBS: ATUALIZAR CADASTRO CABELELEIRA
02531;PF;01102285293;1263432;;GESIELY LACERDA NEGRINI;ZIZI;6992867188;RUA LUIZ BORGES N;;CENTRO;0613;RO;Brasil;78954000;OBSERVACAO ATUALIZAR CADASTRO
02532;PF;01182434207;1178046;;GEAN CARLOS SANTANA DA SILVA;GEAN CARLOS SANTANA DA SILVA;6992932521;AVENIDA AFONSO PENA N;;CENTRO;0613;RO;Brasil;78954000;OBSERVACAO ATUALIZAR CADASTRO
02542;PF;02967212202;1301131;;JACQUELINE LOPES DE SOUZA;JACQUELINE LOPES DE SOUZA;6992848187;ADILIO FERREIRA;;CENTRO;0613;RO;Brasil;78954000;[CIVIL=SOLTEIRO(A)] [OBS=SCPC/SPC-SILMARA] COZINHEIRA
02534;PF;39606716287;2159474;;MARCELO CEZAR;MARCELO CEZAR;6992729529;BELMIRO ARAUJO N;;CENTRO;0613;RO;Brasil;78954000;CANCELADO MOTIVO DE ATRASO. NASMARON
02547;PF;85217280263;883838;;JESSE SILVA TRINDADE;JESSE SILVA TRINDADE;6992457629;ALMIRANTE BARROSO N;;CENTRO;0613;RO;Brasil;78954000;OBSERVACAO ATUALIZAR CADASTRO ASSISTENTE ADIMINISTRATIVO
02526;;;;;SIVEST VIAGENS E TURISMO;SIVEST VIAGENS E TURISMO;4430278367;PR 317 - KM 06 - N 5693 - LOJA;;BAIRRO DAS ROSAS;5635;PR;Brasil;87065903;[OBS=TELEFONE IRMAO ADILTON REPRESENTANTE: (44) 9870-0283 - TIM ]
02525;PF;02226503200;1267034;;JOSENIR RODRIGUES RAMIREZ JUNIOR;JOSENIR RODRIGUES RAMIREZ JUNIOR;092994719;AVENIDA AFONSO PENA // IDEAL SUPERMERCAD;;CENTRO;0613;RO;Brasil;76928000;[CIVIL=SOLTEIRO(A)] [OBS=ADVOGADA]
02533;PF;77480678215;000798652;;VALERIA NOCERA;VALERIA NOCERA;6993001228;RODOVIA 20 KM.22 G.04-C LT.29;;ZONA RURAL;0613;RO;Brasil;76928000;[CIVIL=SOLTEIRO(A)]
02543;PF;00624031250;1171103;;JESSICA TAINE PEREIRA DA SILVA;JESSICA TAINE PEREIRA DA SILVA;6992974698;SAO CURITIBA;;CENTRO;0613;RO;Brasil;76928000;CANCELADO POR MOTIVO DE ATRASO. COBRANCA ANDRADE E BASTOS
02556;PF;27254470200;832833;;ANA IZABEL DE OLIVEIRA;ANA IZABEL DE OLIVEIRA;;RODOVIA 28 KM31 LT61 GB12F;;ZONA RURAL;0613;RO;Brasil;76928000;OBS: ATUALIZAR CADASTRO APOSENTADA
02527;PF;97877778287;1004688;;WELINGTON CUSTODIO DE ARAUJO;WELINGTON CUSTODIO DE ARAUJO;092195276;RODOVIA 24 KM.37 LT.16 GB.12-E;;ZONA RURAL;0613;RO;Brasil;76928000;OBS: ATUALIZAR CADASTRO
02518;PF;66228310259;000759087;;ELISETE DO NASCIMENTO LIMA;ELISETE DO NASCIMENTO LIMA;6992655526;RODOVIA 31 KM.28 GB.12-E LT.34;;ZONA RURAL;0613;RO;Brasil;76928000;OBS: ATUALIZAR CADASTRO
02539;PF;01048042200;1218094;;TATIANE DO AMARAL ALENCAR RAMIREZ;TATIANE DO AMARAL ALENCAR RAMIREZ;092211560;AVENIDA AFONSO PENA //IDEAL SUPERMERCADO;;CENTRO;0613;RO;Brasil;76928000;CANCELADO POR MOTIVO DE ATRASO
02520;PF;99613352287;00001015953;;CHARLES APARECIDO GATI;CHARLES APARECIDO GATI;6981435644;RODOVIA 1 KM12 GB08A LT30;;ZONA RURAL;6552;RO;Brasil;76920000;[CIVIL=CASADO(A)] [OBS=CASA NOVA/AGRO CAMPO/AUTO POSTO GLOBAL] OBS: ATUALIZAR CADASTRO PECUARISTA
02551;PF;40933130244;416970;;JOEL SELI FELISBERTO GONCALVES;JOEL SELI FELISBERTO GONCALES;6992450579;RODOVIA 31 KM32 GB12G LT42;;ZONA RURAL;0613;RO;Brasil;76928000;OBSERVACAO ATUALIZAR CADASTRO LAVRADOR
02555;PF;48574600253;607178;;ADELINA VIEIRA CHAGAS;ADELINA VIEIRA CHAGAS;6992180736;RUA VO LUIZA;;CENTRO;0613;RO;Brasil;78954000;OBS: ATUALIZAR CADASTRO
02536;PF;90418875200;758299;;MARIA HELENA DA COSTA SANTOS;MARIA HELENA DA COSTA SANTOS;6999677401;RODOVIA 31/ KM. 12/ LT. 08/ GB - 08 -B;;ZONA RURAL;0613;RO;Brasil;76928000;OBSERVACAO ATUALIZAR CADASTRO LAVRADORA
02517;PF;82814880187;11509260;;CLAUDECI MARTINS FERREIRA;CLAUDECI MARTINS FERREIRA;6999652156;RODOVIA 0 KM09 LT 07 GB4D;;ZONA RURAL;0613;RO;Brasil;76928000;OBS: ATUALIZAR CADASTRO LAVRADORA
02537;PF;53085159215;000897309;;ANDRE LUIZ DA SILVA** LH.31;ANDRE LUIZ DA SILVA;6992842770;RODOVIA 31 KM.32 LT.60 GB.12-F;;ZONA RURAL;0613;RO;Brasil;76928000;OBSERVACAO ATUALIZAR CADASTRO.
02528;PF;94697230230;986067;;ANETE ALMEIDA CRUZ NETA;ANETE ALMEIDA CRUZ NETA;6992845952;RODOVIA 16 KM.31 GB.08-B LT.34;;ZONA RURAL;0613;RO;Brasil;76928000;[CIVIL=CASADO(A)] [OBS=ADVOGADA]
02549;PF;01481027271;1172186;;MARCIANA ROBERTO RODRIGUES DE OLIVEIRA;MARCIANA ROBERTO RODRIGUES DE OLIVEIRA;6992620706;AFONSO PENA;;CENTRO;0613;RO;Brasil;76928000;OBS: ATUALIZAR CADASTRO VENDEDORA
02530;PF;78877938234;906489;;OTILIA MARIA DE SOUZA VIEIRA;OTILIA MARIA DE SOUZA VIEIRA;6992519613;RODOVIA TN28 LT.10 GB.01;;ZONA RURAL;9653;RO;Brasil;76929000;OBSERVACAO ATUALIZAR CADASTRO.
02538;PF;87373424287;000914780;;LIDIANE DE MELO FARIA;LIDIANE DE MELO FARIA;099748053;RODOVIA 20 KM.09 AO LADO DA IGREJA SAO P;;ZONA RURAL;6547;RO;Brasil;78960000;OBS: ATUALIZAR CADASTRO LAVRADORA
02541;;;;;JOAO TELLES;JOAO TELLES;;;;BAIRRO DAS ROSAS;0001;RO;Brasil;78960000;OBSERVACAO ATUALIZAR CADASTRO
02521;PF;72726776272;758471;;IVANILDO DOS SANTOS FERREIRA;IVANILDO DOS SANTOS FERREIRA;6992687109;RODOVIA TN-06 / LT. 403 / GB. 01;;ZONA RURAL;0613;RO;Brasil;76928000;[CIVIL=CASADO(A)] LAVRADOR
02548;PF;01474750230;00001083661;;UENDER SOUZA DA SILVA;UENDER SOUZA DA SILVA;6992599646;BELMIRO ARAUJO N;;CENTRO;0613;RO;Brasil;78954000;
02550;PJ;88379771003017;1310088737;;CALCADOS BEIRA RIO;CALCADOS BEIRA RIO S. A.;;CRUZEIRO DO SUL;;INDUSTRIAL;7368;RS;Brasil;93800000;
02540;PJ;02292655000106;131795031;;COLCHOES ORTOBOM;IND COM ESPUMAS E COLCHOES CUIABA LTDA;;AVENIDA 31 DE MARCO;;UNIPARQUE;4147;MT;Brasil;78120000;
02500;PF;00766797210;00001083795;;DEUZINETE PEREIRA DOS SANTOS;DEUZINETE PEREIRA DOS SANTOS;;RUA LUIZ BORGES;CASA;CENTRO;0613;RO;Brasil;76928000;
02510;PF;02975830262;00001084884;;ONOFRE RAMOS DA CRUZ;ONOFRE RAMOS DA CRUZ;;LINHA 28 KM31 GB12F LT48;CASA;ZONA RURAL;0613;RO;Brasil;76928000;
02511;PF;77468562253;000829258;;GERUZA DO CARMO CAMARGO;GERUZA DO CARMO CAMARGO;092363091;RODOVIA AVENIDA AFONSO PENA;;NOVO OURO PRETO;0613;RO;Brasil;76928000;[CIVIL=UNIAO ESTAVEL] DO LAR
02481;PF;81238975291;000966999;;LUCIA MARQUES DA SILVA;LUCIA MARQUES DA SILVA;6992580356;RUA JOSE OPERARIO;;CENTRO;0613;RO;Brasil;76928000;OBS: ATUALIZAR CADASTRO
02484;PF;90920333249;000949459;;ANDRE NELSON ROSA;ANDRE NELSON ROSA;092417424;SANTOS DUMON;;CENTRO;0613;RO;Brasil;76928000;LIMITE DE COMPRAS R$800,00
02516;PF;00766795276;00001085062;;EMERSON ROSA PINTO;EMERSON ROSA PINTO;;RODOVIA 16 KM22 GB08B LT23;;ZONA RURAL;0613;RO;Brasil;76928000;OBS: ATUALIZAR CADASTRO LAVRADOR
02507;PF;79050875220;843985;;ARLEUDA DE ARAUJO OLIVEIRA;ARLEUDA DE ARAUJO OLIVEIRA;6992516743;RUA MONTE CASTELO;CASA;SETOR 6;0613;RO;Brasil;76928000;
02488;PF;63186357268;673882;;VALDILENE APOLINARIA DE SOUZA MENDONCA;VALDILENE APOLINARIA DE SOUZA MENDONCA;69993933092;RODOVIA 31/KM.28/LT.35/GB.12-E;;ZONA RURAL;0613;RO;Brasil;78954000;
02513;PF;01243298294;1247528;;ALEXANDRE VIANA OLIVEIRA;ALEXANDRE VIANA DE OLIVEIRA;093101494;DUMONN S/N;;CENTRO;0613;RO;Brasil;76928000;[CIVIL=SOLTEIRO(A)] [OBS=ADVOGADA] SERVICO GERAIS
02506;PF;96061197268;1061093;;ROBSON VIEIRA BRAGA;ROBSON VIEIRA BRAGA;6934613207;PRESIDENTE MEDICE;;NOVO HORIZONTE;6552;RO;Brasil;76927000;OBSERVACAO ATUALIZAR CADASTRO. COBRADOR
02495;PF;35125780200;216231126;;LICEIA ARAUJO;LICEIA ARAUJO;6992905220;RUA DUQUE DE CAXIAS N;;CENTRO;0613;RO;Brasil;78954000;[CIVIL=VIUVO(A)]
02487;PF;86527770200;424512;;KELLI CRISTINA DE SOUZA;KELLI CRISTINA DE SOUZA;0;RUA OSVALDO CRUZ N;;CENTRO;0613;RO;Brasil;78954000;OBS: ATUALIZAR CADASTRO
02505;PF;00312549261;1195050;;LUCIANA ANGELO;LUCIANA ANGELO;6992665563;SANTOS DUMON;;CENTRO;0613;RO;Brasil;76928000;OBSERVACAO ATUALIZAR CADASTRO DO LAR
02477;PF;00913796280;00001109463;;GESSIENE SPADETTO RODRIGUES;GESSIENE SPADETTO RODRIGUES;092436683;AFONSO PENA;;CENTRO;0613;RO;Brasil;76928000;OBS: ATUALIZAR CADASTRO
02501;PF;81554443253;000869899;;SIRLENE ANTUNES DOS SANTOS;SIRLENE ANTUNES DOS SANTOS;6992519626;RUA ALAIDES ALCANTARA;;CENTRO;0613;RO;Brasil;78954000;OBSERVACAO ATUALIZAR CADASTRO.
02512;PF;34835601220;3491986;;JUVERCINO SANTIAGO DA SILVA;JUVERCINO SANTIAGO DA SILVA;6999558952;RODOVIA 4 KM31 LT 29A-3 GB4D;;ZONA RURAL;0613;RO;Brasil;76928000;[CIVIL=CASADO(A)] [OBS=CICLO HONDA/AGRO CAMPO/BOA SAFRA JI-PARANA] LAVRADOR
02493;PF;96544066249;001000510;;FRANCILENE NOGUEIRA PIMENTEL PEREIRA;FRANCILENE NOGUEIRA PIMENTEL PEREIRA;6993234613;CHAVIER BARBOSA;;CENTRO;0613;RO;Brasil;76928000;[CIVIL=CASADO(A)]
02496;PF;74187031200;44353725;;MARISA BRANDAO CARDOSO;MARISA BRANDAO CARDOSO;6992481782;AFONSO PENA;;CENTRO;0613;RO;Brasil;76928000;OBS: ATUALIZAR CADASTRO
02508;PF;71108688268;1207952;;GILZELI FAMBRI;GILZELI FAMBRI;0810850243;RODOVIA 4 KM37 LT12 GB12E;;ZONA RURAL;0613;RO;Brasil;76928000;[CIVIL=CASADO(A)] LAVRADORA
02498;PF;00838244211;000509554;;JUANILSON SILVA SANTOS;JUANILSON SILVA SANTOS;;RODOVIA 0 KM31 GB12C LT31;;ZONA RURAL;0613;RO;Brasil;76928000;OBS: ATUALIZAR CADASTRO LAVRADOR
02514;PF;58143718204;554289;;JOSE PEREIRA DE ALMEIDA;JOSE PEREIRA DE ALMEIDA;6999861921;RODOVIA 2 KM31 GB08 A LT29;;ZONA RURAL;6552;RO;Brasil;76920000;OBSERVACAO ATUALIZAR CADASTRO LAVRADOR
02480;PF;01756685231;1224199;;FELIPE MOREIRA DE PAIVA;FELIPE MOREIRA DE PAIVA;;RODOVIA 1 KM28 GB8E LT23;;ZONA RURAL;0613;RO;Brasil;76928000;CANELADO MOTIVO DE ATRASO. COBRADOR NASMARON LAVRADOR
02491;PF;79907792268;333648;;RAIMUNDO APARECIDO PEREIRA DOS SANTOS;RAIMUNDO APARECIDO PEREIRA DOS SANTOS;6993097815;NOVA ESPERANCA;;CENTRO;0613;RO;Brasil;76928000;[CIVIL=SOLTEIRO(A)] [OBS=FARMA REUZ/ELETRO MASTER] ORTALICA
02502;PF;01465972226;1253737;;TATIANE ELOY SANTOS;TATIANE ELOY SANTOS;6992565357;RODOVIA 4 KM31 LT22;;ZONA RURAL;0613;RO;Brasil;76928000;OBSERVACAO ATUALIZAR CADASTRO. SERVICO GERAIS
02503;PF;00531051765;577417;;SEBASTIAO FARIA MOREIRA;SEBASTIAO FARIA MOREIRA;6992483754;RODOVIA 37/ KM.28/ LT.37/ GB.12-F;;ZONA RURAL;0613;RO;Brasil;76928000;OBSERVACAO ATUALIZAR CADASTRO.
02497;PF;91407494287;000972515;;JULIANO MARTINS DOS SANTOS;JULIANO MARTINS DOS SANTOS;092753041;RODOVIA 31/ KM.20/ LT.22/ GB.12-C/ MUDO;;ZONA RURAL;0613;RO;Brasil;76928000;[CIVIL=CASADO(A)] [OBS=SPC-SPCA-SILMARA]
02478;PF;00199989290;1203707;;ALEANDRO RODRIGUES PEGO;ALEANDRO RODRIGUES PEGO;6992771571;RODOVIA 0 KM 37 GB12D LT12D;;ZONA RURAL;0613;RO;Brasil;76928000;"OBS; ATUALIZAR CADASTRO GERVICO GERAL"
02490;PF;00731096223;00001084874;;RENATO LUCIO DA COSTA;RENATO LUCIO DA COSTA;6992659111;RODOVIA TN02 KM10 LT561 GB01;;ZONA RURAL;9653;RO;Brasil;76929000;OBSERVACAO ATUALIZAR CADASTRO. AGRICULTOR
02504;PF;00487094255;36345157;;ROSILANE DA SILVA FERREIRA;ROSILANE DA SILVA FERREIRA;6992542193;"RODOVIA TN10; LT.410; GB.01";;ZONA RURAL;9653;RO;Brasil;76929000;OBS: ATUALIZAR CADATRO
02509;PF;94603677200;001036609;;JAQUELINE SANTOS ANDRADE;JAQUELINE SANTOS ANDRADE;6992696581;"RODOVIA TN10; LT.284 GB01";;ZONA RURAL;9653;RO;Brasil;76929000;OBSERVACAO ATUALIZAR CADASTRO
02476;PF;76581004200;000813027;;GLEICIANE JUSTINO SILVEIRA;GLEICIANE JUSTINO SILVEIRA;6992221224;JOSE MILTON;;NOVO URUPA;6547;RO;Brasil;78960000;OBSERVACAO ATUALIZAR CADASTRO AUXILIAR DE PRODUCAO
02499;PJ;88104328000107;2940000640;;CALCADOS RAMARIM;CALCADOS RAMARIM LTDA;;ANGRA DOS REIS;;CENTRO;7148;RS;Brasil;93890000;
02515;PJ;00677808000108;;;APP ARARAS P M E - ESTADUAL;APP ARARAS P M E - ESTADUAL;;SERINGUEIRA;;SUMAUMA;9653;RO;Brasil;76929000;
02460;PF;01942909217;1200593;;THAYLA LETRUCE AUGUSTA DE NOVAIS;THAYLA LETRUCE AUGUSTA DE NOVAIS;6992954601;LH 32 KM 31 LOTE 44- A GL 12-F;;ZONA RURAL;0613;RO;Brasil;76928000;OBS: ATUALIZAR CADASTRO
02453;PF;94054622291;001052048;;CRISTINA HERMOGENES;CRISTINA HERMOGENES;69992146102;LINHA 24 KM 37 LOTE 21 GL 12E;;ZONA RURAL;0613;RO;Brasil;76928000;[CIVIL=SOLTEIRO(A)] [OBS=CASA NOVA/DINIZ SUPERMERCADO/ DROGARIA TEIXEIRA] OBS: ATUALIZAR CADASTRO LAVRADORA
02464;PF;02039372288;1249656;;WANDERSON SILVA DE OLIVEIRA;WANDERSON SILVA DE OLIVEIRA;6992395521;LINHA 31 KM 20 LOTE 31 GLEBA12C;;ZONA RURAL;0613;RO;Brasil;76928000;LAVRADOR
02445;PF;01102282278;1349016;;MONICA DE MATOS NINK (SOLUTION);MONICA DE MATOS NINK;;RUA TIRADENTES;;VILA JOTAO;0001;RO;Brasil;78960000;OBS: ATUALIZAR CADASTRO SECRETARIA DO LAR COBRANÇA SETOR JURIDICO
02455;PF;47924357220;000182784;;IRACI LOUBAKA DA SILVA;IRACI LOUBAKA DA SILVA;6992457262;RUA EQUADOR;;AEROPORTO 2;6552;RO;Brasil;78950000;
02465;PF;81022220268;449731;;WALMIR BATISTA DA SILVA;WALMIR BATISTA DA SILVA;69992238023;RODOVIA 31 KM 12LT28 GB08A;;ZONA RURAL;6552;RO;Brasil;78950000;
02472;PF;98459210278;001034904;;MARCILEIA PEREIRA DE LIMA;MARCILEIA PEREIRA DE LIMA;;RUA VO LUIZA;CASA;CENTRO;0613;RO;Brasil;76928000;
02437;PF;89792483349;138801287;;ANGELA NACREA DE SANTANA;ANGELA NACREA DE SANTANA;;LINHA 31 KM 24 LOTE 17 GLEBA 12E;CASA;ZONA RURAL;0613;RO;Brasil;76928000;
02429;PF;00726253251;00001083801;;ANDRESSA FERNANDA ROSA SILVA;ANDRESSA FERNANDA ROSA SILVA;6992627931;LINHA 28 KM31 GB08 E LT31;;ZONA RURAL;0613;RO;Brasil;76928000;OBSERVACAO ATUALIZAR CADASTRO. BALCONISTA
02469;PF;02557458260;1180224;;MARIA LUIZA DORNELLES DE OLIVEIRA;MARIA LUIZA DORNELLES DE OLIVEIRA;993070413;RUA JOSE MARTINS DE OLIVEIRA;;CENTRO;0613;RO;Brasil;78954000;OBS: ATUALIZAR CADASTRO BABA
02438;PF;89598857204;00001090082;;MARLY DA SILVA LOPES;MARLY DA SILVA LOPES;;CURITIBA;;CENTRO;0613;RO;Brasil;76928000;[CIVIL=VIUVO(A)] [OBS=TOK MOVEIS/AGRO CAMPO/ DINIZ SUPERMERCADO] APOSENTADA
02446;PF;21574880659;;;OSIAS MARQUES DA COSTA;OSIAS MARQUES DA COSTA;;RODOVIA LH 20 KM 09 LT 25 GB 4 C;;ZONA RURAL;0613;RO;Brasil;76928000;OBS: ATUALIZAR CADASTRO LAVRADOR
02463;PF;20696680530;1235305;;ALICE SAMPAIO SILVA CAMPOS- NAO AUTORIZA;ALICE SAMPAIO SILVA CAMPOS- NAO AUTORIZA;6992382553;RODOVIA TN02 LT 576 GB 01;;ZONA RURAL;9653;RO;Brasil;76929000;ATUALIZAR CADASTRO. [OBS=CASA DO LAVRADOR/LOJAS GRAUNA/CONFECCOES DOIS IRMAOS]
02452;PF;91664420282;000972146;;LUCINEIDE PEREIRA RODRIGUES;LUCINEIDE PEREIRA RODRIGUES;6992783240;MARECHAL CANDIDO RONDON N;;ZONA RURAL;0613;RO;Brasil;76928000;VENDEDORA
02430;PF;45763259220;477977;;GILDELANE CUSTODIO DE SOUZA;GILDELANE CUSTODIO DE SOUZA;092032326;JASMO DE CASTRO N;;CENTRO;0613;RO;Brasil;78954000;OBS: ATUALIZAR CADASTRO ADMINISTRATIVO
02461;PF;01721374205;1207105;;ADRIANO SENA BARBOSA DA SILVA;ADRIANO SENA BARBOSA DA SILVA;6992163988;BRANCO S/N;;CENTRO;0613;RO;Brasil;76928000;CANCELADA POR MOTIVO DE ATRASO. COBRANCA SIDNEI. MECANICO
02462;PF;81628129204;881454;;JOABE DA SILVA FERNANDES;JOABE DA SILVA FERNANDES;6992799870;HERINGER S/N;;CENTRO;0613;RO;Brasil;78954000;CANCELADO. POIS PAGOU PELA ACESSORIA ANDRADES E BASTOS. MUITO ATRASO. GERENTE DE PRODUCAO
02423;PF;01319323227;1174111;;NUBIA NAYARA BENFICA GOMES;NUBIA NAYARA BENFICA GOMES;093615232;RUA VO LUIZA N;;CENTRO;0613;RO;Brasil;78954000;[CIVIL=SOLTEIRO(A)] [OBS= POR MOTIVO DE ATRASO] AUXILIAR DE ESCRITORIO
02474;PF;01587540266;1195826;;CLEBERSON GONCALVES DA SILVA;CLEBERSON GONCALVES DA SILVA;6992787767;LUIS BORGES;;CENTRO;0613;RO;Brasil;78954000;OBS: ATUALIZAR CADASTRO SERVICO GERAIS
02473;PF;00726247286;1228024;;ADRIANA LEAL SANTOS;ADRIANA LEAL SANTOS;6992892685;GENIVALDO DE SOUZA;;CENTRO;0613;RO;Brasil;78954000;[CIVIL=UNIAO ESTAVEL] [OBS=ESTA NEGATIVADO SCPC/SPC-SILMARA]
02468;PF;01074023277;1195834;;DAYANE APARECIDA GATI;DAYANE APARECIDA GATI;6992841657;RODOVIA 31, KM.12, LT.02, GB.08-B;;ZONA RURAL;0613;RO;Brasil;76928000;OBSERVACAO ATUALIZAR CADASTRO
02470;PF;67255795234;00075746;;DULCE FRAIS GOLTARA;DULCE FRAIS GOLTARA;6981002123;RODOVIA 1 KM16 LT25 GB 08B;;ZONA RURAL;0613;RO;Brasil;76928000;OBS: ATUALIZAR CADASTRO APOSENTADA
02467;PF;19164165272;533485;;HELCIO MOREIRA DE SOUSA;HELCIO MOREIRA DE SOUSA;6992135048;RODOVIA 31/ KM.20/ LT.28/ GB.12-C;;ZONA RURAL;0613;RO;Brasil;76928000;OBS: ATUALIZAR CADASTRO
02450;PF;01606963210;2930140010;;JOELSON MOREIRA DE AGUILAR;JOELSON MOREIRA DE AGUILAR;6992415248;TRABALHADOR IRMAOS GONCALVES;;ZONA RURAL;6552;RO;Brasil;78950000;OBSERVACAO ATUALIZAR CADASTRO LAVRADOR
02459;PF;09134033696;13720835;;GLEMOCLEYS DA SILVA SOARES;GLEMOCLEYS DA SILVA SOARES;6992541151;RODOVIA 2 KM37 GB12A LT09;;ZONA RURAL;6552;RO;Brasil;76927000;OBSERVACAO ATUALIZAR CADASTRO LAVRADOR
02471;PF;69751404215;000847661;;MARIA JOANA DE JESUS;MARIA JOANA DE JESUS;6992920597;RUA VO LUIZA;;CENTRO;0613;RO;Brasil;78954000;OBSERVACAO ATUALIZAR CADASTRO APOSENTADO
02443;PF;97155586234;203755;;DEUZINA LIZARDA DE OLIVEIRA;DEUZINA LIZARDA DE OLIVEIRA;6992448604;LUIS BORGES;;CENTRO;0613;RO;Brasil;78954000;[CIVIL=SOLTEIRO(A)] [OBS=SPC/SPCA-SILMARA] APOSENTADA
02436;PF;92709834200;00001028031;;MARCOS ANTONIO SOUZA LACERDA;MARCOS ANTONIO SOUZA LACERDA;092027196;15 DE NOVEMBRO;;CENTRO;0613;RO;Brasil;76928000;[CIVIL=CASADO( O PROPRIO PEDIU P/ FECHAR A FICHA DEIXAR SO A DA ESPOSA OBS: ATUALIZAR CADASTRO PEDREIRO
02427;PF;02372667254;1240790;;ALESSANDRO DE JESUS GONCALVES;ALESSANDRO DE JESUS GONCALVES;6992836750;RUA ALAIDE ALCANTARA;;CENTRO;0613;RO;Brasil;78954000;[OBS=ADVOGADA] FICHA CANCELADA. MOTIVO MUITO ATRASO. FOI QUITADA ATRAVES DA EMPRESA ANDRADE E BASTOS.
02447;PF;01102251208;001036604;;ADRIANE DA COSTA PERON;ADRIANE DA COSTA PERON;6992281395;RODOVIA 31/ KM.28/ LT.33/ GB.12-E;;ZONA RURAL;0613;RO;Brasil;76928000;[CIVIL=CASADO(A)] LAVRADORA
02458;PF;00622523210;1083825;;LEONARDO MOREIRA DA SILVA;LEONARDO MOREIRA DA SILVA;092885256;SANTOS DUMONT;;CENTRO;0613;RO;Brasil;76928000;[OBS=ADVOGADA] CANCELADO POR MOTIVO DE MUITO ATRASO. PAGTO ANDRADE E BASTOS SERVICO GERAIS
02434;PF;02282734203;00001117672;;ELVES PRESTES DE OLIVEIRA;ELVES PRESTES DE OLIVEIRA;092331041;RODOVIA 0 KM09 GB4D LT11A;;ZONA RURAL;6547;RO;Brasil;76900827;OBS: ATUALIZAR CADASTRO PIAO/LAVRADOR
02475;PF;01478861207;1217666;;LUIZ FERNANDO DA SILVA SOBRINHO;LUIZ FERNANDO DA SILVA SOBRINHO;092285609;RUA DAS PALMEIRAS;;CENTRO;0613;RO;Brasil;76928000;[CIVIL=SOLTEIRO(A)]
02385;PF;19067127272;1267066;;DERCY GARGANTINI;DERCY GARGATINI;092846769;LINHA 12 KM 31 LOTE 15 GLEBA 8B;;ZONA RURAL;6552;RO;Brasil;76920000;
02403;PF;83846670634;7290907;;ANGELA MARIA DE SOUZA BELICIO;ANGELA MARIA DE SOUZA BELICIO;092539812;ANGELA DE FATIMA;;CENTRO;0001;RO;Brasil;76928000;OBS: ATUALIZAR CADASTRO PROFESSORA
02381;PF;00521292255;24454230;;ROZILENE ALVES DE SOUZA;ROZILENE ALVES DE SOUZA;;RODOVIA 31 KM16 GB 08 D LOTE 30;;ZONA RURAL;0613;RO;Brasil;76928000;"OBS ; SOMENTE A DONA DA FICHA QUE E AUTORIZADA A COMPRA"
02422;PF;66261937249;745462;;LUIZ MESSIAS FREIS;LUIZ MESSIAS FREIS;;RODOVIA 4 KM37 LT30 GB12D;;ZONA RURAL;0613;RO;Brasil;76928000;
02415;PF;64388000230;663480;;SOLANGE LOURENCO;SOLANGE LOURENCO;993806850;MONTE CASTELO;;CENTRO;0613;RO;Brasil;76928000;
02373;PF;52814815253;32672;;ROSILAINE FERREIRA DE AGUIAR;ROSILAINE FERREIRA DE AGUIAR;992105242;RODOVIA TN2/ KM.31/ GB.01/ LT.592;;ZONA RURAL;9653;RO;Brasil;76929000;[CIVIL=UNIAO ESTAVEL] LAVRADORA
02397;PF;64861252253;603660;;JOSE TEIXEIRA;JOSE TEIXEIRA;;TRANQUEDO NEVES;;CENTRO;0613;RO;Brasil;76928000;OBS: ATUALIZAR CADASTRO NAO AUTORIZA NINGUEM A COMPRAR NA FICHA. (NEM A ESPOSA) LAVRADOR
02377;PF;01154863212;1250149;;ROBISON DOMINGOS GOMES;ROBISON DOMINGOS GOMES;093235491;RUA RIO BRANCO N;;CENTRO;0613;RO;Brasil;78954000;OBSERVACAO ATUALIZAR CADASTRO.
02398;PF;58551085204;524690;;SOELI CRISTINA MAGESKI;SOELI CRISTINA MAGESKI;6992094777;RUA DO CONTORNO;;CENTRO;0613;RO;Brasil;78954000;OBSERVACAO ATUALIZAR CADASTRO. PROFESSORA
02395;PF;00739424211;00001099488;;FERNANDA TEIXEIRA RODRIGUES;FERNANDA TEIXEIRA RODRIGUES;6992676160;RIO BRANCO, N;;CENTRO;0613;RO;Brasil;76928000;OBSERVACAO ATUALIZAR CADASTRO GARCONETE
02411;PF;94660026272;1070880;;ANDERSON VARGAS COSTA;ANDERSON VARGAS COSTA;092281834;RODOVIA 1KM24 GB08D LT36;;ZONA RURAL;0613;RO;Brasil;76928000;OBS: ATUALIZR CADASTRO ESPETOR
02412;PF;65348508268;00000572359;;MARLENE SOBRINHO DOS SANTOS APOLINARIO;MARLENE SOBRINHO DOS SANTOS APOLINARIO;6992315617;RODOVIA 1 KM16 LT01 GB08C;;ZONA RURAL;0613;RO;Brasil;76928000;OBS: ATUALIZAR CADASTRO LAVRADORA
02405;PF;58109056253;000525978;;DEVAIR ALVES DA SILVA;DEVAIR ALVES DA SILVA;;RODOVIA 2 KM37 GB12E LT30;;ZONA RURAL;0613;RO;Brasil;76928000;OBS=TOK MOVEIS/CASA NOVA MATERIAL PARA CONSTRUCAO/CICLO HONDA] OBS: ATUALIZAR CADASTRO AGRICULTOR
02376;PF;75611821200;000759054;;VALDEIR JUSTINO DA SILVA;VALDEIR JUSTINO DA SILVA;0;RODOVIA 0 GB01 LT413;;ZONA RURAL;9653;RO;Brasil;76929000;[CIVIL=SOLTEIRO(A)] [OBS=AGRO CAMPO /CASA NOVA] OBS: ATUALIZAR CADASTRO LAVRADOR
02400;PF;79527000220;000820876;;MARIA ZELIA MIRANDA FRONTELI;MARIA ZELIA MIRANDA FRONTELI;6992350062;RODOVIA 1 KM 08 LT 14 GB12A;;ZONA RURAL;6552;RO;Brasil;76920000;[CIVIL=CASADO(A)] [OBS=LOJAS UMUARAMA/IDEAL ELTRO MOVEIS/FORMIGAO PAULISTA] OBS: ATUALIZAR CADASTRO LAVRADORA
02410;PF;91341566234;963999;;ELISANGELA SANTOS DE JESUS;ELISANGELA SANTOS DE JESUS;093043106;RODOVIA 6 KM 37 GB12B LT;;ZONA RURAL;0613;RO;Brasil;76928000;[CIVIL=SOLTEIRO(A)] [OBS=SCPC/SPC-SILMARA] LAVRADORA
02380;PF;00468307230;001039077;;EDSON FERREIRA DE FREITAS;EDSON FERREIRA DE FREITAS;6981292766;RODOVIA 4 KM31 GB08E LT10;;ZONA RURAL;0613;RO;Brasil;76928000;MOTIVO DE ATRASO, ACERTO FOI FEITO COM UMA NOVILHA LAVRADOR
02421;PF;89522540234;105752001;;MARIVALDA BUGE;MARIVALDA BUGE;6992752350;CANDIDO RONDON;;CENTRO;0613;RO;Brasil;78954000;OBS: ATUALIZAR CADASTRO
02402;PF;42029120200;000448563;;ELANIA PINTO DE JESUS;ELANIA PINTO DE JESUS;6992446608;RODOVIA 24 KM22 GBE LTB;;ZONA RURAL;0613;RO;Brasil;76928000;FALECEU LAVRADORA
02372;PF;00493315233;00001065166;;ALAN MERCANDELI FIGUEREDO;ALAN MERCANDELI FIGUEREDO;6992397955;RODOVIA 4 KM31 LT03 GB08E;;ZONA RURAL;0613;RO;Brasil;76928000;[CIVIL=SOLTEIRO(A)] [OBS=FICHA P/ ADVOGADA]
02382;PF;77560728200;782737;;CELSO VENICIO DE FARIA;CELSO VENICIO DE FARIA;6992876253;RODOVIA 6 KM31 GB08B LT08;;ZONA RURAL;0613;RO;Brasil;76928000;[OBS: CANCELADO POR MOTIVO DE ATRASO NAS NOTINHAS LAVRADOR
02383;PF;87089866220;1218095;;ENEIAS DE ABREU GERONIMO;ENEIAS DE ABREU GERONIMO;092673809;SAO CURITIBA;;CENTRO;0613;RO;Brasil;76928000;OBS: ATUALIZAR CADASTRO
02404;PF;87307529220;00000994797;;ELAINE SOARES DE SOUZA;ELAINE SOARES DE SOUZA;6992541499;RODOVIA 37/KM.16/LT.05/GB.12-C;;ZONA RURAL;0613;RO;Brasil;76928000;OBS: ATUALIZAR CADASTRO LAVRADORA
02414;PF;86699849700;1340300;;HENRIQUE MALFER;HENRIQUE MALFER;6992838227;RODOVIA 31/KM.16/ LT.19/ GB.12-B;;ZONA RURAL;0613;RO;Brasil;76928000;OBS: ATUALIZAR CADASTRO
02394;PF;01428184295;11926640;;JAQUELINE DE OLIVEIRA;JAQUELINE DE OLIVEIRA;084634579;RODOVIA 31 KM16 GB12B LT24;;ZONA RURAL;0613;RO;Brasil;76928000;OBSERVACAO ATUALIZAR CADASTRO LAVRADORA
02386;PF;98141651234;1004040;;ROBSON FERREIRA DA SILVA;ROBSON FERREIRA DA SILVA;6992787810;RODOVIA 1 KM24 GB12D LT23;;ZONA RURAL;0613;RO;Brasil;76928000;OBSERVACAO ATUALIZAR CADASTRO. OPERADOR DE MAQUINA
02387;PF;83823948253;102108132;;FABIO SAMPAIO DIAS;FABIO SAMPAIO DIAS;092894335;AFONSO PENA;;CENTRO;0613;RO;Brasil;76928000;[OBSERVACAO ATUALIZAR CADASTRO MOTORISTA
02378;PF;02005992240;1213571;;GILMAR SIQUEIRA DA SILVA;GILMAR SIQUEIRA DA SILVA;6992934811;RODOVIA TN6/ KM.31/ LT.485;;ZONA RURAL;0613;RO;Brasil;76928000;OBSERVACAO ATUALIZAR CADASTRO
02399;PF;00136005241;001038000;;POLIANE PEREIRA DE MORAES;POLIANE PEREIRA DE MORAES;6992553364;RODOVIA 31/ KM.16/ LT.01/ GB.08-C;;ZONA RURAL;0613;RO;Brasil;76928000;OBSERVACAO ATUALIZAR CADASTRO. DOMESTICA
02391;PF;02338209141;19155727;;MARLI SIQUEIRA DA SILVA MENDES;MARLI SIQUEIRA DA SILVA MENDES;092934811;RODOVIA TN6/LT.485/KM.31/;;ZONA RURAL;9653;RO;Brasil;76928000;OBS: ATUALIZAR CADASTRO LAVRADORA
02406;PJ;01060249000155;;;CONGREGACAO CRISTA NO BRASIL;CONGREGACAO CRISTA NO BRASIL;;OLAVO PIRES;;NOVO HORIZONTE;9653;RO;Brasil;76929000;
02420;PF;01054784230;258850;;DAIANE DA SILVA ALMEIDA;DAIANE DA SILVA ALMEIDA;6993792614;RODOVIA 28/ KM.31/ LT.32/ GB.12-E;;ZONA RURAL;0613;RO;Brasil;76928000;
02393;;;;;JOAO PEREIRA PIMENTEL FILHO;JOAO PEREIRA PIMENTEL FILHO;;;;;0001;RO;Brasil;78960000;
02363;PF;01604927186;1425387;;VANESSA TINELI DE OLIVEIRA;VANESSA TINELI DE OLIVEIRA;6992790712;RUA VO LUIZA;;CENTRO;0613;RO;Brasil;76928000;[CIVIL=SOLTEIRO(A)] [OBS=MADA MODAS/BARULHAO CONFECCOES/DROGARIA TEIXEIRA/ROMEIRA] OBS: ATUALIZAR CADASTRO AUXILIAR DE LABORATORIO
02346;PF;81626592268;001032467;;VILSON FERREIRA DA SILVA;VILSON FERREIRA DA SILVA;6992756825;LINHA 37 KM 24 GLEBA 12 E LOTE 11;;ZONA RURAL;0613;RO;Brasil;76928000;OBS: ATUALIZAR CADASTRO LAVRADOR
02353;PF;00310598214;001054305;;GISLAINE ELOY LIMA;GISLAINE ELOY LIMA;992067314;RODOVIA LINHA TN06 LOTE 463 GLEBA 01;;ZONA RURAL;9653;RO;Brasil;76929000;OBS: ATUALIZAR CADASTRO LAVRADORA
02361;PF;88085015234;759084;;IRENE DOS SANTOS FERREIRA;IRENE DOS SANTOS FERREIRA;;LINHA 31/KM.24/LT.26/GB.12-D;;ZONA RURAL;0613;RO;Brasil;76928000;"[CIVIL=CASADO(A)] [ENDTRAB=LH.08/BR] [OBS=TEIXEIRA CONFECCOES; GAZIN OPO; LOJAS HUMUARAMA] LIMPEZA"
02352;PF;62301632687;4518351;;JOSE MARINHO DE OLIVEIRA;JOSE MARINHO DE OLIVEIRA;6992100283;RUA ANGELA DE FATIMA;;CENTRO;0613;RO;Brasil;76928000;OBS: ATUALIZAR CADASTRO LAVRADOR
02344;PF;97512907249;386907602;;MICHELE ADRIANE NUNES ALCANTARA;MICHELE ADRIANE NUNES ALCANTARA;6992872489;AVENIDA AFONSO PENA;;CENTRO;0613;RO;Brasil;78954000;"OBS; ATUALIZAR CADSTRO"
02347;PF;59258179234;00000591094;;ELIANA MARIA DE JESUS SANTOS;ELIANA MARIA DE JESUS SANTOS;;RODOVIA 4 KM 31 GB4E LT08;;ZONA RURAL;0613;RO;Brasil;76928000;
02357;PF;76252604291;758017;;ZILMA GOMES DE MELO CHAGAS;ZILMA GOMES DE MELO CHAGAS;993075748;LINHA 31 KM 16 LT 32 GL 8B;;ZONA RURAL;0613;RO;Brasil;76928000;
02369;PF;95674985200;000887334;;ANA DA LUZ LOPES;ANA DA LUZ LOPES;6992841874;LINHA 20 KM 22 GL 8C LOTE 21;;ZONA RURAL;0613;RO;Brasil;76928000;OBS: ATUALIZAR CADASTRO
02351;PF;80518788253;000880497;;LENILDA DE JESUS ALCIDES;LENILDA DE JESUS ALCIDES;;LH T N10 LT277 GB 01;;ZONA RURAL;9653;RO;Brasil;76929000;
02335;PF;00598777237;1052405;;WELINGTON BARBOSA DO CARMO;WELINGTON BARBOSA DO CARMO;;RODOVIA RUA JOSE MARTINS;;ZONA RURAL;0613;RO;Brasil;76928000;OBS: ATUALIZAR CADASTRO SERVICOS GERAIS
02330;PF;00687438233;00001105114;;ADRIANA MARQUILENE DOS SANTOS;ADRIANA MARQUILENE DOS SANTOS;6992968323;ALUIZIO FERREIRA N;;NOVA OURO PRETO;6552;RO;Brasil;76920000;OBS: ATUALIZAR CADASTRO ATENDENTE COMERCIAL
02334;PF;00218214294;1036625;;SIDNEI DA SILVA DELFINO;SIDNEI DA SILVA DELFINO;6992810487;LUIS BORGES N;;CENTRO;0613;RO;Brasil;78954000;OBSERVACAO ATUALIZAR CADASTRO. POLICIA MILITAR
02370;PF;52284093191;07736304;;NATANAEL ROSA SANTOS;NATANAEL ROSA SANTOS;092312006;BELO HORIZONTE N;;PRIMAVERA;6547;RO;Brasil;78960000;OBSERVACAO ATUALIZAR CADASTRO. VENDEDOR
02331;PF;82893934234;000879019;;SIMONE ROSA TEIXEIRA;SIMONE ROSA TEIXEIRA;6992466758;LUIS BORGES;;CENTRO;0613;RO;Brasil;78954000;OBS: ATUALIZAR CADASTRO VENDEDORA
02362;PF;00949748293;1145476;;AGUINALDO DOS SANTOS BRITO;AGUINALDO DOS SANTOS BRITO;6992735830;RODOVIA LH 16 KM22 GB08C LT18;;ZONA RURAL;0613;RO;Brasil;76928000;AUTORIZADO SOMENTE A ESPOSA LUANA OBS: ATUALIZAR CADASTRO LAVRADOR
02348;PF;00637487206;00001079797;;EDSON MELO DO NASCIMENTO;EDSON MELO DO NASCIMENTO;6992178156;RODOVIA 8 KM 31 GB8A LT 01;;ZONA RURAL;6552;RO;Brasil;76929000;OBS: ATUALIZAR CADASTRO LAVRADOR
02368;PF;00111621208;1032592;;WASHINGTON DA COSTA SANTOS;WASHINGTON DA COSTA SANTOS;092099959;RODOVIA 31 KM12 GB8B LT08;;ZONA RURAL;6552;RO;Brasil;76920000;OBSERVACAO ATUALIZAR CADASTRO. VENDEDOR
02340;PF;91033276715;706917;;FIDELCINO FRANCISCO DA COSTA;FIDELCINO FRANCISCO DA COSTA;6992853267;"RODOVIA 31; KM.28; GB.12-E; LT.35";;ZONA RURAL;0613;RO;Brasil;76928000;OBSERVACAO ATUALIZAR CADASTRO APOSENTADO
02360;PF;53910150225;1152210;;EDSON PEREIRA DA SILVA / RUA ALCANTARA;EDSON PEREIRA DA SILVA;6992965261;ALCANTARA DE ARAUJO;;CENTRO;0613;RO;Brasil;76928000;[CIVIL=SOLTEIRO(A)] [OBS=COMERCIAL DINIZ/ TEIXEIRA CONFECCOES ] SERVICOS GERAIS
02341;PF;92108482253;000958047;;MAURINHO DE SOUZA PESSOA;MAURINHO SOUZA PESSOA;6992622680;RODOVIA 12 KM 22 GLEBA 8A LOTE 19;;ZONA RURAL;0613;RO;Brasil;76928000;OBS: ATUALIZAR CADASTRO PEDREIRO
02332;PF;90163176272;000944696;;DIONETON DA SILVA ARAUJO;DIONETON DA SILVA ARAUJO;6992026163;ANGELA DE FATIMA;;CENTRO;0613;RO;Brasil;76928000;OBSERVACAO ATUALIZAR CADASTRO PADEIRO
02333;PF;19165315200;107048;;ADILIO NEGRINE;ADILIO NEGRINE;6992751139;RODOVIA 1 KM24 GB12D LT26;;ZONA RURAL;0613;RO;Brasil;76928000;OBS: ATUALIZAR CADASTRO LAVRADOR
02354;PF;01749379201;1241296;;ANA LUCIA LARGASSE;ANA LUCIA LARGASSE;6992659208;AFONSO PENA ATRAS POSTO TEIXEIRO;;CENTRO;0613;RO;Brasil;76928000;OBS: ATUALIZAR CADASTRO DO LAR
02364;PF;90397622287;000946035;;ANTONIO DO CARMO CARVALHO;ANTONIO DO CARMO CARVALHO;6993008463;RUA DO CONTORNO;;CENTRO;0613;RO;Brasil;78954000;[CIVIL=CASADO(A)] QUEIMADOR
02355;PF;01937854205;;;PABLO RODRIGO MARTINS FERREIRA;PABLO RODRIGO MARTINS FERREIRA;6999995561;RODOVIA 0 KN 09 LT07 GB4D;;ZONA RURAL;0613;RO;Brasil;76928000;OBSERVACAO ATUALIZAR CADASTRO. LAVRADOR
02336;PF;02038383278;958363;;LUCIANO DOS SANTOS MORAIS;LUCIANO DOS SANTOS MORAIS;6992019867;RODOVIA 12/ KM.31/ LT.29/ GB.08-A;;ZONA RURAL;0613;RO;Brasil;76928000;OBSERVACAO ATUALIZAR CADASTRO MECANICO
02356;PF;01981024298;1217453;;ALESSANDRA MARQUES FARIAS;ALESSANDRA MARQUES FARIAS;6992875334;AFONSO PENA ATRAS POSTO TIXEIROP;;CENTRO;0613;RO;Brasil;76928000;OBS: ATUALIZAR CADASTRO DO LAR
02338;PF;00834738236;;;DIONE BENFICA DE SOUZA;DIONE BENFICA DE SOUZA;6992598683;DO COLEGIO SEBASTIAO AMORIM;;CENTRO;0613;RO;Brasil;76928000;[CIVIL=SOLTEIRO(A)] [OBS=CICLO HONDA/FORMIGAO PAULISTA/AUTO POSTO TEIXEIROPOLIS] SERVICOS GERAIS
02358;PF;00086001205;1155215;;FABIO DA SILVA;FABIO DA SILVA;0;RODOVIA 24 KM37/ONDE IRMAO ALONSO MORAVA;;ZONA RURAL;0613;RO;Brasil;76928000;OBSERVACAO ATUALIZAR CADASTRO SERVICO GERAL
02329;PF;66272912234;1169055;;MARIA NILDA NASCIMENTO SANTOS;MARIA NILDA NASCIMENTO SANTOS;6992138085;RODOVIA 6 KM 22 GB8C LT18;;ZONA RURAL;0613;RO;Brasil;76928000;OBSERVACAO ATUALIZAR CADASTRO LAVRADORA
02339;PF;02028068205;1229675;;ILIDIO DOS SANTOS ALVES;ILIDIO DOS SANTOS ALVES;6992838309;RODOVIA 1 KM20 GB12C LT22;;ZONA RURAL;0613;RO;Brasil;76928000;[CIVIL=SOLTEIRO(A)] LAVRADOR
02349;PF;73071099215;000553902;;EUNICE EDUARDO DE JESUS;EUNICE EDUARDO DE JESUS;6934651210;AFONSO PENA;;CENTRO;0613;RO;Brasil;76928000;[CIVIL=SOLTEIRO(A)] PADEIRA
03186;PF;91587808668;6094636;;CLEUZA MARIA VIEIRA;CLEUZA;993840680;RUA LUIZ BORGES;;CENTRO;0613;RO;Brasil;76928000;cadastro vindo de urupa
02321;PF;67951945234;708030;;CLAUDEMIR DOS SANTOS;CLAUDEMIR DOS SANTOS;092593195;LINHA 31/ KM.20/ GB.12-D/ LT.17;;ZONA RURAL;0613;RO;Brasil;76928000;ATUALIZAR CADASTRO. SERVICOS GERAIS
02292;PF;52074064934;151536589;;NILDA SEMLER DE SOUZA;NILDA SEMLER DE SOUZA;092638042;RODOVIA 31, KM.16, LT.02, GB. 08-C;;ZONA RURAL;0613;RO;Brasil;76928000;OBS: ATUALIZAR CADASTRO
02304;PF;28360672253;1605193;;MERCEDES MOREIRA DA ROCHA;MERCEDES DA ROCHA MOREIRA;092117286;RUA MONTE CASTELO;;CENTRO;0613;RO;Brasil;76928000;
02306;PF;48562602272;000507689;;MARIA LUCINEIDE LOPES;MARIA LUCINEIDE LOPES;;LINHA 31 KM20 GB8C LT22;;ZONA RURAL;0613;RO;Brasil;76928000;OBS: ATUALIZAR CADASTRO LAVRADORA
02326;PF;00003596290;00001024788;;LUANA PATRICIA DE MATTOS LEITE;LUANA PATRICIA DE MATTOS LEITE;6992320062;RUA CUSTODIO VITOR;;CENTRO;0613;RO;Brasil;76928000;OBS: ATUALIZAR CADASTRO
02297;PF;81424167272;000499483;;ELZA DA SILVA GOMES SUPRIANO;ELZA DA SILVA GOMES SUPRIANO;;RUA VO LUIZA;;CENTRO;0613;RO;Brasil;76928000;
02318;PF;28379063287;250187;;SALVADOR DE FREITAS CAIRES;SALVADOR DE FREITAS CAIRES;69993662527;RUA JORGE TEIXEIRA;CASA;CENTRO;0613;RO;Brasil;76928000;
02288;PF;90608950297;988255;;GEOCELIO ROBERTO RAMOS;GEOCELIO ROBERTO RAMOS;6992854039;LH 31 KM 20;;ZONA RURAL;0613;RO;Brasil;78954000;
02294;PF;75444976234;604217;;EVA APARECIDA FRONTELI;EVA APARECIDA FRONTELI;;LINHA TN1/GB.1A/LT 24;;ZONA RURAL;9653;RO;Brasil;76929000;LAVRADORA
02287;PF;34840478287;439373;;ROSENILDA MIRANDA DOS SANTOS;ROSENILDA MIRANDA DOS SANTOS;6992489642;RODOVIA 36/KM.40/LT.31/GB.12-G;;ZONA RURAL;9653;RO;Brasil;76929000;NÃO AUTORIZA NINGUEM!!!
02293;PF;20475616200;000104142;;MARIA SALOME DE OLIVEIRA;MARIA SALOME DE OLIVEIRA;034651136;NOVA ESPERANCA;;CENTRO;0613;RO;Brasil;76928000;OBSERVACAO ATUALIZAR CADASTRO PROFESSORA
02308;PF;72973072204;000923222;;FRANCISCA RIBEIRO DO CARMO SILVA;FRANCISCA RIBEIRO DO CARMO SILVA;6992506718;AVENIDA AFONSO PENA N;;CENTRO;0613;RO;Brasil;78954000;OBSERVACAO ATUALIZAR CADASTRO DO LAR
02310;PF;35169885253;366855;;DEISE BRAGA MINATELLI;DEISE BRAGA MINATELLI;093207921;SANTA IZABEL N;;JARDIM DOS MIGRANTES;6547;GO;Brasil;76632000;OBS: ATUALIZAR CADASTRO ASSISTENTE SOCIAL
02322;PF;01044421231;000958059;;SIMONE BARBOSA DA SILVA COELHO;SIMONE BARBOSA DA SILVA COELHO;6992950138;RODOVIA 31 KM 20 GB 08D LT09;;ZONA RURAL;0613;RO;Brasil;76928000;CANCELADO MOTIVO DE ATRASO.. COBRANCA NASMARON LAVRADORA
02307;PF;01373123265;1186160;;ANILTON APELGREN LANA;ANILTON APELGREN LANA;6992517839;RODOVIA A-03/LT.47/GB.A-1;;ZONA RURAL;9653;RO;Brasil;76929000;[CIVIL=SOLTEIRO(A)] [OBS=SCPC/SPC-SILMARA]
02300;PF;82688400215;000869866;;AMOS FERREIRA DE FREITAS;AMOS FERREIRA FREITAS;6992155440;RODOVIA 4 KM31 LT05 GB8E;;ZONA RURAL;0613;RO;Brasil;76928000;OBS: ATUALIZAR CADASTRO AGRICULTOR
02291;PF;01632556286;1196843;;RAYCY CARDOSO GOMES;RAYCY CARDOSO GOMES;093767559;RUA DAS PALMEIRAS;;CENTRO;0613;RO;Brasil;76928000;OBSERVACAO ATUALIZAR CADASTRO. CAIXA
02312;PF;89702689287;916787;;JULIANA ROSA SCANDOLHERE;JULIANA ROSA SCANDOLHERE;092165741;RODOVIA 6/KM31/LT23/GB8B;;ZONA RURAL;0613;RO;Brasil;76928000;OBS: ATUALIZAR CADASTRO AGENTE PENITENCIARIO
02319;PF;59867132220;000496458;;LIONIZIO PEDRO MARTINS;LIONIZIO PEDRO MARTINS;;CUSTODIO;;CENTRO;0613;RO;Brasil;76928000;OBSERVACAO ATUALIZAR CADASTRO APOSENTADO/LAVRADOR
02283;PF;65521722220;673955;;EDSON RODRIGUES DA SILVA;EDSON RODRIGUES DA SILVA;6992123803;RODOVIA 1/KM12/GB8B/LT14;;ZONA RURAL;6552;RO;Brasil;76920000;OBS: ATUALIZAR CADASTRO LAVRADOR
02286;PF;00821103288;00001109002;;CELIO BARBOSA DA SILVA TEIXEIRA;CELIO BARBOSA DA SILVA TEIXEIRA;093020135;RODOVIA 12/ KM.31/ LT. 24/ GB. 08-A;;ZONA RURAL;6552;RO;Brasil;76928000;OBS: ATUALIZAR CADASTRO
02302;PF;60248734253;164716;;EDMILSON MOREIRA DO NASCIMENTO;EDMILSON MOREIRA DO NASCIMENTO;6992308013;DO VANDERLEI;;CENTRO;0613;RO;Brasil;76928000;OBS: ATUALIZAR CADASTRO MECANICO
02314;PF;01821732243;1205281;;CARLOS DANYLLO PEREIRA DA CUNHA;CARLOS DANYLLO PEREIRA DA CUNHA;6992836967;RODOVIA 1 /KM20/ GB12C/ LT22;;BAIRRO DAS ROSAS;0613;RO;Brasil;76928000;[CIVIL=SOLTEIRO(A)] [OBS=ADVOGADA] SERVENTE DE LANCHONETE
02315;PF;88963454215;000960346;;ADAIANE DA COSTA BENEVENUTI;ADAIANE COSTA BENEVENUTI;6992985977;DO GRILO/CASA MANEL TEIXEIRA;;CENTRO;0613;RO;Brasil;76928000;OBS: ATUALIZAR CADASTRO
02285;PF;71121560253;00001084866;;MARTILEISE DE SOUZA GOMES DOS SANTOS;MARTILEISE DE SOUZA GOMES DOS SANTOS;0;RODOVIA 1/KM16/GB8B/LT35;;BAIRRO DAS ROSAS;0613;RO;Brasil;76928000;OBS: ATUALIZAR CADASTRO LAVRADORA
02316;PF;97716502204;001039537;;ANGELA GOMES FERREIRA;ANGELA GOMES FERREIRA;6981022239;RODOVIA 24/ KM.37;;ZONA RURAL;0613;RO;Brasil;76928000;CANCELADO: MOTIVO DE ATRASO LAVRADORA
02317;PF;01817959220;000757652;;GENIVALDO RAVAZINA SOARES;GENIVALDO RAVAZINA SOARES;6992351628;RODOVIA 6 KM37 GB12C LT08;;ZONA RURAL;0613;RO;Brasil;76928000;[CIVIL=CASADO(A)] LAVRADOR
02309;PF;08477990778;551207;;ODORICO ANTONIO DE SOUZA;ODORICO ANTONIO DE SOUZA;092849803;"RODOVIA 16; KM.16; LT.25; GB.12-B;";;ZONA RURAL;0613;RO;Brasil;76928000;OBSERVACAO ATUALIZAR CADASTRO.
02289;PF;67651135253;641041;;JANDEILSON LUCIANO PIO;JANDEILSON LUCIANO PIO;6992954492;RUA DO CONTORNO;;CENTRO;0613;RO;Brasil;78954000;OBSERVACAO ATUALIZAR CADASTRO LAVRADOR
02299;PF;16256492234;1019880;;ALICE ELIAS NOGUEIRA;ALICE ELIAS NOGUEIRA;6992385180;RUA DUQUE DE CAXIAS;;CENTRO;0613;RO;Brasil;78954000;OBS: ATUALIZAR CADASTRO APOSENTADA
02282;PF;69080151220;000631891;;JOSE INACIO DA COSTA;JOSE INANCIO DA COSTA;6992821575;RODOVIA 6/LT461/GB01;;ZONA RURAL;9653;RO;Brasil;76929000;OBSERVACAO ATUALIZAR CADASTRO LAVRADOR
02301;PJ;15828064000233;;;LATICINIOS TRADICAO;CANAA INDUSTRIA DE LATICINIOS LTDA;;RODOVIA 31/GB.08-D/LT.36 B5;;ZONA RURAL;0613;RO;Brasil;76928000;
03525;PF;59372176249;577052;;MEIRE TEIXEIRA DEBONA;MEIRE;;RUA MARECHAL TEODORO DA FONSECA;CASA;INDUSTRIAL;6552;RO;Brasil;76920000;limite inicial de 500,00
03530;PF;89677587900;722567;;JOSE ROBERTO DE SOUZA;ROBERTO;;AFONSO PENA;CASA;CENTRO;0613;RO;Brasil;76928000;LIMITE INICIAL R$600,00
03540;PF;04226636201;1484142;;KAROLINA DOS SANTOS FRANCISCO;KAROLINA DOS SANTOS FRANCISCO;;LINHA 24 DA LINHA 31 KM 09 LOTE 10;CASA;ZONA RURAL;0613;RO;Brasil;76928000;LIMITE INICIAL R$250,00
03531;PF;36951552215;339793272;;JAMBRE KLEUKER SEMLER DE SOUZA;JAMBRE;;LINHA 16 KM 31 LOTE 02 GLEBA 8C;CASA;ZONA RURAL;0613;RO;Brasil;76928000;LIMITE INICIAL DE 500,00
03541;PF;70376500212;1513100;;JANETE TEIXEIRA SOARES;JANETE;69993111692;RUA BELMIRO ARAUJO SANTOS;CASA;CENTRO;0613;RO;Brasil;76928000;LIMITE INICIAL DE 250,00
03532;PF;06875056232;1823431;;GISELLE DE OLIVEIRA RAMOS;GISELLE;;LINHA 24 DA LINHA 31 LT 20 PST SAUDE;CASA;ZONA RURAL;0613;RO;Brasil;76928000;LIMITE INICIAL R$400,00
03542;PF;71252997256;1887282;;MARIA CLARA DA CRUZ VICENSI;MARIA CLARA;;RUA DAS PALMEIRAS;CAS A;CENTRO;0613;RO;Brasil;76928000;LIMITE INICIAL DE 250,00.
03523;PF;64965198204;000631595;;ROSA SATURNINO CAIRES;ROSA;;LINHA 24 KM 31 LOTE 9 GB 8E;CASA;ZONA RURAL;0613;RO;Brasil;76928000;
03533;PF;00148662269;963017;;CLEIDINEIA NUNES FERREIRA;CLEIDINEIA NUNES FERREIRA;;LINHA 16 KM 31 LT 26 GB 12B;CASA;ZONA RURAL;0613;RO;Brasil;76928000;LIMITE INICIAL R$400,00
03543;PF;91763630234;923379;;ELIANE LORENZETTI;ELIANE LORENZETTI;;RUA PROJETADA;CASA;CENTRO;0613;RO;Brasil;76928000;LIMITE INICIAL R$400,00
03524;PF;70000843679;70000843679;;THALITA OLIVEIRA DOS SANTOS;THALITA OLIVEIRA DOS SANTOS;;LINHA 24 DA LINHA 31;CASA;ZONA RURAL;0613;RO;Brasil;76928000;LIMITE INICIAL R$300,00
03534;PF;03193172260;24953377;;MARINA DE ARAUJO OLIVEIRA;MARINA;;LINHA 20 KM 22 LOTE 31 GLEBA 4C;CASA;ZONA RURAL;0613;RO;Brasil;76928000;
03544;PF;02843501253;48532;;SEBASTIAO RODRIGUES;SEBASTIAO RODRIGUES;;RUA DUQUE DE CAXIAS;CASA;CENTRO;0613;RO;Brasil;76928000;LIMITE INICIAL R$500,00
03535;PF;02888514206;1293106;;DINIANE CRISTINA DE ABREU LIMA;DINIANE;;RUA TEMISTOCLES CHAVIER BARBOSA;CASA;SETOR 06;0613;RO;Brasil;76928000;
03545;PF;39063097204;39063097204;;EVA MARTINS DE ALMEIDA SILVA;EVA;;RUA ANGELA DE FATIMA;CASA;CENTRO;0613;RO;Brasil;76928000;LIMETI INICIAL DE 500,00.
03526;PF;01080864296;01080864296;;RUBIANA DORNELLES DE OLIVEIRA;RUBIANA;;RUA LEONELAS;CASA;CENTRO;0613;RO;Brasil;76928000;LIMITE INICIAL R$300,00
03546;PF;07919979285;1836447;;ERICA FERNANDA TEIXEIRA GOMES;ERICA;;RUA VO LUIZA;CASA;SETOR 06;0613;RO;Brasil;76928000;LIMITE INICIAL DE 500,00
03537;PF;06910371240;06910371240;;LEONARDO DA VEIGA ROSA;LEONARDO;;LINHA 24 DA LINHA 31;CASA;ZONA RURAL;0613;RO;Brasil;76928000;LIMITE INICIAL R$300,00
03547;PF;35100290200;381723;;JOVERCINA MARIA SOARES;JOVERCINA;;LINHA 31 KM 20 LOTE 20;CASA;ZONA RURAL;0613;RO;Brasil;76928000;LIMITE INICIAL R$500,00
03548;PF;06799811284;06799811284;;EVELYN RODRIGUES BRAZ;EVELYN;;RUA PROJETADA 1;CASA;CENTRO;0613;RO;Brasil;76928000;LIMITE INICIAL DE 500,00.
03529;PF;70377157279;1513265;;EDSON LIMA DE SOUZA;EDSON LIMA DE SOUZA;;RUA OSVALDO CRUZ;CASA;CENTRO;0613;RO;Brasil;76928000;LIMITE INICIAL R$400,00
03539;PF;05797341298;1698452;;NYCOLLE DANIELLY TEIXEIRA DE SOUZA;NYCOLLE DANIELLY TEIXEIRA DE SOUZA;;RUA ANGELO DE FATIMA;CASA;CENTRO;0613;RO;Brasil;76928000;LIMITE INICIAL R$500,00
03527;PF;07631984204;07631984204;;MARIA VITORIA OLIVEIRA ALVES;MARIA VITORIA OLIVEIRA ALVES;;RUA SERINGUEIRAS;CASA;SUMAUMA;9653;RO;Brasil;78955000;LIMITE INICIAL R$400,00
03528;PF;06658430209;1823878;;VANESSA FERREIRA DA ROCHA;VANESSA;;AVENIDA CANDEIAS;CASA;AREAS ESPECIAIS;6534;RO;Brasil;76870271;LIMITE INICIAL DE 500,00.
03536;PF;06990936274;1694962;;DYENIFFER LAVINIA CORREIA LINDUARDO;LAVINIA;;LINHA 20 KM 09 LT 5A GB 04D;CASA;ZONA RURAL;6547;RO;Brasil;76914899;LIMITE INICIAL R$500,00
03538;PJ;84634336000104;00000000445789;;JOSE CARLOS DA SILVA COMERCIAL;ELETRONICA SAO CARLO;6934210451;RUA ABILIO FREIRE DOS SANTOS;;2 DE ABRIL;6547;RO;Brasil;76900842;
03500;PF;80733891268;428403;;LENIRA KRUGEL BIASUTTI;LENIRA;;RUA DANIEL HERINGER;CASA;CENTRO;0613;RO;Brasil;76928000;
03510;PF;01395207240;1745514;;TAINA SANTOS DA SILVA;TAINA;;RUA LUIZ BORGES;CASA;CENTRO;0613;RO;Brasil;76928000;LIMITE R$500,00
03520;PF;00898943248;1084916;;JOB DE SOUZA TEIXEIRA;JOB DE SOUZA TEIXEIRA;;LINHA 20 DA LINHA 31 LOTE 25 GB 12C;CASA;ZONA RURAL;0613;RO;Brasil;76928000;LIMITE INICIAL R$500,00
03490;PF;05368038208;05368038208;;LUCAS MANOEL DOS SANTOS OLIVEIRA;XUXU;69993116419;RUA VO LUIZA;CASA;CENTRO;0613;RO;Brasil;76928000;limite inicial 700,00
03501;PF;07129868201;07129868201;;ERICK VINÍCIOS SILVA SOUZA;ERICK;;RUA TEMISTÓCLIS XAVIER BARBOSA;CASA;CENTRO;0613;RO;Brasil;76928000;LIMITE INICIAL R$400,00
03511;PF;01095321200;1144660;;NATALIA CRISTINA FREITAS DE OLIVEIRA;NATALIA;;RUA CUSTODIO VITOR;CASA;CENTRO;0613;RO;Brasil;76928000;LIMITE INICIAL DE 500,00
03521;PF;00726259292;1083822;;LEONILSON RODRIGUES SOARES;LEONILSON;;LINHA 24 DA LINHA 31 LT 23 GB12 D;CASA;ZONA RURAL;0613;RO;Brasil;76928000;LIMITE INICIAL R$400,00
03491;PF;06225298207;06225298207;;CARLA TAFANI FERNANDES AZEVEDO;CARLA;;RUA LUIZ BORGES;CASA;SETOR 5 CENTRO;0613;RO;Brasil;76928000;LIMITE INICIAL R$500,00
03502;PF;06818847200;1716513;;SABRINA LIMA ARAUJO;SABRINA;;RUA VÓ LUIZA;CASA;SETOR 06;0613;RO;Brasil;76928000;Limite inicial R$500,00
03512;PF;05046241218;05046241218;;NELITO CEZAR TEIXEIRA NETO;NELITO;;RUA DANIEL HERINGER;CASA;CENTRO;0613;RO;Brasil;76928000;LIMITE INICIAL R$500,00
03522;PF;70568263260;1600370;;AMANDA LOPES DOS SANTOS;AMANDA;;LINHA 31 KM 24 LOTE 25 GLEBA 12D;CASA;ZONA RURAL;0613;RO;Brasil;76928000;LINITE INICIAL DE 500,00
03492;PF;03918681289;1615875;;WANDERSON TOSTA TEIXEIRA;WANDERSON;;LINHA 28 KM 37 LOTE 40 GB 12E;CASA;ZONA RURAL;0613;RO;Brasil;76928000;LIMITE INICIAL R$600,00
03503;PF;06203660280;1605305;;THAIS RAIANE SANTOS GOMES;THAIS RAIANE SANTOS GOMES;;LINHA 16 DA LINHA 31 KM 16 LT 32 GB 8B;CASA;ZONA RURAL;0613;RO;Brasil;76928000;LIMITE INICIAL R$600,00
03513;PF;04156151271;1441169;;DARLEN CASSIA DE MELO GALHERI;DARLEN;;RUA JORGE TEIXEIRA;CASA;CENTRO;0613;RO;Brasil;76928000;LIMITE INICIAL R$500,00
03504;PF;05145433700;197250;;ILZA DE SOUZA FERNANDES;ILZA DE SOUZA FERNANDES;;RUA SANTOS DUMONT;CASA;CENTRO;0613;RO;Brasil;76928000;LIMITE INICIAL R$400,00
03514;PF;77489853249;828775;;DUCILENE FERREIRA SILVA;DUCILENE;;RUA CUSTODIO VITOR;CASA;CENTRO;0613;RO;Brasil;76928000;LIMITE INICIAL DE 500,00
03494;PF;06280322262;06280322262;;LUAN DE SOUZA BUGE;LUAN;;LINHA 24;JIPARANA;ZONA RURAL;0613;RO;Brasil;76928000;LIMITE INICIAL R$400,00
03495;PF;04873650208;1180249;;DIEME CEZAR TEIXEIRA SOUZA;DIEME;;LINHA 20 DA LINHA 31 KM 20 LT 30 GB 8C;CASA;ZONA RURAL;0613;RO;Brasil;76928000;
03506;PF;86351249287;03874048820;;ELTON BERNARDO MOREIRA;ELTON;;LINHA 24 KM 31 GLEBA 8E LOTE14;CASA;ZONA RURAL;0613;RO;Brasil;76928000;LIMITE INICIAL DE 500,00
03496;PF;03252128217;1478424;;CLEIDIANE PAULA ALVES PRADO;CLEIDIANE;;RUA TEMISTOCLIS XAVIER BARBOSA;ESQ COM NV ESPERA-O;CENTRO;0613;RO;Brasil;76928000;LIMITE INICIAL R$400,00
03507;PF;70050854267;1378328;;VIVIANE DOS SANTOS SILVA;VIVIANE;;RUA GENIVALDO JOSE DE SOUZA;CASA;CENTRO;0613;RO;Brasil;76928000;LIMITE INICIAL DE 500,00
03517;PF;04009203285;04009203285;;SABRINA SIQUEIRA DA SILVA GOMES;SABRINA;;LINHA 31 KM 21 GB 12D;CASA;ZONA RURAL;0613;RO;Brasil;76928000;LIMITE INICIAL R$500,00
03497;PF;42143667272;457099;;NAIR DE ARAUJO DIAS;NAIR;;LINHA 31 KM 16 GLEBA 8B LOTE 16;CASA;ZONA RURAL;0613;RO;Brasil;76928000;limte inicial 500,00
03518;PF;45720622268;499480;;MARIA DE FATIMA LUIZ DOS SANTOS;FATIMA;;AVENIDA AFONSO PENA;CASA;CENTRO;0613;RO;Brasil;76928000;APENAS CONDICIONAIS E VENDAS NO BOLETO!!!!!!!!!!
03498;PF;01290569282;01290569282;;JAQUELINE PINTO DE OLIVEIRA;JAQUELINE PINTO DE OLIVEIRA;69992482678;TRAVESSAO 22 LOTE 31 GB 4B;CASA;ZONA RURAL;0613;RO;Brasil;76928000;LIMITE INICIAL R$600,00
03509;PF;04879168246;1554435;;KESSIA PEDRO SILVA DOS ANJOS;KESSIA PEDRO SILVA DOS ANJOS;;RUA VO LUIZA LOTE 01 QUADRA 09;;CENTRO;0613;RO;Brasil;76928000;OBS LIMITE R$ 250,00
03519;PF;06919114283;06919114283;;HUDSON LUCIANO BARBOZA PIO;HUDSON;;LINHA 24 KM 31 LOTE 23 GLEBA 12D;CASA;ZONA RURAL;0613;RO;Brasil;76928000;LIMTE INICIAL DE 500,00
03499;PF;06127635284;1679904;;JOSELAINE DA SILVA PINTO;JOSELAINE DA SILVA PINTO;;RUA LUIZ BORGES;CASA;CENTRO;0613;RO;Brasil;76928000;LIMITE INICIAL R$500,00
03516;PF;59039329249;59039329249;;IVANILTON DE JESUS;IVANILTON DE JESUS;;AVENIDA MOACIR DE PAULA;CASA;SANTISSIMA TRINDADE;9653;RO;Brasil;78955000;LIMITE INICIAL R$300,00
03508;PF;02714319203;02714319203;;HAYKA QUINUPES DA SILVA;HAYKA;;LINHA TN10 LOTE 413 GLEBA 01;CASA;ZONA RURAL;9653;RO;Brasil;76929000;LIMITE INICIAL 500,00
03505;PF;02568939265;09208827900;;ELIQUI VIEIRA DE SOUZA;ELIQUI VIEIRA DE SOUZA;;BAIRRO PARQUE INDUSTRIAL RUA B;;BAIRRO INDUSTRIAL;6536;RO;Brasil;78975000;OBS R$ 500,00
03515;PF;00400488299;1060319;;VAGLIANE DAS GRACAS PEREIRA CORREA;VAGLIANE DAS GRACAS PEREIRA CORREA;;RUA FLORESTO;CASA;JK;6547;RO;Brasil;78960000;LIMITE INICIAL R$500,00
03493;PJ;53947708000110;00000006898505;;M P DA SILVA JUNIOR RELOJOARIA LTDA;SECULUS RELOJOARIA (MAGNUM/CHAMPION);6992674768;AVENIDA MAJOR AMARANTE;;CENTRO (S-01);6564;RO;Brasil;76980152;
03460;PF;70377556211;1862991;;ALINE DE OLIVEIRA GALVANI;ALINE;;RUA PROJETADA;CASA;SETOR 6;0613;RO;Brasil;76928000;LIMITE INICIAL R$300,00
03480;PF;06331826211;1605244;;WILLIAN VIRGILIO DOS SANTOS;WILLIAN VIRGILIO DOS SANTOS;;RUA SANTOS DUMONT;RUA DA CRECHE;CENTRO;0613;RO;Brasil;76928000;limite R$ 600 REAIS
03461;PF;03988585270;1562695;;GLEICIANY VALERIO SIMONATO;GLEICIANE VALERIO SIMONATO;;RODOVIA 31 KM28 GB LT;ZONA RURAL;ZONA RURAL;0613;RO;Brasil;76928000;
03471;PF;78457084291;839624;;GILIARD CASANOVA NEVES;GILIARD CASANOVA NEVES;;RUA PROJETADA;CASA;SETOR 10;0613;RO;Brasil;76928000;LIMITE INICIAL R$500,00
03462;PF;04207820280;04207820280;;DANIEL ÁLISSON CARDOSO COSTA;DANIEL;;LINHA 24 DA LINHA 31 LT 34 GB 12E;CASA;ZONA RURAL;0613;RO;Brasil;76928000;LIMITE REDUZIDO R$200,00
03472;PF;05493191237;1582052;;DANILO MULLER DE SOUZA;DANILO MULLER DE SOUZA;;RUA ANGELA DE FATIMA SANTOS;;CENTRO;0613;RO;Brasil;76928000;OBS R$ 500 REAIS
03482;PF;02351878280;1264346;;FABIANE ANDRADE DA SILVA;FABIANE ANDRADE DA SILVA;;RUA LUIZ BORGES;CASA;SETOR 05;0613;RO;Brasil;76928000;LIMITE BASE R$1.000,00
03463;PF;01535855282;1560952;;GISLAINE NETO VAZ;GISLAINE NETO VAZ;;RUA ANGELA DE FATIMA;;CENTRO;0613;RO;Brasil;76928000;"obs ; limite 500"
03473;PF;04029482201;1421460;;KELLY DALVINA TEODORO DOS SANTOS;KELLY DALVINA TEODORO DOS SANTOS;69992170994;RUA LUIZ BORGES;CASA;CENTRO;0613;RO;Brasil;76928000;LIMITE INICIAL R$500,00
03483;PF;07909093675;1742140;;MIRIANRIOS PRADO AUGUSTO;MIRIAN;;LINHA 28 DA LINHA 31;CASA;ZONA RURAL;0613;RO;Brasil;76928000;
03464;PF;50966570278;706202;;NILZA MARIA ROSA;NILZA;;LINHA FUNDIARIA DA 20 KM 9;CASA;ZONA RURAL;0613;RO;Brasil;76928000;LIMITE R$450,00
03474;PF;42260213200;488382;;EDIR GOMES CHAGAS;EDIR;;LINHA 31 KM 16 LOTE 34 GB 8B;CASA;ZONA RURAL;0613;RO;Brasil;76928000;LIMITE INICIAL R$400,00
03484;PF;08777240758;1716038;;SERGIM FRANCISCO DE AMORIM;SERGIM FRANCISCO DE AMORIM;;RUA SANTINA MONTAVANI;;CENTRO;0613;RO;Brasil;76928000;obs R$ 500
03465;PF;04018487282;1418951;;JEFFERSON BATISTA ROSA;JEFFERSON;;LINHA FUNDIARIA DA 20 KM;CASA;ZONA RURAL;0613;RO;Brasil;76928000;LIMITE INICIAL R$450,00
03475;PF;04833764261;1648646;;FABIANA RODRIGUES DA SILVA;FABIANA RODRIGUES DA SILVA;;LINHA 24 DA LINHA 31 LOTE 11 KM 31 GB8E;CASA;ZONA RURAL;0613;RO;Brasil;76928000;LIMITE DE COMPRAS R$350,00!!
03485;PF;89989716234;000834568;;MARIA PEREIRA DOS SANTOS OLIVEIRA;MARIA PEREIRA DOS SANTOS OLIVEIRA;;LINHA 24 KM 09 GL 4D LOTE 25;;ZONA RURAL;0613;RO;Brasil;76928000;obs limite R$ 500
03456;PF;06347937212;06347937212;;WHATTISON DE JESUS ALMEIDA;WHATTISON DE JESUS ALMEIDA;;RUA BELMIRO ARAUJO;CASA SEM PINTAR;CENTRO;0613;RO;Brasil;76928000;LIMITE R$ 400,00
03466;PF;00265344280;88079;;AQUELANE GAMA FERNANDES DA SILVA;AQUELANE;;LINHA 24 DA LINHA 31 KM 31 LT 03GB 4E;CASA;ZONA RURAL;0613;RO;Brasil;76928000;LIMITE R$600,00
03476;PF;02752704755;1158797;;DILENE CHAGAS DE SOUZA;LENINHA;;RUA TANCREDO NEVES;CASA;CENTRO;0613;RO;Brasil;76928000;LIMITE R$500,00
03457;PF;02014571562;0927030462;;MARIA JOSEFA FERNANDES DE MELO;MARIA;;TRAVESSA 22 LT18 GB8B;CASA;ZONA RURAL;0613;RO;Brasil;76928000;LIMITE INICIAL R$600,00
03467;PF;01312403233;1549057;;IDALICE DA SILVA SANTIAGO;IDALICE;;LH 24 KM 37 LT17 GB12E;CASA;ZONA RURAL;0613;RO;Brasil;76928000;LIMITE INICIAL R$300,00
03477;PF;28971221291;28971221291;;MARIZETHE VIEIRA DOS SANTOS;MARIZETHE;;RUA SÃO JOSE OPERARIO;CASA;CENTRO;0613;RO;Brasil;76928000;
03487;PF;02744358290;1280471;;VANDERLEIA OLIVEIRA DA CUNHA;VANDERLEIA OLIVEIRA DA CUNHA;12677265640;LINHA 31 LOTE 36A GLEBA 8E;CASA;ZONA RURAL;0613;RO;Brasil;76928000;LIMITE INICIAL R$400,00
03458;PF;19732858869;159070522;;ADRIANE APARECIDA FERREIRA;ADRIANE;;LINHA 16 DA LINHA 31 LT4 GB8C;CASA;ZONA RURAL;0613;RO;Brasil;76928000;LIMITE INICIAL R$500,00
03468;PF;06324463230;1605531;;JOYCE CUSTODIO RAMOS DE CARVALHO;JOYCE;;LINHA 32 KM 32 LT 46 GB 12F;CASA;ZONA RURAL;0613;RO;Brasil;76928000;LIMITE INICIAL R$350,00
03478;PF;02953813292;1278709;;HENRRIQUE MARCIEL SANTOS DE SOUZA;HENRRIQUE MARCIEL SANTOS DE SOUZA;;RUA CUSTODIO VITOR;;CENTRO;0613;RO;Brasil;76928000;LIMITE R$ 500,00 TAINÁ ESTÁ AUTORIZADA A COMPRAR!!!
03488;PF;06777324224;1840041;;KAUÃ FREITAS GONÇALVES;KAUÃ;;RUA LUIZ BORGES;CASA;SETOR 05;0613;RO;Brasil;76928000;LIMITE INICIAL R$500,00
03459;PF;05361357200;1760164;;SILMARA FERNANDA ANDRADE CORREA;SILMARA;;LINHA 24 DA LINHA 31 LT 34 GB 12E;CASA;ZONA RURAL;0613;RO;Brasil;76928000;LIMITE INICAL R$800,00
03469;PF;75199165291;814132;;MARIA LUCIA DE JESUS SERAFIM;MARIA LUCIA;;LINHA TN6 GLEBA 01 KM 04;CASA;ZONA RURAL;0613;RO;Brasil;76928000;LIMITE R$400,00
03479;PF;05317419239;1599526;;YASMIM DOS SANTOS LIMA;YASMIM;;RUA PEDIGREE LT 28 QD 05;CASA;CENTRO;0613;RO;Brasil;76928000;
03489;PF;71013571215;748925;;ROSIMEYRE DE SOUZA LACERDA DE OLIVEIRA;ROSIMEYRE DE SOUZA LACERDA DE OLIVEIRA;;LINHA 24 DA LINHA 31 LT 27 GB 12D;CASA;ZONA RURAL;0613;RO;Brasil;76928000;LIMITE INICIAL R$500,00
03481;PF;67261876291;697237;;EULALIA APARECIDA GOMES LEMOS;EULALIA;;AVENIDA SANTINHA MANTOVANI;CASA;SETOR 6;0613;RO;Brasil;76928000;
03486;PF;00894595202;1605499;;ERLAN CALIXTO DO CARMO FRANÇA;ERLAN CALIXTO DO CARMO FRANÇA;;RUA SALVADOR;;SANTA CLARA;6563;RO;Brasil;76857000;PRE-CADASTRO.
03430;PF;05574253283;1584163;;ALINE TEIXERA RUFINO;ALINE TEIXERA RUFINO;;LINHA 24 DA LINHA 31 LT 20;CASA;ZONA RURAL;0613;RO;Brasil;76928000;
03440;PF;05545092293;1523567;;RAFAEL JOHNY TRANQUILINO SILVA;RAFAEL JOHNY TRANQUILINO SILVA;;RUA DAS GARIMPEIROS AP AMA AP3;APARTAMENTO;NOVO URUPA;0613;RO;Brasil;76928000;LIMITE INICIAL R$400,00
03450;PF;42022720210;464601;;SINARIA CRISTINA ARRABAL;SINARIA;;76928000;CASA;CENTRO;0613;RO;Brasil;76928000;APENAS BOLETO OU CONDICIONAIS**
03421;PF;05358920200;1605519;;ALINE FABRICIA SANTANA DE SOUZA;ALINE FABRICIA SANTANA DE SOUZA;;LINHA 24 DA LINHA 31 LOTE 17 GLEBA 12F;CASA;ZONA RURAL;0613;RO;Brasil;76928000;LIMITE INICIAL 400 REAIS
03431;PF;45678278215;45678278215;;MARIA FLORINDA DE OLIVEIRA NEGRINE;MARIA FLORINDA DE OLIVEIRA NEGRINE;69992932648;RUA JORGE TEIXEIRA;;CENTRO;0613;RO;Brasil;78954000;LIMITE INICIAL 600,00.
03451;PF;05171518203;1764101;;YASMIM DE LIMA SILVA;YASMIM DE LIMA SILVA;;AVENIDA AFONÇO PENA;OFICIMA AGROMAQUINAS;CENTRO;0613;RO;Brasil;76928000;LIMITE R$1.000,00
03422;PF;49762389204;3244966;;EDMILSON ALVES DE ASSIS;EDMILSON ALVES DE ASSIS;;LINHA 24 KM 22 LOTE 19 GLEBA 8D;CASA;ZONA RURAL;0613;RO;Brasil;76928000;
03442;PF;04908523274;1605541;;PABULA MILENI REIS DA SILVA;PABULA MILENI REIS DA SILVA;;LINHA 16 DA LINHA 31 LT 25 GB B;CASA;ZONA RURAL;0613;RO;Brasil;76928000;LIMITE INICIAL R$1.000,00
03452;PF;69841632268;000765911;;CREIDE AURICELIA DE OLIVEIRA;CREIDE;;LINHA 20 DA LINHA 31 LT12 GB12D;CASA;ZONA RURAL;0613;RO;Brasil;76928000;LIMITE R$700,00
03423;PF;91056969253;624598;;LURDES DE FATIMA LORENZETTI;LURDES DE FATIMA LORENZETTI;;AVENIDA AFONSO PENA;CASA;CENTRO;0613;RO;Brasil;76928000;LIMITE INICIAL 600 REAIS APOSENTADA
03433;PF;00766789209;1083689;;DIEGO CAETANO OLIVEIRA;DIEGO CAETANO OLIVEIRA;;LH 37 KM 16 LT 29 GB 12B;CASA;ZONA RURAL;0613;RO;Brasil;76928000;LIMITE INICIAL R$800,00
03443;PF;34905022215;380070;;MARIA JULIA DE OLIVEIRA;MARIA JULIA;;RUA VO LUIZA;CASA;CENTRO;0613;RO;Brasil;76928000;LIMITE INICIAL R$300,00
03453;PF;03627526210;1476838;;ERIKA ALENCAR SCOLARO;ERIKA;;LINHA TN22 LT 64 GB 01;CASA;ZONA RURAL;0613;RO;Brasil;76928000;LIMITE INICIAL R$1.000
03424;PF;06769118203;1837676;;MATEUS SANTOS FERREIRA;MATEUS SANTOS FERREIRA;69992068447;LINHA 24 KM 37 LOTE 11 GLEBA12E;;ZONA RURAL;0613;RO;Brasil;78954000;LIMITE INICIAL 500.00
03434;PF;04437388232;1568390;;KAISY RODRIGUES FREIS;KAISY RODRIGUES FREIS;;LINHA 24 DA LINHA 31 KM LT30 GB12D;CASA;ZONA RURAL;0613;RO;Brasil;76928000;LIMITE INICIAL R$600,00
03444;PF;07448822144;6790841;;VERA LUCIA BARROS SIQUEIRA;VERA LUCIA;;RUA TRANQUEDO NEVES;CASA;CENTRO;0613;RO;Brasil;76928000;LIMITE INICIAL R$450,00
03454;PF;04103520205;1428506;;JULIANA MARIA DOS SANTOS DE ABREU;JULIANA;;LINHA 20 DA LINHA 31 LOTE 29;CASA;ZONA RURAL;0613;RO;Brasil;76928000;LIMITE INICIAL R$400,00
03425;PF;05397770213;16404116;;EDILAINE TRESSMAM DA SILVA;EDILAINE TRESSMAM DA SILVA;;KM31 LH 16 LOTE 12 QB 8C;;ZONA RURAL;0613;RO;Brasil;76928000;limite R$ 800,00
03435;PF;01931544204;1345879;;CLEUCIANE CORREIA RIBEIRO;CLEUCIANE CORREIA RIBEIRO;69993304059;RUA PEDIGREE;;CENTRO;0613;RO;Brasil;78954000;LIMITE INICIAL 450.00
03455;PF;76713768253;723230;;MARINETE FERREIRA CARDOSO;MARINETE;69992396010;LINHA 16 DA LINHA 31 LT 29 GB12B;CASA;ZONA RURAL;0613;RO;Brasil;76928000;LIMITE INICIAL R$400,00
03426;PF;07009961255;1658758;;JOSIANE ARAUJO DE OLIVEIRA;JOSIANE ARAUJO DE OLIVEIRA;69993490238;RUA MIGUEL RODRIGUES;;CENTRO;0613;RO;Brasil;78954000;LIMITE INICIAL 500,00.
03446;PF;03225401277;1352895;;ANDRESSA DA SILVA MENDES;ANDRESSA;;RUA DANIEL HERINGER;CASA;CENTRO;0613;RO;Brasil;76928000;LIMITE INICIAL R$600,00
03427;PF;04945132259;1502516;;OSEIAS SANTOS AZEVEDO;OSEIAS SANTOS AZEVEDO;;RUA PROJETADA 3;;CENTRO;0613;RO;Brasil;76928000;LIMITE R$ 600,00
03437;PF;40821412272;398577;;MARIA ELENA FERREIRA DA SILVA;MARIA ELENA FERREIRA DA SILVA;;LINHA 24 DA LINHA 31 LT 27 GB12;CASA;ZONA RURAL;0613;RO;Brasil;76928000;LIMITE INICIAL R$600,00
03428;PF;90553195204;972561;;MONICA MOREIRA OLIVEIRA LEONARDO;MONICA MOREIRA OLIVEIRA LEONARDO;69992185742;RUA JOSE MARTINS;;CENTRO;0613;RO;Brasil;78954000;LIMITE INICIAL 800,00.
03438;PF;53375653204;000968373;;ROSILENE FERREIRADA SILVA;ROSILENE FERREIRADA SILVA;;LINHA 20 DA LINHA 31 GB12C LT22;CASA;ZONA RURAL;0613;RO;Brasil;76928000;LIMITE INICIAL R$500,00
03448;PF;01063977290;1215409;;MARCIO ALVES DA SILVA;MARCIO ALVES DA SILVA;;LH TN10 LOTE 287 GLEBA01;;ZONA RURAL;0613;RO;Brasil;76928000;limite R$ 600
03429;PF;06854066280;23665979;;EVELYN SANTOS SOARES;EVELYN SANTOS SOARES;;LINHA 28 DA LINHA 31 KM 28 LT 32 GB 12E;CASA;ZONA RURAL;0613;RO;Brasil;76928000;LIMITE INICIAL 500 REAIS
03439;PF;60793155215;534158;;LAURA ANDRE DA SILVA TAVARES;LAURA ANDRE DA SILVA TAVARES;;LINHA 24 DA LINHA 31 LT 10 GB 8E;CASA;ZONA RURAL;0613;RO;Brasil;76928000;LIMITE INICIAL R$600,00
03449;PF;68350309253;000960694;;DILEUSA HENRIQUE DE OLIVEIRA;DILEUSA;;RUA LUIZ BORGES;CASA;CENTRO;0613;RO;Brasil;76928000;LIMITE INICIAL R$400,00
03436;PF;99052563268;99052563268;;SIRLENE CELESTE DA SILVA;SIRLENE CELESTE DA SILVA;;LINHA TN6 LOTE 375 GLEBA 1 URUPA;;ZONA RURAL;9653;RO;Brasil;78955000;obs R$ 800,00
03432;PF;04264048230;1816199;;IPOITA PRUDENTE RODRIGUES;IPOITA PRUDENTE RODRIGUES;69999485686;LINHA 12 DO ITAPIREMA LOTE 10 GB4B KM 9;;ZONA RURAL;6547;RO;Brasil;78960000;LIMITE INICIAL 500.00
03441;PF;91388511215;1047478;;REINALDO CORREIA DA SILVA;REINALDO CORREIA DA SILVA;;RUA COLINENSE;;CENTRO;9659;RO;Brasil;78946000;
03185;PJ;01027058000191;666;;CARTAO CIELO CREDITO;CARTAO CIELO CREDITO;;...;...;...;0613;RO;Brasil;78954000;
03184;PJ;01027058000191;55;;CARTAO CIELO DEBITO;CARTAO CIELO DEBITO;;...;...;...;0613;RO;Brasil;78954000;
99997;PJ;04962772000165;333;;CARTAO CREDITO SIPAG;CARTAO SIPAG CREDITO;;...;;...;0613;RO;Brasil;78954000;
99998;PJ;04962772000165;444;;CARTAO DEBITO SIPAG;CARTAO SIPAG DEBITO;;444;;444;0613;RO;Brasil;78954000;
03255;PJ;01425787000104;ISENTO;;CARTAO CREDITO REDE;CARTAO CREDITO REDE;;R TENENTE MAURO DE MIRANDA;BLOCO D 7 ANDAR PARTE;JABAQUARA;8903;SP;Brasil;04345030;
03256;PJ;01425787000104;ISENTO;;CARTAO DEBITO REDE;CARTAO DEBITO REDE;;R TENENTE MAURO DE MIRANDA;BLOCO D 7 ANDAR PARTE;JABAQUARA;8903;SP;Brasil;04345030;
